2024-09-12 11:18:14:953	Init	#########################################	frmMain.frmMain_Load
2024-09-12 11:18:16:339	Init	เริ่มต้นการทำงานของโปรแกรม . . .	frmMain.frmMain_Load
2024-09-12 11:18:18:195	Init	Auto connection . 	frmMain.frmMain_Load
2024-09-12 11:18:20:072	Init	เริ่มต้นการเชื่อมต่อกับ Server . . . 	frmMain.frmMain_Load
2024-09-12 11:18:21:719	Status	เริ่มต้นการทำงานดึงข้อมูล . . .	frmMain.BgwGetMiddle_DoWork
2024-09-12 11:18:23:542	EVENT	Count prescription: 4	cls_getmiddletosecuill.GetDataMidle()
2024-09-12 11:18:30:936	ERROR	A network-related or instance-specific error occurred while establishing a connection to SQL Server. The server was not found or was not accessible. Verify that the instance name is correct and that SQL Server is configured to allow remote connections. (provider: SQL Network Interfaces, error: 26 - Error Locating Server/Instance Specified)	 (cls_condbserver.ExecuteNonQuery())
2024-09-12 11:19:56:346	Init	#########################################	frmMain.frmMain_Load
2024-09-12 11:19:57:966	Init	เริ่มต้นการทำงานของโปรแกรม . . .	frmMain.frmMain_Load
2024-09-12 11:19:59:807	Init	Auto connection . 	frmMain.frmMain_Load
2024-09-12 11:20:01:700	Init	เริ่มต้นการเชื่อมต่อกับ Server . . . 	frmMain.frmMain_Load
2024-09-12 11:20:04:653	EVENT	Count prescription: 4	cls_getmiddletosecuill.GetDataMidle()
2024-09-12 11:20:07:048	Status	เริ่มต้นการทำงานดึงข้อมูล . . .	frmMain.BgwGetMiddle_DoWork
2024-09-12 11:21:02:820	Init	#########################################	frmMain.frmMain_Load
2024-09-12 11:21:04:321	Init	เริ่มต้นการทำงานของโปรแกรม . . .	frmMain.frmMain_Load
2024-09-12 11:21:06:164	Init	Auto connection . 	frmMain.frmMain_Load
2024-09-12 11:21:08:052	Init	เริ่มต้นการเชื่อมต่อกับ Server . . . 	frmMain.frmMain_Load
2024-09-12 11:21:13:740	EVENT	Count prescription: 4	cls_getmiddletosecuill.GetDataMidle()
2024-09-12 11:21:31:105	Status	เริ่มต้นการทำงานดึงข้อมูล . . .	frmMain.BgwGetMiddle_DoWork
2024-09-12 11:21:31:106	ERROR	A network-related or instance-specific error occurred while establishing a connection to SQL Server. The server was not found or was not accessible. Verify that the instance name is correct and that SQL Server is configured to allow remote connections. (provider: SQL Network Interfaces, error: 26 - Error Locating Server/Instance Specified)	 (cls_condbserver.ExecuteNonQuery())
2024-09-12 11:23:02:183	Init	#########################################	frmMain.frmMain_Load
2024-09-12 11:23:03:653	Init	เริ่มต้นการทำงานของโปรแกรม . . .	frmMain.frmMain_Load
2024-09-12 11:23:05:498	Init	Auto connection . 	frmMain.frmMain_Load
2024-09-12 11:23:07:380	Init	เริ่มต้นการเชื่อมต่อกับ Server . . . 	frmMain.frmMain_Load
2024-09-12 11:23:08:896	EVENT	Count prescription: 4	cls_getmiddletosecuill.GetDataMidle()
2024-09-12 11:24:28:615	ERROR	Index and length must refer to a location within the string.
Parameter name: length	cls_middleObject.GenObjectMiddle()
2024-09-12 11:24:28:654	ERROR	A network-related or instance-specific error occurred while establishing a connection to SQL Server. The server was not found or was not accessible. Verify that the instance name is correct and that SQL Server is configured to allow remote connections. (provider: SQL Network Interfaces, error: 26 - Error Locating Server/Instance Specified)	 (cls_condbserver.ExecuteNonQuery())
2024-09-12 11:24:34:630	Init	#########################################	frmMain.frmMain_Load
2024-09-12 11:24:36:010	Init	เริ่มต้นการทำงานของโปรแกรม . . .	frmMain.frmMain_Load
2024-09-12 11:24:37:860	Init	Auto connection . 	frmMain.frmMain_Load
2024-09-12 11:24:39:736	Init	เริ่มต้นการเชื่อมต่อกับ Server . . . 	frmMain.frmMain_Load
2024-09-12 11:24:41:330	EVENT	Count prescription: 4	cls_getmiddletosecuill.GetDataMidle()
2024-09-12 11:24:41:338	Status	เริ่มต้นการทำงานดึงข้อมูล . . .	frmMain.BgwGetMiddle_DoWork
2024-09-12 11:27:20:361	Init	#########################################	frmMain.frmMain_Load
2024-09-12 11:27:21:766	Init	เริ่มต้นการทำงานของโปรแกรม . . .	frmMain.frmMain_Load
2024-09-12 11:27:23:612	Init	Auto connection . 	frmMain.frmMain_Load
2024-09-12 11:27:25:491	Init	เริ่มต้นการเชื่อมต่อกับ Server . . . 	frmMain.frmMain_Load
2024-09-12 11:27:27:023	EVENT	Count prescription: 4	cls_getmiddletosecuill.GetDataMidle()
2024-09-12 11:27:31:686	Status	เริ่มต้นการทำงานดึงข้อมูล . . .	frmMain.BgwGetMiddle_DoWork
2024-09-12 11:28:02:269	Init	#########################################	frmMain.frmMain_Load
2024-09-12 11:28:03:622	Init	เริ่มต้นการทำงานของโปรแกรม . . .	frmMain.frmMain_Load
2024-09-12 11:28:05:466	Init	Auto connection . 	frmMain.frmMain_Load
2024-09-12 11:28:07:349	Init	เริ่มต้นการเชื่อมต่อกับ Server . . . 	frmMain.frmMain_Load
2024-09-12 11:28:08:930	Status	เริ่มต้นการทำงานดึงข้อมูล . . .	frmMain.BgwGetMiddle_DoWork
2024-09-12 11:28:08:970	EVENT	Count prescription: 4	cls_getmiddletosecuill.GetDataMidle()
2024-09-12 11:28:31:203	Init	#########################################	frmMain.frmMain_Load
2024-09-12 11:28:32:602	Init	เริ่มต้นการทำงานของโปรแกรม . . .	frmMain.frmMain_Load
2024-09-12 11:28:34:450	Init	Auto connection . 	frmMain.frmMain_Load
2024-09-12 11:28:36:328	Init	เริ่มต้นการเชื่อมต่อกับ Server . . . 	frmMain.frmMain_Load
2024-09-12 11:28:37:905	EVENT	Count prescription: 4	cls_getmiddletosecuill.GetDataMidle()
2024-09-12 11:33:11:514	Init	#########################################	frmMain.frmMain_Load
2024-09-12 11:33:12:949	Init	เริ่มต้นการทำงานของโปรแกรม . . .	frmMain.frmMain_Load
2024-09-12 11:33:14:797	Init	Auto connection . 	frmMain.frmMain_Load
2024-09-12 11:33:16:671	Init	เริ่มต้นการเชื่อมต่อกับ Server . . . 	frmMain.frmMain_Load
2024-09-12 11:33:18:287	EVENT	Count prescription: 4	cls_getmiddletosecuill.GetDataMidle()
2024-09-12 11:33:18:293	Status	เริ่มต้นการทำงานดึงข้อมูล . . .	frmMain.BgwGetMiddle_DoWork
2024-09-12 11:33:47:402	Init	#########################################	frmMain.frmMain_Load
2024-09-12 11:33:48:796	Init	เริ่มต้นการทำงานของโปรแกรม . . .	frmMain.frmMain_Load
2024-09-12 11:33:50:649	Init	Auto connection . 	frmMain.frmMain_Load
2024-09-12 11:33:52:527	Init	เริ่มต้นการเชื่อมต่อกับ Server . . . 	frmMain.frmMain_Load
2024-09-12 11:33:54:171	EVENT	Count prescription: 4	cls_getmiddletosecuill.GetDataMidle()
2024-09-12 11:33:55:858	Status	เริ่มต้นการทำงานดึงข้อมูล . . .	frmMain.BgwGetMiddle_DoWork
2024-09-12 11:34:15:222	Init	#########################################	frmMain.frmMain_Load
2024-09-12 11:34:16:521	Init	เริ่มต้นการทำงานของโปรแกรม . . .	frmMain.frmMain_Load
2024-09-12 11:34:18:381	Init	Auto connection . 	frmMain.frmMain_Load
2024-09-12 11:34:20:253	Init	เริ่มต้นการเชื่อมต่อกับ Server . . . 	frmMain.frmMain_Load
2024-09-12 11:34:21:921	EVENT	Count prescription: 4	cls_getmiddletosecuill.GetDataMidle()
2024-09-12 11:34:48:808	Init	#########################################	frmMain.frmMain_Load
2024-09-12 11:34:50:311	Init	เริ่มต้นการทำงานของโปรแกรม . . .	frmMain.frmMain_Load
2024-09-12 11:34:52:158	Init	Auto connection . 	frmMain.frmMain_Load
2024-09-12 11:34:54:040	Init	เริ่มต้นการเชื่อมต่อกับ Server . . . 	frmMain.frmMain_Load
2024-09-12 11:34:55:556	EVENT	Count prescription: 4	cls_getmiddletosecuill.GetDataMidle()
2024-09-12 11:34:58:711	Status	เริ่มต้นการทำงานดึงข้อมูล . . .	frmMain.BgwGetMiddle_DoWork
2024-09-12 11:35:12:485	Init	#########################################	frmMain.frmMain_Load
2024-09-12 11:35:14:065	Init	เริ่มต้นการทำงานของโปรแกรม . . .	frmMain.frmMain_Load
2024-09-12 11:35:15:915	Init	Auto connection . 	frmMain.frmMain_Load
2024-09-12 11:35:17:795	Init	เริ่มต้นการเชื่อมต่อกับ Server . . . 	frmMain.frmMain_Load
2024-09-12 11:35:19:193	EVENT	Count prescription: 4	cls_getmiddletosecuill.GetDataMidle()
2024-09-12 11:36:01:064	Init	#########################################	frmMain.frmMain_Load
2024-09-12 11:36:02:475	Init	เริ่มต้นการทำงานของโปรแกรม . . .	frmMain.frmMain_Load
2024-09-12 11:36:04:323	Init	Auto connection . 	frmMain.frmMain_Load
2024-09-12 11:36:06:200	Init	เริ่มต้นการเชื่อมต่อกับ Server . . . 	frmMain.frmMain_Load
2024-09-12 11:36:07:781	EVENT	Count prescription: 4	cls_getmiddletosecuill.GetDataMidle()
2024-09-12 11:36:25:984	ERROR	A network-related or instance-specific error occurred while establishing a connection to SQL Server. The server was not found or was not accessible. Verify that the instance name is correct and that SQL Server is configured to allow remote connections. (provider: SQL Network Interfaces, error: 26 - Error Locating Server/Instance Specified)	 (cls_condbserver.ExecuteNonQuery())
2024-09-12 11:37:01:170	Status	เริ่มต้นการทำงานดึงข้อมูล . . .	frmMain.BgwGetMiddle_DoWork
2024-09-12 11:37:07:439	Elergy	 67006251, 
2024-09-12 11:37:17:408	Status	เชื่อมต่อ Middle สำเร็จ	frmMain.CheckConnectMiddleAndSecuill
2024-09-12 11:37:19:291	Status	เชื่อมต่อ Secuill สำเร็จ	frmMain.CheckConnectMiddleAndSecuill
2024-09-12 11:37:21:167	Process	ข้อมูล Middle 4 Rows	frmMain.BgwGetMiddle_DoWork
2024-09-12 11:37:23:080	_Error	Cannot insert the value NULL into column 'drugallergy_id', table 'SECUILL_V5_TU.dbo.M_PatientDrugAllergy'; column does not allow nulls. INSERT fails.
The statement has been terminated.	cls_condbsecuill.ExecuteNonQuery
2024-09-12 11:39:47:100	Init	#########################################	frmMain.frmMain_Load
2024-09-12 11:39:48:546	Init	เริ่มต้นการทำงานของโปรแกรม . . .	frmMain.frmMain_Load
2024-09-12 11:39:50:401	Init	Auto connection . 	frmMain.frmMain_Load
2024-09-12 11:39:52:283	Init	เริ่มต้นการเชื่อมต่อกับ Server . . . 	frmMain.frmMain_Load
2024-09-12 11:39:53:783	EVENT	Count prescription: 6	cls_getmiddletosecuill.GetDataMidle()
2024-09-12 11:40:02:040	Status	เริ่มต้นการทำงานดึงข้อมูล . . .	frmMain.BgwGetMiddle_DoWork
2024-09-12 11:40:05:646	ERROR	A network-related or instance-specific error occurred while establishing a connection to SQL Server. The server was not found or was not accessible. Verify that the instance name is correct and that SQL Server is configured to allow remote connections. (provider: SQL Network Interfaces, error: 26 - Error Locating Server/Instance Specified)	 (cls_condbserver.ExecuteNonQuery())
2024-09-12 11:40:23:635	Elergy	 65009365, 
2024-09-12 11:44:35:360	Init	#########################################	frmMain.frmMain_Load
2024-09-12 11:44:36:619	Init	เริ่มต้นการทำงานของโปรแกรม . . .	frmMain.frmMain_Load
2024-09-12 11:44:38:463	Init	Auto connection . 	frmMain.frmMain_Load
2024-09-12 11:44:40:341	Init	เริ่มต้นการเชื่อมต่อกับ Server . . . 	frmMain.frmMain_Load
2024-09-12 11:44:42:071	EVENT	Count prescription: 6	cls_getmiddletosecuill.GetDataMidle()
2024-09-12 11:44:42:092	Status	เริ่มต้นการทำงานดึงข้อมูล . . .	frmMain.BgwGetMiddle_DoWork
2024-09-12 11:44:42:261	Elergy	 65009365, 
2024-09-12 11:45:14:124	ERROR	A network-related or instance-specific error occurred while establishing a connection to SQL Server. The server was not found or was not accessible. Verify that the instance name is correct and that SQL Server is configured to allow remote connections. (provider: SQL Network Interfaces, error: 26 - Error Locating Server/Instance Specified)	 (cls_condbserver.ExecuteNonQuery())
2024-09-12 11:49:48:437	Init	#########################################	frmMain.frmMain_Load
2024-09-12 11:49:49:855	Init	เริ่มต้นการทำงานของโปรแกรม . . .	frmMain.frmMain_Load
2024-09-12 11:49:51:708	Init	Auto connection . 	frmMain.frmMain_Load
2024-09-12 11:49:53:581	Init	เริ่มต้นการเชื่อมต่อกับ Server . . . 	frmMain.frmMain_Load
2024-09-12 11:49:55:162	EVENT	Count prescription: 6	cls_getmiddletosecuill.GetDataMidle()
2024-09-12 11:49:55:230	Status	เริ่มต้นการทำงานดึงข้อมูล . . .	frmMain.BgwGetMiddle_DoWork
2024-09-12 11:49:55:362	Elergy	 65009365, 
2024-09-12 11:50:08:451	ERROR	A network-related or instance-specific error occurred while establishing a connection to SQL Server. The server was not found or was not accessible. Verify that the instance name is correct and that SQL Server is configured to allow remote connections. (provider: SQL Network Interfaces, error: 26 - Error Locating Server/Instance Specified)	 (cls_condbserver.ExecuteNonQuery())
2024-09-12 11:50:15:928	Elergy	 65009365, 
2024-09-12 11:50:18:455	Elergy	 67006251, 
2024-09-12 11:50:19:631	Status	เชื่อมต่อ Middle สำเร็จ	frmMain.CheckConnectMiddleAndSecuill
2024-09-12 11:50:19:896	Elergy	 65002432, 
2024-09-12 11:50:20:263	Elergy	 67005336, 
2024-09-12 11:50:20:607	Status	เชื่อมต่อ Secuill สำเร็จ	frmMain.CheckConnectMiddleAndSecuill
2024-09-12 11:50:20:633	Elergy	 67002591, 
2024-09-12 11:50:20:889	ERROR	Login failed for user 'sa'.	md.Fill()
2024-09-12 11:50:21:447	Process	ข้อมูล Middle 6 Rows	frmMain.BgwGetMiddle_DoWork
2024-09-12 11:50:22:318	_Error	Cannot insert the value NULL into column 'drugallergy_id', table 'SECUILL_V5_TU.dbo.M_PatientDrugAllergy'; column does not allow nulls. INSERT fails.
The statement has been terminated.	cls_condbsecuill.ExecuteNonQuery
2024-09-12 11:50:23:222	_Error	Invalid column name 'f_doctorcode'.
Invalid column name 'f_doctorname'.	cls_condbsecuill.ExecuteNonQuery
2024-09-12 11:50:24:830	_Error	Cannot insert the value NULL into column 'drugallergy_id', table 'SECUILL_V5_TU.dbo.M_PatientDrugAllergy'; column does not allow nulls. INSERT fails.
The statement has been terminated.	cls_condbsecuill.ExecuteNonQuery
2024-09-12 11:50:26:463	_Error	Invalid column name 'f_doctorcode'.
Invalid column name 'f_doctorname'.	cls_condbsecuill.ExecuteNonQuery
2024-09-12 11:50:28:139	_Error	Cannot insert the value NULL into column 'drugallergy_id', table 'SECUILL_V5_TU.dbo.M_PatientDrugAllergy'; column does not allow nulls. INSERT fails.
The statement has been terminated.	cls_condbsecuill.ExecuteNonQuery
2024-09-12 11:50:29:833	_Error	Invalid column name 'f_doctorcode'.
Invalid column name 'f_doctorname'.	cls_condbsecuill.ExecuteNonQuery
2024-09-12 11:50:31:602	_Error	Cannot insert the value NULL into column 'drugallergy_id', table 'SECUILL_V5_TU.dbo.M_PatientDrugAllergy'; column does not allow nulls. INSERT fails.
The statement has been terminated.	cls_condbsecuill.ExecuteNonQuery
2024-09-12 11:50:33:500	_Error	Invalid column name 'f_doctorcode'.
Invalid column name 'f_doctorname'.	cls_condbsecuill.ExecuteNonQuery
2024-09-12 11:50:35:490	ERROR	A network-related or instance-specific error occurred while establishing a connection to SQL Server. The server was not found or was not accessible. Verify that the instance name is correct and that SQL Server is configured to allow remote connections. (provider: SQL Network Interfaces, error: 26 - Error Locating Server/Instance Specified)	 (cls_condbserver.ExecuteNonQuery())
2024-09-12 11:50:35:502	ERROR	A network-related or instance-specific error occurred while establishing a connection to SQL Server. The server was not found or was not accessible. Verify that the instance name is correct and that SQL Server is configured to allow remote connections. (provider: SQL Network Interfaces, error: 26 - Error Locating Server/Instance Specified)	 (cls_condbserver.ExecuteNonQuery())
2024-09-12 11:50:35:853	_Error	Cannot insert the value NULL into column 'drugallergy_id', table 'SECUILL_V5_TU.dbo.M_PatientDrugAllergy'; column does not allow nulls. INSERT fails.
The statement has been terminated.	cls_condbsecuill.ExecuteNonQuery
2024-09-12 11:50:39:079	_Error	Invalid column name 'f_doctorcode'.
Invalid column name 'f_doctorname'.	cls_condbsecuill.ExecuteNonQuery
2024-09-12 11:50:42:331	_Error	Cannot insert the value NULL into column 'drugallergy_id', table 'SECUILL_V5_TU.dbo.M_PatientDrugAllergy'; column does not allow nulls. INSERT fails.
The statement has been terminated.	cls_condbsecuill.ExecuteNonQuery
2024-09-12 11:50:45:617	_Error	Invalid column name 'f_doctorcode'.
Invalid column name 'f_doctorname'.	cls_condbsecuill.ExecuteNonQuery
2024-09-12 11:51:45:791	ERROR	A network-related or instance-specific error occurred while establishing a connection to SQL Server. The server was not found or was not accessible. Verify that the instance name is correct and that SQL Server is configured to allow remote connections. (provider: SQL Network Interfaces, error: 26 - Error Locating Server/Instance Specified)	 (cls_condbserver.ExecuteNonQuery())
2024-09-12 11:52:46:013	ERROR	A network-related or instance-specific error occurred while establishing a connection to SQL Server. The server was not found or was not accessible. Verify that the instance name is correct and that SQL Server is configured to allow remote connections. (provider: SQL Network Interfaces, error: 26 - Error Locating Server/Instance Specified)	 (cls_condbserver.ExecuteNonQuery())
2024-09-12 11:53:46:206	ERROR	A network-related or instance-specific error occurred while establishing a connection to SQL Server. The server was not found or was not accessible. Verify that the instance name is correct and that SQL Server is configured to allow remote connections. (provider: SQL Network Interfaces, error: 26 - Error Locating Server/Instance Specified)	 (cls_condbserver.ExecuteNonQuery())
2024-09-12 11:54:31:780	ERROR	A network-related or instance-specific error occurred while establishing a connection to SQL Server. The server was not found or was not accessible. Verify that the instance name is correct and that SQL Server is configured to allow remote connections. (provider: SQL Network Interfaces, error: 26 - Error Locating Server/Instance Specified)	 (cls_condbserver.ExecuteNonQuery())
2024-09-12 11:55:46:676	ERROR	A network-related or instance-specific error occurred while establishing a connection to SQL Server. The server was not found or was not accessible. Verify that the instance name is correct and that SQL Server is configured to allow remote connections. (provider: SQL Network Interfaces, error: 26 - Error Locating Server/Instance Specified)	 (cls_condbserver.ExecuteNonQuery())
2024-09-12 11:56:25:236	Init	#########################################	frmMain.frmMain_Load
2024-09-12 11:56:26:712	Init	เริ่มต้นการทำงานของโปรแกรม . . .	frmMain.frmMain_Load
2024-09-12 11:56:28:569	Init	Auto connection . 	frmMain.frmMain_Load
2024-09-12 11:56:30:455	Init	เริ่มต้นการเชื่อมต่อกับ Server . . . 	frmMain.frmMain_Load
2024-09-12 11:56:31:965	EVENT	Count prescription: 6	cls_getmiddletosecuill.GetDataMidle()
2024-09-12 11:57:08:882	ERROR	A network-related or instance-specific error occurred while establishing a connection to SQL Server. The server was not found or was not accessible. Verify that the instance name is correct and that SQL Server is configured to allow remote connections. (provider: SQL Network Interfaces, error: 26 - Error Locating Server/Instance Specified)	 (cls_condbserver.ExecuteNonQuery())
2024-09-12 11:57:33:229	Status	เริ่มต้นการทำงานดึงข้อมูล . . .	frmMain.BgwGetMiddle_DoWork
2024-09-12 11:57:46:390	Elergy	 65009365, 
2024-09-12 12:04:54:600	Init	#########################################	frmMain.frmMain_Load
2024-09-12 12:04:56:131	Init	เริ่มต้นการทำงานของโปรแกรม . . .	frmMain.frmMain_Load
2024-09-12 12:04:57:980	Init	Auto connection . 	frmMain.frmMain_Load
2024-09-12 12:04:59:861	Init	เริ่มต้นการเชื่อมต่อกับ Server . . . 	frmMain.frmMain_Load
2024-09-12 12:05:01:275	EVENT	Count prescription: 6	cls_getmiddletosecuill.GetDataMidle()
2024-09-12 12:05:05:629	Status	เริ่มต้นการทำงานดึงข้อมูล . . .	frmMain.BgwGetMiddle_DoWork
2024-09-12 12:05:05:682	Elergy	 65009365, 
2024-09-12 12:05:10:187	Elergy	 65009365, 
2024-09-12 12:05:10:548	Elergy	 67006251, 
2024-09-12 12:05:10:602	Status	เชื่อมต่อ Middle สำเร็จ	frmMain.CheckConnectMiddleAndSecuill
2024-09-12 12:05:10:905	ERROR	A network-related or instance-specific error occurred while establishing a connection to SQL Server. The server was not found or was not accessible. Verify that the instance name is correct and that SQL Server is configured to allow remote connections. (provider: SQL Network Interfaces, error: 26 - Error Locating Server/Instance Specified)	 (cls_condbserver.ExecuteNonQuery())
2024-09-12 12:05:10:926	Elergy	 65002432, 
2024-09-12 12:05:11:299	Elergy	 67005336, 
2024-09-12 12:05:11:621	Status	เชื่อมต่อ Secuill สำเร็จ	frmMain.CheckConnectMiddleAndSecuill
2024-09-12 12:05:11:708	Elergy	 67002591, 
2024-09-12 12:05:11:917	ERROR	A network-related or instance-specific error occurred while establishing a connection to SQL Server. The server was not found or was not accessible. Verify that the instance name is correct and that SQL Server is configured to allow remote connections. (provider: SQL Network Interfaces, error: 26 - Error Locating Server/Instance Specified)	 (cls_condbserver.ExecuteNonQuery())
2024-09-12 12:05:11:950	ERROR	Login failed for user 'sa'.	md.Fill()
2024-09-12 12:05:12:482	Process	ข้อมูล Middle 6 Rows	frmMain.BgwGetMiddle_DoWork
2024-09-12 12:05:13:350	_Error	Cannot insert the value NULL into column 'drugallergy_id', table 'SECUILL_V5_TU.dbo.M_PatientDrugAllergy'; column does not allow nulls. INSERT fails.
The statement has been terminated.	cls_condbsecuill.ExecuteNonQuery
2024-09-12 12:05:14:240	_Error	String or binary data would be truncated.	cls_condbsecuill.ExecuteNonQuery
2024-09-12 12:05:15:153	_Error	Cannot insert the value NULL into column 'drugallergy_id', table 'SECUILL_V5_TU.dbo.M_PatientDrugAllergy'; column does not allow nulls. INSERT fails.
The statement has been terminated.	cls_condbsecuill.ExecuteNonQuery
2024-09-12 12:05:16:108	_Error	String or binary data would be truncated.	cls_condbsecuill.ExecuteNonQuery
2024-09-12 12:05:17:087	_Error	Cannot insert the value NULL into column 'drugallergy_id', table 'SECUILL_V5_TU.dbo.M_PatientDrugAllergy'; column does not allow nulls. INSERT fails.
The statement has been terminated.	cls_condbsecuill.ExecuteNonQuery
2024-09-12 12:05:18:099	_Error	String or binary data would be truncated.	cls_condbsecuill.ExecuteNonQuery
2024-09-12 12:05:19:170	_Error	Cannot insert the value NULL into column 'drugallergy_id', table 'SECUILL_V5_TU.dbo.M_PatientDrugAllergy'; column does not allow nulls. INSERT fails.
The statement has been terminated.	cls_condbsecuill.ExecuteNonQuery
2024-09-12 12:05:20:303	_Error	String or binary data would be truncated.	cls_condbsecuill.ExecuteNonQuery
2024-09-12 12:05:21:869	_Error	Cannot insert the value NULL into column 'drugallergy_id', table 'SECUILL_V5_TU.dbo.M_PatientDrugAllergy'; column does not allow nulls. INSERT fails.
The statement has been terminated.	cls_condbsecuill.ExecuteNonQuery
2024-09-12 12:05:23:712	_Error	String or binary data would be truncated.	cls_condbsecuill.ExecuteNonQuery
2024-09-12 12:05:25:585	_Error	Cannot insert the value NULL into column 'drugallergy_id', table 'SECUILL_V5_TU.dbo.M_PatientDrugAllergy'; column does not allow nulls. INSERT fails.
The statement has been terminated.	cls_condbsecuill.ExecuteNonQuery
2024-09-12 12:05:27:502	_Error	String or binary data would be truncated.	cls_condbsecuill.ExecuteNonQuery
2024-09-12 12:05:36:611	ERROR	A network-related or instance-specific error occurred while establishing a connection to SQL Server. The server was not found or was not accessible. Verify that the instance name is correct and that SQL Server is configured to allow remote connections. (provider: SQL Network Interfaces, error: 26 - Error Locating Server/Instance Specified)	 (cls_condbserver.ExecuteNonQuery())
2024-09-12 12:06:36:807	ERROR	A network-related or instance-specific error occurred while establishing a connection to SQL Server. The server was not found or was not accessible. Verify that the instance name is correct and that SQL Server is configured to allow remote connections. (provider: SQL Network Interfaces, error: 26 - Error Locating Server/Instance Specified)	 (cls_condbserver.ExecuteNonQuery())
2024-09-12 12:07:37:081	ERROR	A network-related or instance-specific error occurred while establishing a connection to SQL Server. The server was not found or was not accessible. Verify that the instance name is correct and that SQL Server is configured to allow remote connections. (provider: SQL Network Interfaces, error: 26 - Error Locating Server/Instance Specified)	 (cls_condbserver.ExecuteNonQuery())
2024-09-12 12:08:37:280	ERROR	A network-related or instance-specific error occurred while establishing a connection to SQL Server. The server was not found or was not accessible. Verify that the instance name is correct and that SQL Server is configured to allow remote connections. (provider: SQL Network Interfaces, error: 26 - Error Locating Server/Instance Specified)	 (cls_condbserver.ExecuteNonQuery())
2024-09-12 12:09:22:840	ERROR	A network-related or instance-specific error occurred while establishing a connection to SQL Server. The server was not found or was not accessible. Verify that the instance name is correct and that SQL Server is configured to allow remote connections. (provider: SQL Network Interfaces, error: 26 - Error Locating Server/Instance Specified)	 (cls_condbserver.ExecuteNonQuery())
2024-09-12 12:10:37:742	ERROR	A network-related or instance-specific error occurred while establishing a connection to SQL Server. The server was not found or was not accessible. Verify that the instance name is correct and that SQL Server is configured to allow remote connections. (provider: SQL Network Interfaces, error: 26 - Error Locating Server/Instance Specified)	 (cls_condbserver.ExecuteNonQuery())
2024-09-12 12:11:37:909	ERROR	A network-related or instance-specific error occurred while establishing a connection to SQL Server. The server was not found or was not accessible. Verify that the instance name is correct and that SQL Server is configured to allow remote connections. (provider: SQL Network Interfaces, error: 26 - Error Locating Server/Instance Specified)	 (cls_condbserver.ExecuteNonQuery())
2024-09-12 12:12:38:134	ERROR	A network-related or instance-specific error occurred while establishing a connection to SQL Server. The server was not found or was not accessible. Verify that the instance name is correct and that SQL Server is configured to allow remote connections. (provider: SQL Network Interfaces, error: 26 - Error Locating Server/Instance Specified)	 (cls_condbserver.ExecuteNonQuery())
2024-09-12 12:13:38:327	ERROR	A network-related or instance-specific error occurred while establishing a connection to SQL Server. The server was not found or was not accessible. Verify that the instance name is correct and that SQL Server is configured to allow remote connections. (provider: SQL Network Interfaces, error: 26 - Error Locating Server/Instance Specified)	 (cls_condbserver.ExecuteNonQuery())
2024-09-12 12:14:38:474	ERROR	A network-related or instance-specific error occurred while establishing a connection to SQL Server. The server was not found or was not accessible. Verify that the instance name is correct and that SQL Server is configured to allow remote connections. (provider: SQL Network Interfaces, error: 26 - Error Locating Server/Instance Specified)	 (cls_condbserver.ExecuteNonQuery())
2024-09-12 12:15:38:698	ERROR	A network-related or instance-specific error occurred while establishing a connection to SQL Server. The server was not found or was not accessible. Verify that the instance name is correct and that SQL Server is configured to allow remote connections. (provider: SQL Network Interfaces, error: 26 - Error Locating Server/Instance Specified)	 (cls_condbserver.ExecuteNonQuery())
2024-09-12 12:16:38:887	ERROR	A network-related or instance-specific error occurred while establishing a connection to SQL Server. The server was not found or was not accessible. Verify that the instance name is correct and that SQL Server is configured to allow remote connections. (provider: SQL Network Interfaces, error: 26 - Error Locating Server/Instance Specified)	 (cls_condbserver.ExecuteNonQuery())
2024-09-12 12:17:39:124	ERROR	A network-related or instance-specific error occurred while establishing a connection to SQL Server. The server was not found or was not accessible. Verify that the instance name is correct and that SQL Server is configured to allow remote connections. (provider: SQL Network Interfaces, error: 26 - Error Locating Server/Instance Specified)	 (cls_condbserver.ExecuteNonQuery())
2024-09-12 12:18:39:299	ERROR	A network-related or instance-specific error occurred while establishing a connection to SQL Server. The server was not found or was not accessible. Verify that the instance name is correct and that SQL Server is configured to allow remote connections. (provider: SQL Network Interfaces, error: 26 - Error Locating Server/Instance Specified)	 (cls_condbserver.ExecuteNonQuery())
2024-09-12 12:19:39:511	ERROR	A network-related or instance-specific error occurred while establishing a connection to SQL Server. The server was not found or was not accessible. Verify that the instance name is correct and that SQL Server is configured to allow remote connections. (provider: SQL Network Interfaces, error: 26 - Error Locating Server/Instance Specified)	 (cls_condbserver.ExecuteNonQuery())
2024-09-12 12:20:39:715	ERROR	A network-related or instance-specific error occurred while establishing a connection to SQL Server. The server was not found or was not accessible. Verify that the instance name is correct and that SQL Server is configured to allow remote connections. (provider: SQL Network Interfaces, error: 26 - Error Locating Server/Instance Specified)	 (cls_condbserver.ExecuteNonQuery())
2024-09-12 12:21:08:967	Init	#########################################	frmMain.frmMain_Load
2024-09-12 12:21:10:514	Init	เริ่มต้นการทำงานของโปรแกรม . . .	frmMain.frmMain_Load
2024-09-12 12:21:12:355	Init	Auto connection . 	frmMain.frmMain_Load
2024-09-12 12:21:14:235	Init	เริ่มต้นการเชื่อมต่อกับ Server . . . 	frmMain.frmMain_Load
2024-09-12 12:21:15:220	ERROR	Login failed for user 'sa'.	md.Fill()
2024-09-12 12:21:16:117	Status	เริ่มต้นการทำงานดึงข้อมูล . . .	frmMain.BgwGetMiddle_DoWork
2024-09-12 12:21:17:992	Status	เชื่อมต่อ Middle สำเร็จ	frmMain.CheckConnectMiddleAndSecuill
2024-09-12 12:21:19:899	Status	เชื่อมต่อ Secuill สำเร็จ	frmMain.CheckConnectMiddleAndSecuill
2024-09-12 12:21:22:622	ERROR	A network-related or instance-specific error occurred while establishing a connection to SQL Server. The server was not found or was not accessible. Verify that the instance name is correct and that SQL Server is configured to allow remote connections. (provider: SQL Network Interfaces, error: 26 - Error Locating Server/Instance Specified)	 (cls_condbserver.ExecuteNonQuery())
2024-09-12 12:21:22:639	ERROR	A network-related or instance-specific error occurred while establishing a connection to SQL Server. The server was not found or was not accessible. Verify that the instance name is correct and that SQL Server is configured to allow remote connections. (provider: SQL Network Interfaces, error: 26 - Error Locating Server/Instance Specified)	 (cls_condbserver.ExecuteNonQuery())
2024-09-12 12:21:25:242	ERROR	A network-related or instance-specific error occurred while establishing a connection to SQL Server. The server was not found or was not accessible. Verify that the instance name is correct and that SQL Server is configured to allow remote connections. (provider: SQL Network Interfaces, error: 26 - Error Locating Server/Instance Specified)	 (cls_condbserver.ExecuteNonQuery())
2024-09-12 12:21:45:803	EVENT	Count prescription: 6	cls_getmiddletosecuill.GetDataMidle()
2024-09-12 12:21:46:030	Elergy	 65009365, 
2024-09-12 12:21:46:410	Elergy	 65009365, 
2024-09-12 12:21:46:813	Elergy	 67006251, 
2024-09-12 12:21:46:879	Process	ข้อมูล Middle 6 Rows	frmMain.BgwGetMiddle_DoWork
2024-09-12 12:21:47:192	Elergy	 65002432, 
2024-09-12 12:21:47:560	Elergy	 67005336, 
2024-09-12 12:21:47:951	Elergy	 67002591, 
2024-09-12 12:21:48:147	_Error	Cannot insert the value NULL into column 'drugallergy_id', table 'SECUILL_V5_TU.dbo.M_PatientDrugAllergy'; column does not allow nulls. INSERT fails.
The statement has been terminated.	cls_condbsecuill.ExecuteNonQuery
2024-09-12 12:21:49:286	_Error	Cannot insert the value NULL into column 'drugallergy_id', table 'SECUILL_V5_TU.dbo.M_PatientDrugAllergy'; column does not allow nulls. INSERT fails.
The statement has been terminated.	cls_condbsecuill.ExecuteNonQuery
2024-09-12 12:21:51:934	_Error	Cannot insert the value NULL into column 'drugallergy_id', table 'SECUILL_V5_TU.dbo.M_PatientDrugAllergy'; column does not allow nulls. INSERT fails.
The statement has been terminated.	cls_condbsecuill.ExecuteNonQuery
2024-09-12 12:21:55:144	_Error	Cannot insert the value NULL into column 'drugallergy_id', table 'SECUILL_V5_TU.dbo.M_PatientDrugAllergy'; column does not allow nulls. INSERT fails.
The statement has been terminated.	cls_condbsecuill.ExecuteNonQuery
2024-09-12 12:21:58:396	_Error	Cannot insert the value NULL into column 'drugallergy_id', table 'SECUILL_V5_TU.dbo.M_PatientDrugAllergy'; column does not allow nulls. INSERT fails.
The statement has been terminated.	cls_condbsecuill.ExecuteNonQuery
2024-09-12 12:22:01:669	_Error	Cannot insert the value NULL into column 'drugallergy_id', table 'SECUILL_V5_TU.dbo.M_PatientDrugAllergy'; column does not allow nulls. INSERT fails.
The statement has been terminated.	cls_condbsecuill.ExecuteNonQuery
2024-09-12 12:22:09:236	Init	#########################################	frmMain.frmMain_Load
2024-09-12 12:22:10:859	Init	เริ่มต้นการทำงานของโปรแกรม . . .	frmMain.frmMain_Load
2024-09-12 12:22:12:702	Init	Auto connection . 	frmMain.frmMain_Load
2024-09-12 12:22:14:578	Init	เริ่มต้นการเชื่อมต่อกับ Server . . . 	frmMain.frmMain_Load
2024-09-12 12:22:15:948	EVENT	Count prescription: 6	cls_getmiddletosecuill.GetDataMidle()
2024-09-12 12:22:16:144	Elergy	 65009365, 
2024-09-12 12:25:47:095	Init	#########################################	frmMain.frmMain_Load
2024-09-12 12:25:48:596	Init	เริ่มต้นการทำงานของโปรแกรม . . .	frmMain.frmMain_Load
2024-09-12 12:25:50:443	Init	Auto connection . 	frmMain.frmMain_Load
2024-09-12 12:25:52:322	Init	เริ่มต้นการเชื่อมต่อกับ Server . . . 	frmMain.frmMain_Load
2024-09-12 12:25:53:838	EVENT	Count prescription: 6	cls_getmiddletosecuill.GetDataMidle()
2024-09-12 12:25:53:998	Status	เริ่มต้นการทำงานดึงข้อมูล . . .	frmMain.BgwGetMiddle_DoWork
2024-09-12 12:25:54:040	Elergy	 65009365, 
2024-09-12 12:27:01:912	Init	#########################################	frmMain.frmMain_Load
2024-09-12 12:27:03:270	Init	เริ่มต้นการทำงานของโปรแกรม . . .	frmMain.frmMain_Load
2024-09-12 12:27:05:119	Init	Auto connection . 	frmMain.frmMain_Load
2024-09-12 12:27:06:999	Init	เริ่มต้นการเชื่อมต่อกับ Server . . . 	frmMain.frmMain_Load
2024-09-12 12:27:08:593	EVENT	Count prescription: 6	cls_getmiddletosecuill.GetDataMidle()
2024-09-12 12:27:08:647	Status	เริ่มต้นการทำงานดึงข้อมูล . . .	frmMain.BgwGetMiddle_DoWork
2024-09-12 12:27:08:807	Elergy	 65009365, 
2024-09-12 12:27:09:200	Elergy	 65009365, 
2024-09-12 12:27:09:575	Elergy	 67006251, 
2024-09-12 12:27:09:800	Status	เชื่อมต่อ Middle สำเร็จ	frmMain.CheckConnectMiddleAndSecuill
2024-09-12 12:27:09:957	Elergy	 65002432, 
2024-09-12 12:27:10:345	Elergy	 67005336, 
2024-09-12 12:27:10:740	Elergy	 67002591, 
2024-09-12 12:27:10:770	Status	เชื่อมต่อ Secuill สำเร็จ	frmMain.CheckConnectMiddleAndSecuill
2024-09-12 12:27:10:992	ERROR	Login failed for user 'sa'.	md.Fill()
2024-09-12 12:27:11:584	Process	ข้อมูล Middle 6 Rows	frmMain.BgwGetMiddle_DoWork
2024-09-12 12:27:12:456	_Error	Cannot insert the value NULL into column 'drugallergy_id', table 'SECUILL_V5_TU.dbo.M_PatientDrugAllergy'; column does not allow nulls. INSERT fails.
The statement has been terminated.	cls_condbsecuill.ExecuteNonQuery
2024-09-12 12:27:13:350	_Error	Violation of PRIMARY KEY constraint 'PK_T_Prescription'. Cannot insert duplicate key in object 'dbo.T_Prescription'. The duplicate key value is (83896/67, 3, 20240912).	cls_condbsecuill.ExecuteNonQuery
2024-09-12 12:27:14:285	_Error	Cannot insert the value NULL into column 'drugallergy_id', table 'SECUILL_V5_TU.dbo.M_PatientDrugAllergy'; column does not allow nulls. INSERT fails.
The statement has been terminated.	cls_condbsecuill.ExecuteNonQuery
2024-09-12 12:27:15:234	_Error	Violation of PRIMARY KEY constraint 'PK_T_Prescription'. Cannot insert duplicate key in object 'dbo.T_Prescription'. The duplicate key value is (83896/67, 4, 20240912).	cls_condbsecuill.ExecuteNonQuery
2024-09-12 12:27:15:519	ERROR	A network-related or instance-specific error occurred while establishing a connection to SQL Server. The server was not found or was not accessible. Verify that the instance name is correct and that SQL Server is configured to allow remote connections. (provider: SQL Network Interfaces, error: 26 - Error Locating Server/Instance Specified)	 (cls_condbserver.ExecuteNonQuery())
2024-09-12 12:27:15:533	ERROR	A network-related or instance-specific error occurred while establishing a connection to SQL Server. The server was not found or was not accessible. Verify that the instance name is correct and that SQL Server is configured to allow remote connections. (provider: SQL Network Interfaces, error: 26 - Error Locating Server/Instance Specified)	 (cls_condbserver.ExecuteNonQuery())
2024-09-12 12:27:16:215	_Error	Cannot insert the value NULL into column 'drugallergy_id', table 'SECUILL_V5_TU.dbo.M_PatientDrugAllergy'; column does not allow nulls. INSERT fails.
The statement has been terminated.	cls_condbsecuill.ExecuteNonQuery
2024-09-12 12:27:17:227	_Error	Violation of PRIMARY KEY constraint 'PK_T_Prescription'. Cannot insert duplicate key in object 'dbo.T_Prescription'. The duplicate key value is (83897/67, 4, 20240912).	cls_condbsecuill.ExecuteNonQuery
2024-09-12 12:27:18:277	_Error	Cannot insert the value NULL into column 'drugallergy_id', table 'SECUILL_V5_TU.dbo.M_PatientDrugAllergy'; column does not allow nulls. INSERT fails.
The statement has been terminated.	cls_condbsecuill.ExecuteNonQuery
2024-09-12 12:27:19:426	_Error	Violation of PRIMARY KEY constraint 'PK_T_Prescription'. Cannot insert duplicate key in object 'dbo.T_Prescription'. The duplicate key value is (83898/67, 2, 20240912).	cls_condbsecuill.ExecuteNonQuery
2024-09-12 12:27:20:994	_Error	Cannot insert the value NULL into column 'drugallergy_id', table 'SECUILL_V5_TU.dbo.M_PatientDrugAllergy'; column does not allow nulls. INSERT fails.
The statement has been terminated.	cls_condbsecuill.ExecuteNonQuery
2024-09-12 12:27:22:836	_Error	Violation of PRIMARY KEY constraint 'PK_T_Prescription'. Cannot insert duplicate key in object 'dbo.T_Prescription'. The duplicate key value is (83901/67, 4, 20240912).	cls_condbsecuill.ExecuteNonQuery
2024-09-12 12:27:24:707	_Error	Cannot insert the value NULL into column 'drugallergy_id', table 'SECUILL_V5_TU.dbo.M_PatientDrugAllergy'; column does not allow nulls. INSERT fails.
The statement has been terminated.	cls_condbsecuill.ExecuteNonQuery
2024-09-12 12:27:28:516	Init	#########################################	frmMain.frmMain_Load
2024-09-12 12:27:29:974	Init	เริ่มต้นการทำงานของโปรแกรม . . .	frmMain.frmMain_Load
2024-09-12 12:27:31:823	Init	Auto connection . 	frmMain.frmMain_Load
2024-09-12 12:27:33:704	Init	เริ่มต้นการเชื่อมต่อกับ Server . . . 	frmMain.frmMain_Load
2024-09-12 12:27:35:231	EVENT	Count prescription: 6	cls_getmiddletosecuill.GetDataMidle()
2024-09-12 12:27:35:401	Status	เริ่มต้นการทำงานดึงข้อมูล . . .	frmMain.BgwGetMiddle_DoWork
2024-09-12 12:27:35:437	Elergy	 65009365, 
2024-09-12 12:27:35:831	Elergy	 65009365, 
2024-09-12 12:27:36:209	Elergy	 67006251, 
2024-09-12 12:27:36:550	Status	เชื่อมต่อ Middle สำเร็จ	frmMain.CheckConnectMiddleAndSecuill
2024-09-12 12:27:36:586	Elergy	 65002432, 
2024-09-12 12:27:36:980	Elergy	 67005336, 
2024-09-12 12:27:37:382	Elergy	 67002591, 
2024-09-12 12:27:37:506	Status	เชื่อมต่อ Secuill สำเร็จ	frmMain.CheckConnectMiddleAndSecuill
2024-09-12 12:27:37:642	ERROR	Login failed for user 'sa'.	md.Fill()
2024-09-12 12:27:38:354	Process	ข้อมูล Middle 6 Rows	frmMain.BgwGetMiddle_DoWork
2024-09-12 12:27:39:228	_Error	Cannot insert the value NULL into column 'drugallergy_id', table 'SECUILL_V5_TU.dbo.M_PatientDrugAllergy'; column does not allow nulls. INSERT fails.
The statement has been terminated.	cls_condbsecuill.ExecuteNonQuery
2024-09-12 12:27:40:129	_Error	Violation of PRIMARY KEY constraint 'PK_T_Prescription'. Cannot insert duplicate key in object 'dbo.T_Prescription'. The duplicate key value is (83896/67, 3, 20240912).	cls_condbsecuill.ExecuteNonQuery
2024-09-12 12:27:41:047	_Error	Cannot insert the value NULL into column 'drugallergy_id', table 'SECUILL_V5_TU.dbo.M_PatientDrugAllergy'; column does not allow nulls. INSERT fails.
The statement has been terminated.	cls_condbsecuill.ExecuteNonQuery
2024-09-12 12:27:41:995	_Error	Violation of PRIMARY KEY constraint 'PK_T_Prescription'. Cannot insert duplicate key in object 'dbo.T_Prescription'. The duplicate key value is (83896/67, 4, 20240912).	cls_condbsecuill.ExecuteNonQuery
2024-09-12 12:27:42:177	ERROR	A network-related or instance-specific error occurred while establishing a connection to SQL Server. The server was not found or was not accessible. Verify that the instance name is correct and that SQL Server is configured to allow remote connections. (provider: SQL Network Interfaces, error: 26 - Error Locating Server/Instance Specified)	 (cls_condbserver.ExecuteNonQuery())
2024-09-12 12:27:42:194	ERROR	A network-related or instance-specific error occurred while establishing a connection to SQL Server. The server was not found or was not accessible. Verify that the instance name is correct and that SQL Server is configured to allow remote connections. (provider: SQL Network Interfaces, error: 26 - Error Locating Server/Instance Specified)	 (cls_condbserver.ExecuteNonQuery())
2024-09-12 12:27:42:987	_Error	Cannot insert the value NULL into column 'drugallergy_id', table 'SECUILL_V5_TU.dbo.M_PatientDrugAllergy'; column does not allow nulls. INSERT fails.
The statement has been terminated.	cls_condbsecuill.ExecuteNonQuery
2024-09-12 12:27:43:997	_Error	Violation of PRIMARY KEY constraint 'PK_T_Prescription'. Cannot insert duplicate key in object 'dbo.T_Prescription'. The duplicate key value is (83897/67, 4, 20240912).	cls_condbsecuill.ExecuteNonQuery
2024-09-12 12:27:45:035	_Error	Cannot insert the value NULL into column 'drugallergy_id', table 'SECUILL_V5_TU.dbo.M_PatientDrugAllergy'; column does not allow nulls. INSERT fails.
The statement has been terminated.	cls_condbsecuill.ExecuteNonQuery
2024-09-12 12:27:46:119	_Error	Violation of PRIMARY KEY constraint 'PK_T_Prescription'. Cannot insert duplicate key in object 'dbo.T_Prescription'. The duplicate key value is (83898/67, 2, 20240912).	cls_condbsecuill.ExecuteNonQuery
2024-09-12 12:27:47:672	_Error	Cannot insert the value NULL into column 'drugallergy_id', table 'SECUILL_V5_TU.dbo.M_PatientDrugAllergy'; column does not allow nulls. INSERT fails.
The statement has been terminated.	cls_condbsecuill.ExecuteNonQuery
2024-09-12 12:27:49:519	_Error	Violation of PRIMARY KEY constraint 'PK_T_Prescription'. Cannot insert duplicate key in object 'dbo.T_Prescription'. The duplicate key value is (83901/67, 4, 20240912).	cls_condbsecuill.ExecuteNonQuery
2024-09-12 12:27:51:390	_Error	Cannot insert the value NULL into column 'drugallergy_id', table 'SECUILL_V5_TU.dbo.M_PatientDrugAllergy'; column does not allow nulls. INSERT fails.
The statement has been terminated.	cls_condbsecuill.ExecuteNonQuery
2024-09-12 12:27:53:290	_Error	Violation of PRIMARY KEY constraint 'PK_T_Prescription'. Cannot insert duplicate key in object 'dbo.T_Prescription'. The duplicate key value is (83903/67, 4, 20240912).	cls_condbsecuill.ExecuteNonQuery
2024-09-12 12:28:02:313	ERROR	A network-related or instance-specific error occurred while establishing a connection to SQL Server. The server was not found or was not accessible. Verify that the instance name is correct and that SQL Server is configured to allow remote connections. (provider: SQL Network Interfaces, error: 26 - Error Locating Server/Instance Specified)	 (cls_condbserver.ExecuteNonQuery())
2024-09-12 12:29:02:490	ERROR	A network-related or instance-specific error occurred while establishing a connection to SQL Server. The server was not found or was not accessible. Verify that the instance name is correct and that SQL Server is configured to allow remote connections. (provider: SQL Network Interfaces, error: 26 - Error Locating Server/Instance Specified)	 (cls_condbserver.ExecuteNonQuery())
2024-09-12 12:29:48:554	EVENT	Count prescription: 6	cls_getmiddletosecuill.GetDataMidle()
2024-09-12 12:29:48:732	Elergy	 65009365, 
2024-09-12 12:29:49:100	Elergy	 65009365, 
2024-09-12 12:29:49:471	Elergy	 67006251, 
2024-09-12 12:29:49:530	Process	ข้อมูล Middle 6 Rows	frmMain.BgwGetMiddle_DoWork
2024-09-12 12:29:49:827	Elergy	 65002432, 
2024-09-12 12:30:59:838	Init	#########################################	frmMain.frmMain_Load
2024-09-12 12:31:01:407	Init	เริ่มต้นการทำงานของโปรแกรม . . .	frmMain.frmMain_Load
2024-09-12 12:31:03:256	Init	Auto connection . 	frmMain.frmMain_Load
2024-09-12 12:31:05:141	Init	เริ่มต้นการเชื่อมต่อกับ Server . . . 	frmMain.frmMain_Load
2024-09-12 12:31:06:559	EVENT	Count prescription: 6	cls_getmiddletosecuill.GetDataMidle()
2024-09-12 12:31:06:738	Status	เริ่มต้นการทำงานดึงข้อมูล . . .	frmMain.BgwGetMiddle_DoWork
2024-09-12 12:31:06:754	Elergy	 65009365, 
2024-09-12 12:31:07:119	Elergy	 65009365, 
2024-09-12 12:31:07:471	Elergy	 67006251, 
2024-09-12 12:31:07:845	Elergy	 65002432, 
2024-09-12 12:31:07:940	Status	เชื่อมต่อ Middle สำเร็จ	frmMain.CheckConnectMiddleAndSecuill
2024-09-12 12:31:08:238	Elergy	 67005336, 
2024-09-12 12:31:08:622	Elergy	 67002591, 
2024-09-12 12:31:08:854	ERROR	Login failed for user 'sa'.	md.Fill()
2024-09-12 12:31:08:996	Status	เชื่อมต่อ Secuill สำเร็จ	frmMain.CheckConnectMiddleAndSecuill
2024-09-12 12:31:10:008	Process	ข้อมูล Middle 6 Rows	frmMain.BgwGetMiddle_DoWork
2024-09-12 12:31:11:082	_Error	Cannot insert the value NULL into column 'drugallergy_id', table 'SECUILL_V5_TU.dbo.M_PatientDrugAllergy'; column does not allow nulls. INSERT fails.
The statement has been terminated.	cls_condbsecuill.ExecuteNonQuery
2024-09-12 12:31:12:219	_Error	Cannot insert the value NULL into column 'drugallergy_id', table 'SECUILL_V5_TU.dbo.M_PatientDrugAllergy'; column does not allow nulls. INSERT fails.
The statement has been terminated.	cls_condbsecuill.ExecuteNonQuery
2024-09-12 12:31:13:522	ERROR	A network-related or instance-specific error occurred while establishing a connection to SQL Server. The server was not found or was not accessible. Verify that the instance name is correct and that SQL Server is configured to allow remote connections. (provider: SQL Network Interfaces, error: 26 - Error Locating Server/Instance Specified)	 (cls_condbserver.ExecuteNonQuery())
2024-09-12 12:31:13:532	ERROR	A network-related or instance-specific error occurred while establishing a connection to SQL Server. The server was not found or was not accessible. Verify that the instance name is correct and that SQL Server is configured to allow remote connections. (provider: SQL Network Interfaces, error: 26 - Error Locating Server/Instance Specified)	 (cls_condbserver.ExecuteNonQuery())
2024-09-12 12:31:14:633	_Error	Cannot insert the value NULL into column 'drugallergy_id', table 'SECUILL_V5_TU.dbo.M_PatientDrugAllergy'; column does not allow nulls. INSERT fails.
The statement has been terminated.	cls_condbsecuill.ExecuteNonQuery
2024-09-12 12:31:17:846	_Error	Cannot insert the value NULL into column 'drugallergy_id', table 'SECUILL_V5_TU.dbo.M_PatientDrugAllergy'; column does not allow nulls. INSERT fails.
The statement has been terminated.	cls_condbsecuill.ExecuteNonQuery
2024-09-12 12:31:21:098	_Error	Cannot insert the value NULL into column 'drugallergy_id', table 'SECUILL_V5_TU.dbo.M_PatientDrugAllergy'; column does not allow nulls. INSERT fails.
The statement has been terminated.	cls_condbsecuill.ExecuteNonQuery
2024-09-12 12:31:24:369	_Error	Cannot insert the value NULL into column 'drugallergy_id', table 'SECUILL_V5_TU.dbo.M_PatientDrugAllergy'; column does not allow nulls. INSERT fails.
The statement has been terminated.	cls_condbsecuill.ExecuteNonQuery
2024-09-12 12:31:33:535	ERROR	A network-related or instance-specific error occurred while establishing a connection to SQL Server. The server was not found or was not accessible. Verify that the instance name is correct and that SQL Server is configured to allow remote connections. (provider: SQL Network Interfaces, error: 26 - Error Locating Server/Instance Specified)	 (cls_condbserver.ExecuteNonQuery())
2024-09-12 12:32:33:713	ERROR	A network-related or instance-specific error occurred while establishing a connection to SQL Server. The server was not found or was not accessible. Verify that the instance name is correct and that SQL Server is configured to allow remote connections. (provider: SQL Network Interfaces, error: 26 - Error Locating Server/Instance Specified)	 (cls_condbserver.ExecuteNonQuery())
2024-09-12 12:33:33:928	ERROR	A network-related or instance-specific error occurred while establishing a connection to SQL Server. The server was not found or was not accessible. Verify that the instance name is correct and that SQL Server is configured to allow remote connections. (provider: SQL Network Interfaces, error: 26 - Error Locating Server/Instance Specified)	 (cls_condbserver.ExecuteNonQuery())
2024-09-12 12:34:34:156	ERROR	A network-related or instance-specific error occurred while establishing a connection to SQL Server. The server was not found or was not accessible. Verify that the instance name is correct and that SQL Server is configured to allow remote connections. (provider: SQL Network Interfaces, error: 26 - Error Locating Server/Instance Specified)	 (cls_condbserver.ExecuteNonQuery())
2024-09-12 12:35:19:856	ERROR	A network-related or instance-specific error occurred while establishing a connection to SQL Server. The server was not found or was not accessible. Verify that the instance name is correct and that SQL Server is configured to allow remote connections. (provider: SQL Network Interfaces, error: 26 - Error Locating Server/Instance Specified)	 (cls_condbserver.ExecuteNonQuery())
2024-09-12 12:36:34:707	ERROR	A network-related or instance-specific error occurred while establishing a connection to SQL Server. The server was not found or was not accessible. Verify that the instance name is correct and that SQL Server is configured to allow remote connections. (provider: SQL Network Interfaces, error: 26 - Error Locating Server/Instance Specified)	 (cls_condbserver.ExecuteNonQuery())
2024-09-12 12:37:57:265	Init	#########################################	frmMain.frmMain_Load
2024-09-12 12:37:58:762	Init	เริ่มต้นการทำงานของโปรแกรม . . .	frmMain.frmMain_Load
2024-09-12 12:38:00:607	Init	Auto connection . 	frmMain.frmMain_Load
2024-09-12 12:38:02:488	Init	เริ่มต้นการเชื่อมต่อกับ Server . . . 	frmMain.frmMain_Load
2024-09-12 12:38:04:001	EVENT	Count prescription: 6	cls_getmiddletosecuill.GetDataMidle()
2024-09-12 12:38:04:200	Elergy	 65009365, 
2024-09-12 12:38:04:209	Status	เริ่มต้นการทำงานดึงข้อมูล . . .	frmMain.BgwGetMiddle_DoWork
2024-09-12 12:38:04:583	Elergy	 65009365, 
2024-09-12 12:38:04:938	Elergy	 67006251, 
2024-09-12 12:38:05:315	Elergy	 65002432, 
2024-09-12 12:38:05:388	Status	เชื่อมต่อ Middle สำเร็จ	frmMain.CheckConnectMiddleAndSecuill
2024-09-12 12:38:05:702	Elergy	 67005336, 
2024-09-12 12:38:06:069	Elergy	 67002591, 
2024-09-12 12:38:06:305	ERROR	Login failed for user 'sa'.	md.Fill()
2024-09-12 12:38:06:441	Status	เชื่อมต่อ Secuill สำเร็จ	frmMain.CheckConnectMiddleAndSecuill
2024-09-12 12:38:07:448	Process	ข้อมูล Middle 6 Rows	frmMain.BgwGetMiddle_DoWork
2024-09-12 12:38:08:506	_Error	Cannot insert the value NULL into column 'drugallergy_id', table 'SECUILL_V5_TU.dbo.M_PatientDrugAllergy'; column does not allow nulls. INSERT fails.
The statement has been terminated.	cls_condbsecuill.ExecuteNonQuery
2024-09-12 12:38:09:605	_Error	Cannot insert the value NULL into column 'drugallergy_id', table 'SECUILL_V5_TU.dbo.M_PatientDrugAllergy'; column does not allow nulls. INSERT fails.
The statement has been terminated.	cls_condbsecuill.ExecuteNonQuery
2024-09-12 12:38:10:956	ERROR	A network-related or instance-specific error occurred while establishing a connection to SQL Server. The server was not found or was not accessible. Verify that the instance name is correct and that SQL Server is configured to allow remote connections. (provider: SQL Network Interfaces, error: 26 - Error Locating Server/Instance Specified)	 (cls_condbserver.ExecuteNonQuery())
2024-09-12 12:38:10:975	ERROR	A network-related or instance-specific error occurred while establishing a connection to SQL Server. The server was not found or was not accessible. Verify that the instance name is correct and that SQL Server is configured to allow remote connections. (provider: SQL Network Interfaces, error: 26 - Error Locating Server/Instance Specified)	 (cls_condbserver.ExecuteNonQuery())
2024-09-12 12:38:11:965	_Error	Cannot insert the value NULL into column 'drugallergy_id', table 'SECUILL_V5_TU.dbo.M_PatientDrugAllergy'; column does not allow nulls. INSERT fails.
The statement has been terminated.	cls_condbsecuill.ExecuteNonQuery
2024-09-12 12:38:15:183	_Error	Cannot insert the value NULL into column 'drugallergy_id', table 'SECUILL_V5_TU.dbo.M_PatientDrugAllergy'; column does not allow nulls. INSERT fails.
The statement has been terminated.	cls_condbsecuill.ExecuteNonQuery
2024-09-12 12:38:18:430	_Error	Cannot insert the value NULL into column 'drugallergy_id', table 'SECUILL_V5_TU.dbo.M_PatientDrugAllergy'; column does not allow nulls. INSERT fails.
The statement has been terminated.	cls_condbsecuill.ExecuteNonQuery
2024-09-12 12:38:21:701	_Error	Cannot insert the value NULL into column 'drugallergy_id', table 'SECUILL_V5_TU.dbo.M_PatientDrugAllergy'; column does not allow nulls. INSERT fails.
The statement has been terminated.	cls_condbsecuill.ExecuteNonQuery
2024-09-12 12:38:30:960	ERROR	A network-related or instance-specific error occurred while establishing a connection to SQL Server. The server was not found or was not accessible. Verify that the instance name is correct and that SQL Server is configured to allow remote connections. (provider: SQL Network Interfaces, error: 26 - Error Locating Server/Instance Specified)	 (cls_condbserver.ExecuteNonQuery())
2024-09-12 12:38:36:911	EVENT	Count prescription: 1	cls_getmiddletosecuill.GetDataMidle()
2024-09-12 12:38:37:097	Elergy	 67006648, 
2024-09-12 12:38:39:316	Process	ข้อมูล Middle 1 Rows	frmMain.BgwGetMiddle_DoWork
2024-09-12 12:38:42:605	_Error	Cannot insert the value NULL into column 'drugallergy_id', table 'SECUILL_V5_TU.dbo.M_PatientDrugAllergy'; column does not allow nulls. INSERT fails.
The statement has been terminated.	cls_condbsecuill.ExecuteNonQuery
2024-09-12 12:39:32:119	ERROR	A network-related or instance-specific error occurred while establishing a connection to SQL Server. The server was not found or was not accessible. Verify that the instance name is correct and that SQL Server is configured to allow remote connections. (provider: SQL Network Interfaces, error: 26 - Error Locating Server/Instance Specified)	 (cls_condbserver.ExecuteNonQuery())
2024-09-12 12:40:32:341	ERROR	A network-related or instance-specific error occurred while establishing a connection to SQL Server. The server was not found or was not accessible. Verify that the instance name is correct and that SQL Server is configured to allow remote connections. (provider: SQL Network Interfaces, error: 26 - Error Locating Server/Instance Specified)	 (cls_condbserver.ExecuteNonQuery())
2024-09-12 12:41:32:543	ERROR	A network-related or instance-specific error occurred while establishing a connection to SQL Server. The server was not found or was not accessible. Verify that the instance name is correct and that SQL Server is configured to allow remote connections. (provider: SQL Network Interfaces, error: 26 - Error Locating Server/Instance Specified)	 (cls_condbserver.ExecuteNonQuery())
2024-09-12 12:42:18:077	ERROR	A network-related or instance-specific error occurred while establishing a connection to SQL Server. The server was not found or was not accessible. Verify that the instance name is correct and that SQL Server is configured to allow remote connections. (provider: SQL Network Interfaces, error: 26 - Error Locating Server/Instance Specified)	 (cls_condbserver.ExecuteNonQuery())
2024-09-12 12:43:32:982	ERROR	A network-related or instance-specific error occurred while establishing a connection to SQL Server. The server was not found or was not accessible. Verify that the instance name is correct and that SQL Server is configured to allow remote connections. (provider: SQL Network Interfaces, error: 26 - Error Locating Server/Instance Specified)	 (cls_condbserver.ExecuteNonQuery())
2024-09-12 12:44:33:197	ERROR	A network-related or instance-specific error occurred while establishing a connection to SQL Server. The server was not found or was not accessible. Verify that the instance name is correct and that SQL Server is configured to allow remote connections. (provider: SQL Network Interfaces, error: 26 - Error Locating Server/Instance Specified)	 (cls_condbserver.ExecuteNonQuery())
2024-09-12 12:45:33:423	ERROR	A network-related or instance-specific error occurred while establishing a connection to SQL Server. The server was not found or was not accessible. Verify that the instance name is correct and that SQL Server is configured to allow remote connections. (provider: SQL Network Interfaces, error: 26 - Error Locating Server/Instance Specified)	 (cls_condbserver.ExecuteNonQuery())
2024-09-12 12:46:33:618	ERROR	A network-related or instance-specific error occurred while establishing a connection to SQL Server. The server was not found or was not accessible. Verify that the instance name is correct and that SQL Server is configured to allow remote connections. (provider: SQL Network Interfaces, error: 26 - Error Locating Server/Instance Specified)	 (cls_condbserver.ExecuteNonQuery())
2024-09-12 12:47:33:828	ERROR	A network-related or instance-specific error occurred while establishing a connection to SQL Server. The server was not found or was not accessible. Verify that the instance name is correct and that SQL Server is configured to allow remote connections. (provider: SQL Network Interfaces, error: 26 - Error Locating Server/Instance Specified)	 (cls_condbserver.ExecuteNonQuery())
2024-09-12 12:48:34:051	ERROR	A network-related or instance-specific error occurred while establishing a connection to SQL Server. The server was not found or was not accessible. Verify that the instance name is correct and that SQL Server is configured to allow remote connections. (provider: SQL Network Interfaces, error: 26 - Error Locating Server/Instance Specified)	 (cls_condbserver.ExecuteNonQuery())
2024-09-12 12:49:34:240	ERROR	A network-related or instance-specific error occurred while establishing a connection to SQL Server. The server was not found or was not accessible. Verify that the instance name is correct and that SQL Server is configured to allow remote connections. (provider: SQL Network Interfaces, error: 26 - Error Locating Server/Instance Specified)	 (cls_condbserver.ExecuteNonQuery())
2024-09-12 12:50:34:680	ERROR	A network-related or instance-specific error occurred while establishing a connection to SQL Server. The server was not found or was not accessible. Verify that the instance name is correct and that SQL Server is configured to allow remote connections. (provider: SQL Network Interfaces, error: 26 - Error Locating Server/Instance Specified)	 (cls_condbserver.ExecuteNonQuery())
2024-09-12 12:51:35:530	ERROR	A network-related or instance-specific error occurred while establishing a connection to SQL Server. The server was not found or was not accessible. Verify that the instance name is correct and that SQL Server is configured to allow remote connections. (provider: SQL Network Interfaces, error: 26 - Error Locating Server/Instance Specified)	 (cls_condbserver.ExecuteNonQuery())
2024-09-12 12:52:35:890	ERROR	A network-related or instance-specific error occurred while establishing a connection to SQL Server. The server was not found or was not accessible. Verify that the instance name is correct and that SQL Server is configured to allow remote connections. (provider: SQL Network Interfaces, error: 26 - Error Locating Server/Instance Specified)	 (cls_condbserver.ExecuteNonQuery())
2024-09-12 12:53:36:112	ERROR	A network-related or instance-specific error occurred while establishing a connection to SQL Server. The server was not found or was not accessible. Verify that the instance name is correct and that SQL Server is configured to allow remote connections. (provider: SQL Network Interfaces, error: 26 - Error Locating Server/Instance Specified)	 (cls_condbserver.ExecuteNonQuery())
2024-09-12 12:54:36:293	ERROR	A network-related or instance-specific error occurred while establishing a connection to SQL Server. The server was not found or was not accessible. Verify that the instance name is correct and that SQL Server is configured to allow remote connections. (provider: SQL Network Interfaces, error: 26 - Error Locating Server/Instance Specified)	 (cls_condbserver.ExecuteNonQuery())
2024-09-12 12:55:36:520	ERROR	A network-related or instance-specific error occurred while establishing a connection to SQL Server. The server was not found or was not accessible. Verify that the instance name is correct and that SQL Server is configured to allow remote connections. (provider: SQL Network Interfaces, error: 26 - Error Locating Server/Instance Specified)	 (cls_condbserver.ExecuteNonQuery())
2024-09-12 12:56:36:709	ERROR	A network-related or instance-specific error occurred while establishing a connection to SQL Server. The server was not found or was not accessible. Verify that the instance name is correct and that SQL Server is configured to allow remote connections. (provider: SQL Network Interfaces, error: 26 - Error Locating Server/Instance Specified)	 (cls_condbserver.ExecuteNonQuery())
2024-09-12 12:57:36:997	ERROR	A network-related or instance-specific error occurred while establishing a connection to SQL Server. The server was not found or was not accessible. Verify that the instance name is correct and that SQL Server is configured to allow remote connections. (provider: SQL Network Interfaces, error: 26 - Error Locating Server/Instance Specified)	 (cls_condbserver.ExecuteNonQuery())
2024-09-12 12:58:37:185	ERROR	A network-related or instance-specific error occurred while establishing a connection to SQL Server. The server was not found or was not accessible. Verify that the instance name is correct and that SQL Server is configured to allow remote connections. (provider: SQL Network Interfaces, error: 26 - Error Locating Server/Instance Specified)	 (cls_condbserver.ExecuteNonQuery())
2024-09-12 12:59:37:388	ERROR	A network-related or instance-specific error occurred while establishing a connection to SQL Server. The server was not found or was not accessible. Verify that the instance name is correct and that SQL Server is configured to allow remote connections. (provider: SQL Network Interfaces, error: 26 - Error Locating Server/Instance Specified)	 (cls_condbserver.ExecuteNonQuery())
2024-09-12 13:00:37:809	ERROR	A network-related or instance-specific error occurred while establishing a connection to SQL Server. The server was not found or was not accessible. Verify that the instance name is correct and that SQL Server is configured to allow remote connections. (provider: SQL Network Interfaces, error: 26 - Error Locating Server/Instance Specified)	 (cls_condbserver.ExecuteNonQuery())
2024-09-12 13:01:38:072	ERROR	A network-related or instance-specific error occurred while establishing a connection to SQL Server. The server was not found or was not accessible. Verify that the instance name is correct and that SQL Server is configured to allow remote connections. (provider: SQL Network Interfaces, error: 26 - Error Locating Server/Instance Specified)	 (cls_condbserver.ExecuteNonQuery())
2024-09-12 13:02:38:402	ERROR	A network-related or instance-specific error occurred while establishing a connection to SQL Server. The server was not found or was not accessible. Verify that the instance name is correct and that SQL Server is configured to allow remote connections. (provider: SQL Network Interfaces, error: 26 - Error Locating Server/Instance Specified)	 (cls_condbserver.ExecuteNonQuery())
2024-09-12 13:03:38:610	ERROR	A network-related or instance-specific error occurred while establishing a connection to SQL Server. The server was not found or was not accessible. Verify that the instance name is correct and that SQL Server is configured to allow remote connections. (provider: SQL Network Interfaces, error: 26 - Error Locating Server/Instance Specified)	 (cls_condbserver.ExecuteNonQuery())
2024-09-12 13:04:38:869	ERROR	A network-related or instance-specific error occurred while establishing a connection to SQL Server. The server was not found or was not accessible. Verify that the instance name is correct and that SQL Server is configured to allow remote connections. (provider: SQL Network Interfaces, error: 26 - Error Locating Server/Instance Specified)	 (cls_condbserver.ExecuteNonQuery())
2024-09-12 13:05:39:075	ERROR	A network-related or instance-specific error occurred while establishing a connection to SQL Server. The server was not found or was not accessible. Verify that the instance name is correct and that SQL Server is configured to allow remote connections. (provider: SQL Network Interfaces, error: 26 - Error Locating Server/Instance Specified)	 (cls_condbserver.ExecuteNonQuery())
2024-09-12 13:06:39:289	ERROR	A network-related or instance-specific error occurred while establishing a connection to SQL Server. The server was not found or was not accessible. Verify that the instance name is correct and that SQL Server is configured to allow remote connections. (provider: SQL Network Interfaces, error: 26 - Error Locating Server/Instance Specified)	 (cls_condbserver.ExecuteNonQuery())
2024-09-12 13:07:39:493	ERROR	A network-related or instance-specific error occurred while establishing a connection to SQL Server. The server was not found or was not accessible. Verify that the instance name is correct and that SQL Server is configured to allow remote connections. (provider: SQL Network Interfaces, error: 26 - Error Locating Server/Instance Specified)	 (cls_condbserver.ExecuteNonQuery())
2024-09-12 13:08:25:060	ERROR	Login failed for user 'sa'.	md.Fill()
2024-09-12 13:08:39:723	ERROR	A network-related or instance-specific error occurred while establishing a connection to SQL Server. The server was not found or was not accessible. Verify that the instance name is correct and that SQL Server is configured to allow remote connections. (provider: SQL Network Interfaces, error: 26 - Error Locating Server/Instance Specified)	 (cls_condbserver.ExecuteNonQuery())
2024-09-12 13:08:49:764	ERROR	A network-related or instance-specific error occurred while establishing a connection to SQL Server. The server was not found or was not accessible. Verify that the instance name is correct and that SQL Server is configured to allow remote connections. (provider: SQL Network Interfaces, error: 26 - Error Locating Server/Instance Specified)	 (cls_condbserver.ExecuteNonQuery())
2024-09-12 13:09:49:995	ERROR	A network-related or instance-specific error occurred while establishing a connection to SQL Server. The server was not found or was not accessible. Verify that the instance name is correct and that SQL Server is configured to allow remote connections. (provider: SQL Network Interfaces, error: 26 - Error Locating Server/Instance Specified)	 (cls_condbserver.ExecuteNonQuery())
2024-09-12 13:10:50:195	ERROR	A network-related or instance-specific error occurred while establishing a connection to SQL Server. The server was not found or was not accessible. Verify that the instance name is correct and that SQL Server is configured to allow remote connections. (provider: SQL Network Interfaces, error: 26 - Error Locating Server/Instance Specified)	 (cls_condbserver.ExecuteNonQuery())
2024-09-12 13:11:50:387	ERROR	A network-related or instance-specific error occurred while establishing a connection to SQL Server. The server was not found or was not accessible. Verify that the instance name is correct and that SQL Server is configured to allow remote connections. (provider: SQL Network Interfaces, error: 26 - Error Locating Server/Instance Specified)	 (cls_condbserver.ExecuteNonQuery())
2024-09-12 13:12:50:590	ERROR	A network-related or instance-specific error occurred while establishing a connection to SQL Server. The server was not found or was not accessible. Verify that the instance name is correct and that SQL Server is configured to allow remote connections. (provider: SQL Network Interfaces, error: 26 - Error Locating Server/Instance Specified)	 (cls_condbserver.ExecuteNonQuery())
2024-09-12 13:13:50:798	ERROR	A network-related or instance-specific error occurred while establishing a connection to SQL Server. The server was not found or was not accessible. Verify that the instance name is correct and that SQL Server is configured to allow remote connections. (provider: SQL Network Interfaces, error: 26 - Error Locating Server/Instance Specified)	 (cls_condbserver.ExecuteNonQuery())
2024-09-12 13:14:51:012	ERROR	A network-related or instance-specific error occurred while establishing a connection to SQL Server. The server was not found or was not accessible. Verify that the instance name is correct and that SQL Server is configured to allow remote connections. (provider: SQL Network Interfaces, error: 26 - Error Locating Server/Instance Specified)	 (cls_condbserver.ExecuteNonQuery())
2024-09-12 13:15:51:247	ERROR	A network-related or instance-specific error occurred while establishing a connection to SQL Server. The server was not found or was not accessible. Verify that the instance name is correct and that SQL Server is configured to allow remote connections. (provider: SQL Network Interfaces, error: 26 - Error Locating Server/Instance Specified)	 (cls_condbserver.ExecuteNonQuery())
2024-09-12 13:16:51:445	ERROR	A network-related or instance-specific error occurred while establishing a connection to SQL Server. The server was not found or was not accessible. Verify that the instance name is correct and that SQL Server is configured to allow remote connections. (provider: SQL Network Interfaces, error: 26 - Error Locating Server/Instance Specified)	 (cls_condbserver.ExecuteNonQuery())
2024-09-12 13:17:51:642	ERROR	A network-related or instance-specific error occurred while establishing a connection to SQL Server. The server was not found or was not accessible. Verify that the instance name is correct and that SQL Server is configured to allow remote connections. (provider: SQL Network Interfaces, error: 26 - Error Locating Server/Instance Specified)	 (cls_condbserver.ExecuteNonQuery())
2024-09-12 13:18:51:872	ERROR	A network-related or instance-specific error occurred while establishing a connection to SQL Server. The server was not found or was not accessible. Verify that the instance name is correct and that SQL Server is configured to allow remote connections. (provider: SQL Network Interfaces, error: 26 - Error Locating Server/Instance Specified)	 (cls_condbserver.ExecuteNonQuery())
2024-09-12 13:19:52:065	ERROR	A network-related or instance-specific error occurred while establishing a connection to SQL Server. The server was not found or was not accessible. Verify that the instance name is correct and that SQL Server is configured to allow remote connections. (provider: SQL Network Interfaces, error: 26 - Error Locating Server/Instance Specified)	 (cls_condbserver.ExecuteNonQuery())
2024-09-12 13:20:52:279	ERROR	A network-related or instance-specific error occurred while establishing a connection to SQL Server. The server was not found or was not accessible. Verify that the instance name is correct and that SQL Server is configured to allow remote connections. (provider: SQL Network Interfaces, error: 26 - Error Locating Server/Instance Specified)	 (cls_condbserver.ExecuteNonQuery())
2024-09-12 13:21:52:488	ERROR	A network-related or instance-specific error occurred while establishing a connection to SQL Server. The server was not found or was not accessible. Verify that the instance name is correct and that SQL Server is configured to allow remote connections. (provider: SQL Network Interfaces, error: 26 - Error Locating Server/Instance Specified)	 (cls_condbserver.ExecuteNonQuery())
2024-09-12 13:22:52:688	ERROR	A network-related or instance-specific error occurred while establishing a connection to SQL Server. The server was not found or was not accessible. Verify that the instance name is correct and that SQL Server is configured to allow remote connections. (provider: SQL Network Interfaces, error: 26 - Error Locating Server/Instance Specified)	 (cls_condbserver.ExecuteNonQuery())
2024-09-12 13:23:52:927	ERROR	A network-related or instance-specific error occurred while establishing a connection to SQL Server. The server was not found or was not accessible. Verify that the instance name is correct and that SQL Server is configured to allow remote connections. (provider: SQL Network Interfaces, error: 26 - Error Locating Server/Instance Specified)	 (cls_condbserver.ExecuteNonQuery())
2024-09-12 13:24:53:137	ERROR	A network-related or instance-specific error occurred while establishing a connection to SQL Server. The server was not found or was not accessible. Verify that the instance name is correct and that SQL Server is configured to allow remote connections. (provider: SQL Network Interfaces, error: 26 - Error Locating Server/Instance Specified)	 (cls_condbserver.ExecuteNonQuery())
2024-09-12 13:25:53:346	ERROR	A network-related or instance-specific error occurred while establishing a connection to SQL Server. The server was not found or was not accessible. Verify that the instance name is correct and that SQL Server is configured to allow remote connections. (provider: SQL Network Interfaces, error: 26 - Error Locating Server/Instance Specified)	 (cls_condbserver.ExecuteNonQuery())
2024-09-12 13:26:53:536	ERROR	A network-related or instance-specific error occurred while establishing a connection to SQL Server. The server was not found or was not accessible. Verify that the instance name is correct and that SQL Server is configured to allow remote connections. (provider: SQL Network Interfaces, error: 26 - Error Locating Server/Instance Specified)	 (cls_condbserver.ExecuteNonQuery())
2024-09-12 13:27:53:766	ERROR	A network-related or instance-specific error occurred while establishing a connection to SQL Server. The server was not found or was not accessible. Verify that the instance name is correct and that SQL Server is configured to allow remote connections. (provider: SQL Network Interfaces, error: 26 - Error Locating Server/Instance Specified)	 (cls_condbserver.ExecuteNonQuery())
2024-09-12 13:28:53:981	ERROR	A network-related or instance-specific error occurred while establishing a connection to SQL Server. The server was not found or was not accessible. Verify that the instance name is correct and that SQL Server is configured to allow remote connections. (provider: SQL Network Interfaces, error: 26 - Error Locating Server/Instance Specified)	 (cls_condbserver.ExecuteNonQuery())
2024-09-12 13:29:54:186	ERROR	A network-related or instance-specific error occurred while establishing a connection to SQL Server. The server was not found or was not accessible. Verify that the instance name is correct and that SQL Server is configured to allow remote connections. (provider: SQL Network Interfaces, error: 26 - Error Locating Server/Instance Specified)	 (cls_condbserver.ExecuteNonQuery())
2024-09-12 13:30:54:425	ERROR	A network-related or instance-specific error occurred while establishing a connection to SQL Server. The server was not found or was not accessible. Verify that the instance name is correct and that SQL Server is configured to allow remote connections. (provider: SQL Network Interfaces, error: 26 - Error Locating Server/Instance Specified)	 (cls_condbserver.ExecuteNonQuery())
2024-09-12 13:31:54:629	ERROR	A network-related or instance-specific error occurred while establishing a connection to SQL Server. The server was not found or was not accessible. Verify that the instance name is correct and that SQL Server is configured to allow remote connections. (provider: SQL Network Interfaces, error: 26 - Error Locating Server/Instance Specified)	 (cls_condbserver.ExecuteNonQuery())
2024-09-12 13:32:54:834	ERROR	A network-related or instance-specific error occurred while establishing a connection to SQL Server. The server was not found or was not accessible. Verify that the instance name is correct and that SQL Server is configured to allow remote connections. (provider: SQL Network Interfaces, error: 26 - Error Locating Server/Instance Specified)	 (cls_condbserver.ExecuteNonQuery())
2024-09-12 13:33:55:027	ERROR	A network-related or instance-specific error occurred while establishing a connection to SQL Server. The server was not found or was not accessible. Verify that the instance name is correct and that SQL Server is configured to allow remote connections. (provider: SQL Network Interfaces, error: 26 - Error Locating Server/Instance Specified)	 (cls_condbserver.ExecuteNonQuery())
2024-09-12 13:34:55:253	ERROR	A network-related or instance-specific error occurred while establishing a connection to SQL Server. The server was not found or was not accessible. Verify that the instance name is correct and that SQL Server is configured to allow remote connections. (provider: SQL Network Interfaces, error: 26 - Error Locating Server/Instance Specified)	 (cls_condbserver.ExecuteNonQuery())
2024-09-12 13:35:55:478	ERROR	A network-related or instance-specific error occurred while establishing a connection to SQL Server. The server was not found or was not accessible. Verify that the instance name is correct and that SQL Server is configured to allow remote connections. (provider: SQL Network Interfaces, error: 26 - Error Locating Server/Instance Specified)	 (cls_condbserver.ExecuteNonQuery())
2024-09-12 13:36:55:706	ERROR	A network-related or instance-specific error occurred while establishing a connection to SQL Server. The server was not found or was not accessible. Verify that the instance name is correct and that SQL Server is configured to allow remote connections. (provider: SQL Network Interfaces, error: 26 - Error Locating Server/Instance Specified)	 (cls_condbserver.ExecuteNonQuery())
2024-09-12 13:37:55:911	ERROR	A network-related or instance-specific error occurred while establishing a connection to SQL Server. The server was not found or was not accessible. Verify that the instance name is correct and that SQL Server is configured to allow remote connections. (provider: SQL Network Interfaces, error: 26 - Error Locating Server/Instance Specified)	 (cls_condbserver.ExecuteNonQuery())
2024-09-12 13:38:41:485	ERROR	Login failed for user 'sa'.	md.Fill()
2024-09-12 13:38:56:145	ERROR	A network-related or instance-specific error occurred while establishing a connection to SQL Server. The server was not found or was not accessible. Verify that the instance name is correct and that SQL Server is configured to allow remote connections. (provider: SQL Network Interfaces, error: 26 - Error Locating Server/Instance Specified)	 (cls_condbserver.ExecuteNonQuery())
2024-09-12 13:38:56:163	ERROR	A network-related or instance-specific error occurred while establishing a connection to SQL Server. The server was not found or was not accessible. Verify that the instance name is correct and that SQL Server is configured to allow remote connections. (provider: SQL Network Interfaces, error: 26 - Error Locating Server/Instance Specified)	 (cls_condbserver.ExecuteNonQuery())
2024-09-12 13:40:06:502	ERROR	A network-related or instance-specific error occurred while establishing a connection to SQL Server. The server was not found or was not accessible. Verify that the instance name is correct and that SQL Server is configured to allow remote connections. (provider: SQL Network Interfaces, error: 26 - Error Locating Server/Instance Specified)	 (cls_condbserver.ExecuteNonQuery())
2024-09-12 13:41:06:681	ERROR	A network-related or instance-specific error occurred while establishing a connection to SQL Server. The server was not found or was not accessible. Verify that the instance name is correct and that SQL Server is configured to allow remote connections. (provider: SQL Network Interfaces, error: 26 - Error Locating Server/Instance Specified)	 (cls_condbserver.ExecuteNonQuery())
2024-09-12 13:42:06:916	ERROR	A network-related or instance-specific error occurred while establishing a connection to SQL Server. The server was not found or was not accessible. Verify that the instance name is correct and that SQL Server is configured to allow remote connections. (provider: SQL Network Interfaces, error: 26 - Error Locating Server/Instance Specified)	 (cls_condbserver.ExecuteNonQuery())
2024-09-12 13:43:07:128	ERROR	A network-related or instance-specific error occurred while establishing a connection to SQL Server. The server was not found or was not accessible. Verify that the instance name is correct and that SQL Server is configured to allow remote connections. (provider: SQL Network Interfaces, error: 26 - Error Locating Server/Instance Specified)	 (cls_condbserver.ExecuteNonQuery())
2024-09-12 13:44:07:491	ERROR	A network-related or instance-specific error occurred while establishing a connection to SQL Server. The server was not found or was not accessible. Verify that the instance name is correct and that SQL Server is configured to allow remote connections. (provider: SQL Network Interfaces, error: 26 - Error Locating Server/Instance Specified)	 (cls_condbserver.ExecuteNonQuery())
2024-09-12 13:45:07:697	ERROR	A network-related or instance-specific error occurred while establishing a connection to SQL Server. The server was not found or was not accessible. Verify that the instance name is correct and that SQL Server is configured to allow remote connections. (provider: SQL Network Interfaces, error: 26 - Error Locating Server/Instance Specified)	 (cls_condbserver.ExecuteNonQuery())
2024-09-12 13:46:07:905	ERROR	A network-related or instance-specific error occurred while establishing a connection to SQL Server. The server was not found or was not accessible. Verify that the instance name is correct and that SQL Server is configured to allow remote connections. (provider: SQL Network Interfaces, error: 26 - Error Locating Server/Instance Specified)	 (cls_condbserver.ExecuteNonQuery())
2024-09-12 13:47:08:053	ERROR	A network-related or instance-specific error occurred while establishing a connection to SQL Server. The server was not found or was not accessible. Verify that the instance name is correct and that SQL Server is configured to allow remote connections. (provider: SQL Network Interfaces, error: 26 - Error Locating Server/Instance Specified)	 (cls_condbserver.ExecuteNonQuery())
2024-09-12 13:48:08:291	ERROR	A network-related or instance-specific error occurred while establishing a connection to SQL Server. The server was not found or was not accessible. Verify that the instance name is correct and that SQL Server is configured to allow remote connections. (provider: SQL Network Interfaces, error: 26 - Error Locating Server/Instance Specified)	 (cls_condbserver.ExecuteNonQuery())
2024-09-12 13:49:08:519	ERROR	A network-related or instance-specific error occurred while establishing a connection to SQL Server. The server was not found or was not accessible. Verify that the instance name is correct and that SQL Server is configured to allow remote connections. (provider: SQL Network Interfaces, error: 26 - Error Locating Server/Instance Specified)	 (cls_condbserver.ExecuteNonQuery())
2024-09-12 13:50:08:725	ERROR	A network-related or instance-specific error occurred while establishing a connection to SQL Server. The server was not found or was not accessible. Verify that the instance name is correct and that SQL Server is configured to allow remote connections. (provider: SQL Network Interfaces, error: 26 - Error Locating Server/Instance Specified)	 (cls_condbserver.ExecuteNonQuery())
2024-09-12 13:51:08:912	ERROR	A network-related or instance-specific error occurred while establishing a connection to SQL Server. The server was not found or was not accessible. Verify that the instance name is correct and that SQL Server is configured to allow remote connections. (provider: SQL Network Interfaces, error: 26 - Error Locating Server/Instance Specified)	 (cls_condbserver.ExecuteNonQuery())
2024-09-12 13:52:09:168	ERROR	A network-related or instance-specific error occurred while establishing a connection to SQL Server. The server was not found or was not accessible. Verify that the instance name is correct and that SQL Server is configured to allow remote connections. (provider: SQL Network Interfaces, error: 26 - Error Locating Server/Instance Specified)	 (cls_condbserver.ExecuteNonQuery())
2024-09-12 13:53:09:374	ERROR	A network-related or instance-specific error occurred while establishing a connection to SQL Server. The server was not found or was not accessible. Verify that the instance name is correct and that SQL Server is configured to allow remote connections. (provider: SQL Network Interfaces, error: 26 - Error Locating Server/Instance Specified)	 (cls_condbserver.ExecuteNonQuery())
2024-09-12 13:54:09:566	ERROR	A network-related or instance-specific error occurred while establishing a connection to SQL Server. The server was not found or was not accessible. Verify that the instance name is correct and that SQL Server is configured to allow remote connections. (provider: SQL Network Interfaces, error: 26 - Error Locating Server/Instance Specified)	 (cls_condbserver.ExecuteNonQuery())
2024-09-12 13:55:09:764	ERROR	A network-related or instance-specific error occurred while establishing a connection to SQL Server. The server was not found or was not accessible. Verify that the instance name is correct and that SQL Server is configured to allow remote connections. (provider: SQL Network Interfaces, error: 26 - Error Locating Server/Instance Specified)	 (cls_condbserver.ExecuteNonQuery())
2024-09-12 13:56:09:990	ERROR	A network-related or instance-specific error occurred while establishing a connection to SQL Server. The server was not found or was not accessible. Verify that the instance name is correct and that SQL Server is configured to allow remote connections. (provider: SQL Network Interfaces, error: 26 - Error Locating Server/Instance Specified)	 (cls_condbserver.ExecuteNonQuery())
2024-09-12 13:57:10:226	ERROR	A network-related or instance-specific error occurred while establishing a connection to SQL Server. The server was not found or was not accessible. Verify that the instance name is correct and that SQL Server is configured to allow remote connections. (provider: SQL Network Interfaces, error: 26 - Error Locating Server/Instance Specified)	 (cls_condbserver.ExecuteNonQuery())
2024-09-12 13:58:10:398	ERROR	A network-related or instance-specific error occurred while establishing a connection to SQL Server. The server was not found or was not accessible. Verify that the instance name is correct and that SQL Server is configured to allow remote connections. (provider: SQL Network Interfaces, error: 26 - Error Locating Server/Instance Specified)	 (cls_condbserver.ExecuteNonQuery())
2024-09-12 13:59:10:581	ERROR	A network-related or instance-specific error occurred while establishing a connection to SQL Server. The server was not found or was not accessible. Verify that the instance name is correct and that SQL Server is configured to allow remote connections. (provider: SQL Network Interfaces, error: 26 - Error Locating Server/Instance Specified)	 (cls_condbserver.ExecuteNonQuery())
2024-09-12 14:00:10:791	ERROR	A network-related or instance-specific error occurred while establishing a connection to SQL Server. The server was not found or was not accessible. Verify that the instance name is correct and that SQL Server is configured to allow remote connections. (provider: SQL Network Interfaces, error: 26 - Error Locating Server/Instance Specified)	 (cls_condbserver.ExecuteNonQuery())
2024-09-12 14:01:11:007	ERROR	A network-related or instance-specific error occurred while establishing a connection to SQL Server. The server was not found or was not accessible. Verify that the instance name is correct and that SQL Server is configured to allow remote connections. (provider: SQL Network Interfaces, error: 26 - Error Locating Server/Instance Specified)	 (cls_condbserver.ExecuteNonQuery())
2024-09-12 14:02:11:190	ERROR	A network-related or instance-specific error occurred while establishing a connection to SQL Server. The server was not found or was not accessible. Verify that the instance name is correct and that SQL Server is configured to allow remote connections. (provider: SQL Network Interfaces, error: 26 - Error Locating Server/Instance Specified)	 (cls_condbserver.ExecuteNonQuery())
2024-09-12 14:03:11:398	ERROR	A network-related or instance-specific error occurred while establishing a connection to SQL Server. The server was not found or was not accessible. Verify that the instance name is correct and that SQL Server is configured to allow remote connections. (provider: SQL Network Interfaces, error: 26 - Error Locating Server/Instance Specified)	 (cls_condbserver.ExecuteNonQuery())
2024-09-12 14:04:11:628	ERROR	A network-related or instance-specific error occurred while establishing a connection to SQL Server. The server was not found or was not accessible. Verify that the instance name is correct and that SQL Server is configured to allow remote connections. (provider: SQL Network Interfaces, error: 26 - Error Locating Server/Instance Specified)	 (cls_condbserver.ExecuteNonQuery())
2024-09-12 14:05:11:854	ERROR	A network-related or instance-specific error occurred while establishing a connection to SQL Server. The server was not found or was not accessible. Verify that the instance name is correct and that SQL Server is configured to allow remote connections. (provider: SQL Network Interfaces, error: 26 - Error Locating Server/Instance Specified)	 (cls_condbserver.ExecuteNonQuery())
2024-09-12 14:06:12:057	ERROR	A network-related or instance-specific error occurred while establishing a connection to SQL Server. The server was not found or was not accessible. Verify that the instance name is correct and that SQL Server is configured to allow remote connections. (provider: SQL Network Interfaces, error: 26 - Error Locating Server/Instance Specified)	 (cls_condbserver.ExecuteNonQuery())
2024-09-12 14:07:12:234	ERROR	A network-related or instance-specific error occurred while establishing a connection to SQL Server. The server was not found or was not accessible. Verify that the instance name is correct and that SQL Server is configured to allow remote connections. (provider: SQL Network Interfaces, error: 26 - Error Locating Server/Instance Specified)	 (cls_condbserver.ExecuteNonQuery())
2024-09-12 14:08:12:468	ERROR	A network-related or instance-specific error occurred while establishing a connection to SQL Server. The server was not found or was not accessible. Verify that the instance name is correct and that SQL Server is configured to allow remote connections. (provider: SQL Network Interfaces, error: 26 - Error Locating Server/Instance Specified)	 (cls_condbserver.ExecuteNonQuery())
2024-09-12 14:08:58:027	ERROR	Login failed for user 'sa'.	md.Fill()
2024-09-12 14:09:12:659	ERROR	A network-related or instance-specific error occurred while establishing a connection to SQL Server. The server was not found or was not accessible. Verify that the instance name is correct and that SQL Server is configured to allow remote connections. (provider: SQL Network Interfaces, error: 26 - Error Locating Server/Instance Specified)	 (cls_condbserver.ExecuteNonQuery())
2024-09-12 14:09:22:729	ERROR	A network-related or instance-specific error occurred while establishing a connection to SQL Server. The server was not found or was not accessible. Verify that the instance name is correct and that SQL Server is configured to allow remote connections. (provider: SQL Network Interfaces, error: 26 - Error Locating Server/Instance Specified)	 (cls_condbserver.ExecuteNonQuery())
2024-09-12 14:10:22:939	ERROR	A network-related or instance-specific error occurred while establishing a connection to SQL Server. The server was not found or was not accessible. Verify that the instance name is correct and that SQL Server is configured to allow remote connections. (provider: SQL Network Interfaces, error: 26 - Error Locating Server/Instance Specified)	 (cls_condbserver.ExecuteNonQuery())
2024-09-12 14:11:23:145	ERROR	A network-related or instance-specific error occurred while establishing a connection to SQL Server. The server was not found or was not accessible. Verify that the instance name is correct and that SQL Server is configured to allow remote connections. (provider: SQL Network Interfaces, error: 26 - Error Locating Server/Instance Specified)	 (cls_condbserver.ExecuteNonQuery())
2024-09-12 14:12:23:316	ERROR	A network-related or instance-specific error occurred while establishing a connection to SQL Server. The server was not found or was not accessible. Verify that the instance name is correct and that SQL Server is configured to allow remote connections. (provider: SQL Network Interfaces, error: 26 - Error Locating Server/Instance Specified)	 (cls_condbserver.ExecuteNonQuery())
2024-09-12 14:13:23:560	ERROR	A network-related or instance-specific error occurred while establishing a connection to SQL Server. The server was not found or was not accessible. Verify that the instance name is correct and that SQL Server is configured to allow remote connections. (provider: SQL Network Interfaces, error: 26 - Error Locating Server/Instance Specified)	 (cls_condbserver.ExecuteNonQuery())
2024-09-12 14:14:23:768	ERROR	A network-related or instance-specific error occurred while establishing a connection to SQL Server. The server was not found or was not accessible. Verify that the instance name is correct and that SQL Server is configured to allow remote connections. (provider: SQL Network Interfaces, error: 26 - Error Locating Server/Instance Specified)	 (cls_condbserver.ExecuteNonQuery())
2024-09-12 14:15:23:965	ERROR	A network-related or instance-specific error occurred while establishing a connection to SQL Server. The server was not found or was not accessible. Verify that the instance name is correct and that SQL Server is configured to allow remote connections. (provider: SQL Network Interfaces, error: 26 - Error Locating Server/Instance Specified)	 (cls_condbserver.ExecuteNonQuery())
2024-09-12 14:16:24:181	ERROR	A network-related or instance-specific error occurred while establishing a connection to SQL Server. The server was not found or was not accessible. Verify that the instance name is correct and that SQL Server is configured to allow remote connections. (provider: SQL Network Interfaces, error: 26 - Error Locating Server/Instance Specified)	 (cls_condbserver.ExecuteNonQuery())
2024-09-12 14:17:24:388	ERROR	A network-related or instance-specific error occurred while establishing a connection to SQL Server. The server was not found or was not accessible. Verify that the instance name is correct and that SQL Server is configured to allow remote connections. (provider: SQL Network Interfaces, error: 26 - Error Locating Server/Instance Specified)	 (cls_condbserver.ExecuteNonQuery())
2024-09-12 14:18:24:592	ERROR	A network-related or instance-specific error occurred while establishing a connection to SQL Server. The server was not found or was not accessible. Verify that the instance name is correct and that SQL Server is configured to allow remote connections. (provider: SQL Network Interfaces, error: 26 - Error Locating Server/Instance Specified)	 (cls_condbserver.ExecuteNonQuery())
2024-09-12 14:19:24:759	ERROR	A network-related or instance-specific error occurred while establishing a connection to SQL Server. The server was not found or was not accessible. Verify that the instance name is correct and that SQL Server is configured to allow remote connections. (provider: SQL Network Interfaces, error: 26 - Error Locating Server/Instance Specified)	 (cls_condbserver.ExecuteNonQuery())
2024-09-12 14:20:24:989	ERROR	A network-related or instance-specific error occurred while establishing a connection to SQL Server. The server was not found or was not accessible. Verify that the instance name is correct and that SQL Server is configured to allow remote connections. (provider: SQL Network Interfaces, error: 26 - Error Locating Server/Instance Specified)	 (cls_condbserver.ExecuteNonQuery())
2024-09-12 14:21:25:184	ERROR	A network-related or instance-specific error occurred while establishing a connection to SQL Server. The server was not found or was not accessible. Verify that the instance name is correct and that SQL Server is configured to allow remote connections. (provider: SQL Network Interfaces, error: 26 - Error Locating Server/Instance Specified)	 (cls_condbserver.ExecuteNonQuery())
2024-09-12 14:22:25:409	ERROR	A network-related or instance-specific error occurred while establishing a connection to SQL Server. The server was not found or was not accessible. Verify that the instance name is correct and that SQL Server is configured to allow remote connections. (provider: SQL Network Interfaces, error: 26 - Error Locating Server/Instance Specified)	 (cls_condbserver.ExecuteNonQuery())
2024-09-12 14:23:25:618	ERROR	A network-related or instance-specific error occurred while establishing a connection to SQL Server. The server was not found or was not accessible. Verify that the instance name is correct and that SQL Server is configured to allow remote connections. (provider: SQL Network Interfaces, error: 26 - Error Locating Server/Instance Specified)	 (cls_condbserver.ExecuteNonQuery())
2024-09-12 14:24:25:815	ERROR	A network-related or instance-specific error occurred while establishing a connection to SQL Server. The server was not found or was not accessible. Verify that the instance name is correct and that SQL Server is configured to allow remote connections. (provider: SQL Network Interfaces, error: 26 - Error Locating Server/Instance Specified)	 (cls_condbserver.ExecuteNonQuery())
2024-09-12 14:25:26:020	ERROR	A network-related or instance-specific error occurred while establishing a connection to SQL Server. The server was not found or was not accessible. Verify that the instance name is correct and that SQL Server is configured to allow remote connections. (provider: SQL Network Interfaces, error: 26 - Error Locating Server/Instance Specified)	 (cls_condbserver.ExecuteNonQuery())
2024-09-12 14:26:26:247	ERROR	A network-related or instance-specific error occurred while establishing a connection to SQL Server. The server was not found or was not accessible. Verify that the instance name is correct and that SQL Server is configured to allow remote connections. (provider: SQL Network Interfaces, error: 26 - Error Locating Server/Instance Specified)	 (cls_condbserver.ExecuteNonQuery())
2024-09-12 14:27:26:478	ERROR	A network-related or instance-specific error occurred while establishing a connection to SQL Server. The server was not found or was not accessible. Verify that the instance name is correct and that SQL Server is configured to allow remote connections. (provider: SQL Network Interfaces, error: 26 - Error Locating Server/Instance Specified)	 (cls_condbserver.ExecuteNonQuery())
2024-09-12 14:28:26:633	ERROR	A network-related or instance-specific error occurred while establishing a connection to SQL Server. The server was not found or was not accessible. Verify that the instance name is correct and that SQL Server is configured to allow remote connections. (provider: SQL Network Interfaces, error: 26 - Error Locating Server/Instance Specified)	 (cls_condbserver.ExecuteNonQuery())
2024-09-12 14:29:26:857	ERROR	A network-related or instance-specific error occurred while establishing a connection to SQL Server. The server was not found or was not accessible. Verify that the instance name is correct and that SQL Server is configured to allow remote connections. (provider: SQL Network Interfaces, error: 26 - Error Locating Server/Instance Specified)	 (cls_condbserver.ExecuteNonQuery())
2024-09-12 14:30:27:093	ERROR	A network-related or instance-specific error occurred while establishing a connection to SQL Server. The server was not found or was not accessible. Verify that the instance name is correct and that SQL Server is configured to allow remote connections. (provider: SQL Network Interfaces, error: 26 - Error Locating Server/Instance Specified)	 (cls_condbserver.ExecuteNonQuery())
2024-09-12 14:31:27:290	ERROR	A network-related or instance-specific error occurred while establishing a connection to SQL Server. The server was not found or was not accessible. Verify that the instance name is correct and that SQL Server is configured to allow remote connections. (provider: SQL Network Interfaces, error: 26 - Error Locating Server/Instance Specified)	 (cls_condbserver.ExecuteNonQuery())
2024-09-12 14:32:27:477	ERROR	A network-related or instance-specific error occurred while establishing a connection to SQL Server. The server was not found or was not accessible. Verify that the instance name is correct and that SQL Server is configured to allow remote connections. (provider: SQL Network Interfaces, error: 26 - Error Locating Server/Instance Specified)	 (cls_condbserver.ExecuteNonQuery())
2024-09-12 14:33:27:663	ERROR	A network-related or instance-specific error occurred while establishing a connection to SQL Server. The server was not found or was not accessible. Verify that the instance name is correct and that SQL Server is configured to allow remote connections. (provider: SQL Network Interfaces, error: 26 - Error Locating Server/Instance Specified)	 (cls_condbserver.ExecuteNonQuery())
2024-09-12 14:34:27:878	ERROR	A network-related or instance-specific error occurred while establishing a connection to SQL Server. The server was not found or was not accessible. Verify that the instance name is correct and that SQL Server is configured to allow remote connections. (provider: SQL Network Interfaces, error: 26 - Error Locating Server/Instance Specified)	 (cls_condbserver.ExecuteNonQuery())
2024-09-12 14:35:28:082	ERROR	A network-related or instance-specific error occurred while establishing a connection to SQL Server. The server was not found or was not accessible. Verify that the instance name is correct and that SQL Server is configured to allow remote connections. (provider: SQL Network Interfaces, error: 26 - Error Locating Server/Instance Specified)	 (cls_condbserver.ExecuteNonQuery())
2024-09-12 14:36:28:296	ERROR	A network-related or instance-specific error occurred while establishing a connection to SQL Server. The server was not found or was not accessible. Verify that the instance name is correct and that SQL Server is configured to allow remote connections. (provider: SQL Network Interfaces, error: 26 - Error Locating Server/Instance Specified)	 (cls_condbserver.ExecuteNonQuery())
2024-09-12 14:37:28:491	ERROR	A network-related or instance-specific error occurred while establishing a connection to SQL Server. The server was not found or was not accessible. Verify that the instance name is correct and that SQL Server is configured to allow remote connections. (provider: SQL Network Interfaces, error: 26 - Error Locating Server/Instance Specified)	 (cls_condbserver.ExecuteNonQuery())
2024-09-12 14:38:28:702	ERROR	A network-related or instance-specific error occurred while establishing a connection to SQL Server. The server was not found or was not accessible. Verify that the instance name is correct and that SQL Server is configured to allow remote connections. (provider: SQL Network Interfaces, error: 26 - Error Locating Server/Instance Specified)	 (cls_condbserver.ExecuteNonQuery())
2024-09-12 14:39:14:241	ERROR	Login failed for user 'sa'.	md.Fill()
2024-09-12 14:39:28:885	ERROR	A network-related or instance-specific error occurred while establishing a connection to SQL Server. The server was not found or was not accessible. Verify that the instance name is correct and that SQL Server is configured to allow remote connections. (provider: SQL Network Interfaces, error: 26 - Error Locating Server/Instance Specified)	 (cls_condbserver.ExecuteNonQuery())
2024-09-12 14:39:28:905	ERROR	A network-related or instance-specific error occurred while establishing a connection to SQL Server. The server was not found or was not accessible. Verify that the instance name is correct and that SQL Server is configured to allow remote connections. (provider: SQL Network Interfaces, error: 26 - Error Locating Server/Instance Specified)	 (cls_condbserver.ExecuteNonQuery())
2024-09-12 14:40:39:190	ERROR	A network-related or instance-specific error occurred while establishing a connection to SQL Server. The server was not found or was not accessible. Verify that the instance name is correct and that SQL Server is configured to allow remote connections. (provider: SQL Network Interfaces, error: 26 - Error Locating Server/Instance Specified)	 (cls_condbserver.ExecuteNonQuery())
2024-09-12 14:41:39:391	ERROR	A network-related or instance-specific error occurred while establishing a connection to SQL Server. The server was not found or was not accessible. Verify that the instance name is correct and that SQL Server is configured to allow remote connections. (provider: SQL Network Interfaces, error: 26 - Error Locating Server/Instance Specified)	 (cls_condbserver.ExecuteNonQuery())
2024-09-12 14:42:39:593	ERROR	A network-related or instance-specific error occurred while establishing a connection to SQL Server. The server was not found or was not accessible. Verify that the instance name is correct and that SQL Server is configured to allow remote connections. (provider: SQL Network Interfaces, error: 26 - Error Locating Server/Instance Specified)	 (cls_condbserver.ExecuteNonQuery())
2024-09-12 14:43:39:799	ERROR	A network-related or instance-specific error occurred while establishing a connection to SQL Server. The server was not found or was not accessible. Verify that the instance name is correct and that SQL Server is configured to allow remote connections. (provider: SQL Network Interfaces, error: 26 - Error Locating Server/Instance Specified)	 (cls_condbserver.ExecuteNonQuery())
2024-09-12 14:44:39:949	ERROR	A network-related or instance-specific error occurred while establishing a connection to SQL Server. The server was not found or was not accessible. Verify that the instance name is correct and that SQL Server is configured to allow remote connections. (provider: SQL Network Interfaces, error: 26 - Error Locating Server/Instance Specified)	 (cls_condbserver.ExecuteNonQuery())
2024-09-12 14:45:40:169	ERROR	A network-related or instance-specific error occurred while establishing a connection to SQL Server. The server was not found or was not accessible. Verify that the instance name is correct and that SQL Server is configured to allow remote connections. (provider: SQL Network Interfaces, error: 26 - Error Locating Server/Instance Specified)	 (cls_condbserver.ExecuteNonQuery())
2024-09-12 14:46:40:387	ERROR	A network-related or instance-specific error occurred while establishing a connection to SQL Server. The server was not found or was not accessible. Verify that the instance name is correct and that SQL Server is configured to allow remote connections. (provider: SQL Network Interfaces, error: 26 - Error Locating Server/Instance Specified)	 (cls_condbserver.ExecuteNonQuery())
2024-09-12 14:47:40:633	ERROR	A network-related or instance-specific error occurred while establishing a connection to SQL Server. The server was not found or was not accessible. Verify that the instance name is correct and that SQL Server is configured to allow remote connections. (provider: SQL Network Interfaces, error: 26 - Error Locating Server/Instance Specified)	 (cls_condbserver.ExecuteNonQuery())
2024-09-12 14:48:40:809	ERROR	A network-related or instance-specific error occurred while establishing a connection to SQL Server. The server was not found or was not accessible. Verify that the instance name is correct and that SQL Server is configured to allow remote connections. (provider: SQL Network Interfaces, error: 26 - Error Locating Server/Instance Specified)	 (cls_condbserver.ExecuteNonQuery())
2024-09-12 14:49:41:009	ERROR	A network-related or instance-specific error occurred while establishing a connection to SQL Server. The server was not found or was not accessible. Verify that the instance name is correct and that SQL Server is configured to allow remote connections. (provider: SQL Network Interfaces, error: 26 - Error Locating Server/Instance Specified)	 (cls_condbserver.ExecuteNonQuery())
2024-09-12 14:50:41:237	ERROR	A network-related or instance-specific error occurred while establishing a connection to SQL Server. The server was not found or was not accessible. Verify that the instance name is correct and that SQL Server is configured to allow remote connections. (provider: SQL Network Interfaces, error: 26 - Error Locating Server/Instance Specified)	 (cls_condbserver.ExecuteNonQuery())
2024-09-12 14:51:41:408	ERROR	A network-related or instance-specific error occurred while establishing a connection to SQL Server. The server was not found or was not accessible. Verify that the instance name is correct and that SQL Server is configured to allow remote connections. (provider: SQL Network Interfaces, error: 26 - Error Locating Server/Instance Specified)	 (cls_condbserver.ExecuteNonQuery())
2024-09-12 14:52:41:629	ERROR	A network-related or instance-specific error occurred while establishing a connection to SQL Server. The server was not found or was not accessible. Verify that the instance name is correct and that SQL Server is configured to allow remote connections. (provider: SQL Network Interfaces, error: 26 - Error Locating Server/Instance Specified)	 (cls_condbserver.ExecuteNonQuery())
2024-09-12 14:53:41:841	ERROR	A network-related or instance-specific error occurred while establishing a connection to SQL Server. The server was not found or was not accessible. Verify that the instance name is correct and that SQL Server is configured to allow remote connections. (provider: SQL Network Interfaces, error: 26 - Error Locating Server/Instance Specified)	 (cls_condbserver.ExecuteNonQuery())
2024-09-12 14:54:42:036	ERROR	A network-related or instance-specific error occurred while establishing a connection to SQL Server. The server was not found or was not accessible. Verify that the instance name is correct and that SQL Server is configured to allow remote connections. (provider: SQL Network Interfaces, error: 26 - Error Locating Server/Instance Specified)	 (cls_condbserver.ExecuteNonQuery())
2024-09-12 14:55:42:214	ERROR	A network-related or instance-specific error occurred while establishing a connection to SQL Server. The server was not found or was not accessible. Verify that the instance name is correct and that SQL Server is configured to allow remote connections. (provider: SQL Network Interfaces, error: 26 - Error Locating Server/Instance Specified)	 (cls_condbserver.ExecuteNonQuery())
2024-09-12 14:56:42:450	ERROR	A network-related or instance-specific error occurred while establishing a connection to SQL Server. The server was not found or was not accessible. Verify that the instance name is correct and that SQL Server is configured to allow remote connections. (provider: SQL Network Interfaces, error: 26 - Error Locating Server/Instance Specified)	 (cls_condbserver.ExecuteNonQuery())
2024-09-12 14:57:42:626	ERROR	A network-related or instance-specific error occurred while establishing a connection to SQL Server. The server was not found or was not accessible. Verify that the instance name is correct and that SQL Server is configured to allow remote connections. (provider: SQL Network Interfaces, error: 26 - Error Locating Server/Instance Specified)	 (cls_condbserver.ExecuteNonQuery())
2024-09-12 14:58:42:855	ERROR	A network-related or instance-specific error occurred while establishing a connection to SQL Server. The server was not found or was not accessible. Verify that the instance name is correct and that SQL Server is configured to allow remote connections. (provider: SQL Network Interfaces, error: 26 - Error Locating Server/Instance Specified)	 (cls_condbserver.ExecuteNonQuery())
2024-09-12 14:59:43:054	ERROR	A network-related or instance-specific error occurred while establishing a connection to SQL Server. The server was not found or was not accessible. Verify that the instance name is correct and that SQL Server is configured to allow remote connections. (provider: SQL Network Interfaces, error: 26 - Error Locating Server/Instance Specified)	 (cls_condbserver.ExecuteNonQuery())
2024-09-12 15:00:43:266	ERROR	A network-related or instance-specific error occurred while establishing a connection to SQL Server. The server was not found or was not accessible. Verify that the instance name is correct and that SQL Server is configured to allow remote connections. (provider: SQL Network Interfaces, error: 26 - Error Locating Server/Instance Specified)	 (cls_condbserver.ExecuteNonQuery())
2024-09-12 15:01:43:431	ERROR	A network-related or instance-specific error occurred while establishing a connection to SQL Server. The server was not found or was not accessible. Verify that the instance name is correct and that SQL Server is configured to allow remote connections. (provider: SQL Network Interfaces, error: 26 - Error Locating Server/Instance Specified)	 (cls_condbserver.ExecuteNonQuery())
2024-09-12 15:02:43:626	ERROR	A network-related or instance-specific error occurred while establishing a connection to SQL Server. The server was not found or was not accessible. Verify that the instance name is correct and that SQL Server is configured to allow remote connections. (provider: SQL Network Interfaces, error: 26 - Error Locating Server/Instance Specified)	 (cls_condbserver.ExecuteNonQuery())
2024-09-12 15:03:43:860	ERROR	A network-related or instance-specific error occurred while establishing a connection to SQL Server. The server was not found or was not accessible. Verify that the instance name is correct and that SQL Server is configured to allow remote connections. (provider: SQL Network Interfaces, error: 26 - Error Locating Server/Instance Specified)	 (cls_condbserver.ExecuteNonQuery())
2024-09-12 15:04:44:068	ERROR	A network-related or instance-specific error occurred while establishing a connection to SQL Server. The server was not found or was not accessible. Verify that the instance name is correct and that SQL Server is configured to allow remote connections. (provider: SQL Network Interfaces, error: 26 - Error Locating Server/Instance Specified)	 (cls_condbserver.ExecuteNonQuery())
2024-09-12 15:05:44:268	ERROR	A network-related or instance-specific error occurred while establishing a connection to SQL Server. The server was not found or was not accessible. Verify that the instance name is correct and that SQL Server is configured to allow remote connections. (provider: SQL Network Interfaces, error: 26 - Error Locating Server/Instance Specified)	 (cls_condbserver.ExecuteNonQuery())
2024-09-12 15:06:44:460	ERROR	A network-related or instance-specific error occurred while establishing a connection to SQL Server. The server was not found or was not accessible. Verify that the instance name is correct and that SQL Server is configured to allow remote connections. (provider: SQL Network Interfaces, error: 26 - Error Locating Server/Instance Specified)	 (cls_condbserver.ExecuteNonQuery())
2024-09-12 15:07:44:667	ERROR	A network-related or instance-specific error occurred while establishing a connection to SQL Server. The server was not found or was not accessible. Verify that the instance name is correct and that SQL Server is configured to allow remote connections. (provider: SQL Network Interfaces, error: 26 - Error Locating Server/Instance Specified)	 (cls_condbserver.ExecuteNonQuery())
2024-09-12 15:08:44:896	ERROR	A network-related or instance-specific error occurred while establishing a connection to SQL Server. The server was not found or was not accessible. Verify that the instance name is correct and that SQL Server is configured to allow remote connections. (provider: SQL Network Interfaces, error: 26 - Error Locating Server/Instance Specified)	 (cls_condbserver.ExecuteNonQuery())
2024-09-12 15:09:30:417	ERROR	Login failed for user 'sa'.	md.Fill()
2024-09-12 15:09:45:083	ERROR	A network-related or instance-specific error occurred while establishing a connection to SQL Server. The server was not found or was not accessible. Verify that the instance name is correct and that SQL Server is configured to allow remote connections. (provider: SQL Network Interfaces, error: 26 - Error Locating Server/Instance Specified)	 (cls_condbserver.ExecuteNonQuery())
2024-09-12 15:09:45:102	ERROR	A network-related or instance-specific error occurred while establishing a connection to SQL Server. The server was not found or was not accessible. Verify that the instance name is correct and that SQL Server is configured to allow remote connections. (provider: SQL Network Interfaces, error: 26 - Error Locating Server/Instance Specified)	 (cls_condbserver.ExecuteNonQuery())
2024-09-12 15:10:55:274	ERROR	A network-related or instance-specific error occurred while establishing a connection to SQL Server. The server was not found or was not accessible. Verify that the instance name is correct and that SQL Server is configured to allow remote connections. (provider: SQL Network Interfaces, error: 26 - Error Locating Server/Instance Specified)	 (cls_condbserver.ExecuteNonQuery())
2024-09-12 15:11:55:527	ERROR	A network-related or instance-specific error occurred while establishing a connection to SQL Server. The server was not found or was not accessible. Verify that the instance name is correct and that SQL Server is configured to allow remote connections. (provider: SQL Network Interfaces, error: 26 - Error Locating Server/Instance Specified)	 (cls_condbserver.ExecuteNonQuery())
2024-09-12 15:12:55:734	ERROR	A network-related or instance-specific error occurred while establishing a connection to SQL Server. The server was not found or was not accessible. Verify that the instance name is correct and that SQL Server is configured to allow remote connections. (provider: SQL Network Interfaces, error: 26 - Error Locating Server/Instance Specified)	 (cls_condbserver.ExecuteNonQuery())
2024-09-12 15:13:55:928	ERROR	A network-related or instance-specific error occurred while establishing a connection to SQL Server. The server was not found or was not accessible. Verify that the instance name is correct and that SQL Server is configured to allow remote connections. (provider: SQL Network Interfaces, error: 26 - Error Locating Server/Instance Specified)	 (cls_condbserver.ExecuteNonQuery())
2024-09-12 15:14:56:111	ERROR	A network-related or instance-specific error occurred while establishing a connection to SQL Server. The server was not found or was not accessible. Verify that the instance name is correct and that SQL Server is configured to allow remote connections. (provider: SQL Network Interfaces, error: 26 - Error Locating Server/Instance Specified)	 (cls_condbserver.ExecuteNonQuery())
2024-09-12 15:15:56:305	ERROR	A network-related or instance-specific error occurred while establishing a connection to SQL Server. The server was not found or was not accessible. Verify that the instance name is correct and that SQL Server is configured to allow remote connections. (provider: SQL Network Interfaces, error: 26 - Error Locating Server/Instance Specified)	 (cls_condbserver.ExecuteNonQuery())
2024-09-12 15:16:56:552	ERROR	A network-related or instance-specific error occurred while establishing a connection to SQL Server. The server was not found or was not accessible. Verify that the instance name is correct and that SQL Server is configured to allow remote connections. (provider: SQL Network Interfaces, error: 26 - Error Locating Server/Instance Specified)	 (cls_condbserver.ExecuteNonQuery())
2024-09-12 15:17:56:745	ERROR	A network-related or instance-specific error occurred while establishing a connection to SQL Server. The server was not found or was not accessible. Verify that the instance name is correct and that SQL Server is configured to allow remote connections. (provider: SQL Network Interfaces, error: 26 - Error Locating Server/Instance Specified)	 (cls_condbserver.ExecuteNonQuery())
2024-09-12 15:18:56:989	ERROR	A network-related or instance-specific error occurred while establishing a connection to SQL Server. The server was not found or was not accessible. Verify that the instance name is correct and that SQL Server is configured to allow remote connections. (provider: SQL Network Interfaces, error: 26 - Error Locating Server/Instance Specified)	 (cls_condbserver.ExecuteNonQuery())
2024-09-12 15:19:57:197	ERROR	A network-related or instance-specific error occurred while establishing a connection to SQL Server. The server was not found or was not accessible. Verify that the instance name is correct and that SQL Server is configured to allow remote connections. (provider: SQL Network Interfaces, error: 26 - Error Locating Server/Instance Specified)	 (cls_condbserver.ExecuteNonQuery())
2024-09-12 15:20:57:422	ERROR	A network-related or instance-specific error occurred while establishing a connection to SQL Server. The server was not found or was not accessible. Verify that the instance name is correct and that SQL Server is configured to allow remote connections. (provider: SQL Network Interfaces, error: 26 - Error Locating Server/Instance Specified)	 (cls_condbserver.ExecuteNonQuery())
2024-09-12 15:21:57:588	ERROR	A network-related or instance-specific error occurred while establishing a connection to SQL Server. The server was not found or was not accessible. Verify that the instance name is correct and that SQL Server is configured to allow remote connections. (provider: SQL Network Interfaces, error: 26 - Error Locating Server/Instance Specified)	 (cls_condbserver.ExecuteNonQuery())
2024-09-12 15:22:57:830	ERROR	A network-related or instance-specific error occurred while establishing a connection to SQL Server. The server was not found or was not accessible. Verify that the instance name is correct and that SQL Server is configured to allow remote connections. (provider: SQL Network Interfaces, error: 26 - Error Locating Server/Instance Specified)	 (cls_condbserver.ExecuteNonQuery())
2024-09-12 15:23:57:986	ERROR	A network-related or instance-specific error occurred while establishing a connection to SQL Server. The server was not found or was not accessible. Verify that the instance name is correct and that SQL Server is configured to allow remote connections. (provider: SQL Network Interfaces, error: 26 - Error Locating Server/Instance Specified)	 (cls_condbserver.ExecuteNonQuery())
2024-09-12 15:24:58:250	ERROR	A network-related or instance-specific error occurred while establishing a connection to SQL Server. The server was not found or was not accessible. Verify that the instance name is correct and that SQL Server is configured to allow remote connections. (provider: SQL Network Interfaces, error: 26 - Error Locating Server/Instance Specified)	 (cls_condbserver.ExecuteNonQuery())
2024-09-12 15:25:58:468	ERROR	A network-related or instance-specific error occurred while establishing a connection to SQL Server. The server was not found or was not accessible. Verify that the instance name is correct and that SQL Server is configured to allow remote connections. (provider: SQL Network Interfaces, error: 26 - Error Locating Server/Instance Specified)	 (cls_condbserver.ExecuteNonQuery())
2024-09-12 15:26:58:640	ERROR	A network-related or instance-specific error occurred while establishing a connection to SQL Server. The server was not found or was not accessible. Verify that the instance name is correct and that SQL Server is configured to allow remote connections. (provider: SQL Network Interfaces, error: 26 - Error Locating Server/Instance Specified)	 (cls_condbserver.ExecuteNonQuery())
2024-09-12 15:27:58:838	ERROR	A network-related or instance-specific error occurred while establishing a connection to SQL Server. The server was not found or was not accessible. Verify that the instance name is correct and that SQL Server is configured to allow remote connections. (provider: SQL Network Interfaces, error: 26 - Error Locating Server/Instance Specified)	 (cls_condbserver.ExecuteNonQuery())
2024-09-12 15:28:59:053	ERROR	A network-related or instance-specific error occurred while establishing a connection to SQL Server. The server was not found or was not accessible. Verify that the instance name is correct and that SQL Server is configured to allow remote connections. (provider: SQL Network Interfaces, error: 26 - Error Locating Server/Instance Specified)	 (cls_condbserver.ExecuteNonQuery())
2024-09-12 15:29:59:213	ERROR	A network-related or instance-specific error occurred while establishing a connection to SQL Server. The server was not found or was not accessible. Verify that the instance name is correct and that SQL Server is configured to allow remote connections. (provider: SQL Network Interfaces, error: 26 - Error Locating Server/Instance Specified)	 (cls_condbserver.ExecuteNonQuery())
2024-09-12 15:30:59:453	ERROR	A network-related or instance-specific error occurred while establishing a connection to SQL Server. The server was not found or was not accessible. Verify that the instance name is correct and that SQL Server is configured to allow remote connections. (provider: SQL Network Interfaces, error: 26 - Error Locating Server/Instance Specified)	 (cls_condbserver.ExecuteNonQuery())
2024-09-12 15:31:59:676	ERROR	A network-related or instance-specific error occurred while establishing a connection to SQL Server. The server was not found or was not accessible. Verify that the instance name is correct and that SQL Server is configured to allow remote connections. (provider: SQL Network Interfaces, error: 26 - Error Locating Server/Instance Specified)	 (cls_condbserver.ExecuteNonQuery())
2024-09-12 15:32:59:858	ERROR	A network-related or instance-specific error occurred while establishing a connection to SQL Server. The server was not found or was not accessible. Verify that the instance name is correct and that SQL Server is configured to allow remote connections. (provider: SQL Network Interfaces, error: 26 - Error Locating Server/Instance Specified)	 (cls_condbserver.ExecuteNonQuery())
2024-09-12 15:34:00:038	ERROR	A network-related or instance-specific error occurred while establishing a connection to SQL Server. The server was not found or was not accessible. Verify that the instance name is correct and that SQL Server is configured to allow remote connections. (provider: SQL Network Interfaces, error: 26 - Error Locating Server/Instance Specified)	 (cls_condbserver.ExecuteNonQuery())
2024-09-12 15:35:00:272	ERROR	A network-related or instance-specific error occurred while establishing a connection to SQL Server. The server was not found or was not accessible. Verify that the instance name is correct and that SQL Server is configured to allow remote connections. (provider: SQL Network Interfaces, error: 26 - Error Locating Server/Instance Specified)	 (cls_condbserver.ExecuteNonQuery())
2024-09-12 15:36:00:484	ERROR	A network-related or instance-specific error occurred while establishing a connection to SQL Server. The server was not found or was not accessible. Verify that the instance name is correct and that SQL Server is configured to allow remote connections. (provider: SQL Network Interfaces, error: 26 - Error Locating Server/Instance Specified)	 (cls_condbserver.ExecuteNonQuery())
2024-09-12 15:37:00:675	ERROR	A network-related or instance-specific error occurred while establishing a connection to SQL Server. The server was not found or was not accessible. Verify that the instance name is correct and that SQL Server is configured to allow remote connections. (provider: SQL Network Interfaces, error: 26 - Error Locating Server/Instance Specified)	 (cls_condbserver.ExecuteNonQuery())
2024-09-12 15:38:00:917	ERROR	A network-related or instance-specific error occurred while establishing a connection to SQL Server. The server was not found or was not accessible. Verify that the instance name is correct and that SQL Server is configured to allow remote connections. (provider: SQL Network Interfaces, error: 26 - Error Locating Server/Instance Specified)	 (cls_condbserver.ExecuteNonQuery())
2024-09-12 15:39:01:066	ERROR	A network-related or instance-specific error occurred while establishing a connection to SQL Server. The server was not found or was not accessible. Verify that the instance name is correct and that SQL Server is configured to allow remote connections. (provider: SQL Network Interfaces, error: 26 - Error Locating Server/Instance Specified)	 (cls_condbserver.ExecuteNonQuery())
2024-09-12 15:39:46:643	ERROR	Login failed for user 'sa'.	md.Fill()
2024-09-12 15:40:01:291	ERROR	A network-related or instance-specific error occurred while establishing a connection to SQL Server. The server was not found or was not accessible. Verify that the instance name is correct and that SQL Server is configured to allow remote connections. (provider: SQL Network Interfaces, error: 26 - Error Locating Server/Instance Specified)	 (cls_condbserver.ExecuteNonQuery())
2024-09-12 15:40:01:312	ERROR	A network-related or instance-specific error occurred while establishing a connection to SQL Server. The server was not found or was not accessible. Verify that the instance name is correct and that SQL Server is configured to allow remote connections. (provider: SQL Network Interfaces, error: 26 - Error Locating Server/Instance Specified)	 (cls_condbserver.ExecuteNonQuery())
2024-09-12 15:41:11:555	ERROR	A network-related or instance-specific error occurred while establishing a connection to SQL Server. The server was not found or was not accessible. Verify that the instance name is correct and that SQL Server is configured to allow remote connections. (provider: SQL Network Interfaces, error: 26 - Error Locating Server/Instance Specified)	 (cls_condbserver.ExecuteNonQuery())
2024-09-12 15:42:11:804	ERROR	A network-related or instance-specific error occurred while establishing a connection to SQL Server. The server was not found or was not accessible. Verify that the instance name is correct and that SQL Server is configured to allow remote connections. (provider: SQL Network Interfaces, error: 26 - Error Locating Server/Instance Specified)	 (cls_condbserver.ExecuteNonQuery())
2024-09-12 15:43:11:971	ERROR	A network-related or instance-specific error occurred while establishing a connection to SQL Server. The server was not found or was not accessible. Verify that the instance name is correct and that SQL Server is configured to allow remote connections. (provider: SQL Network Interfaces, error: 26 - Error Locating Server/Instance Specified)	 (cls_condbserver.ExecuteNonQuery())
2024-09-12 15:44:12:205	ERROR	A network-related or instance-specific error occurred while establishing a connection to SQL Server. The server was not found or was not accessible. Verify that the instance name is correct and that SQL Server is configured to allow remote connections. (provider: SQL Network Interfaces, error: 26 - Error Locating Server/Instance Specified)	 (cls_condbserver.ExecuteNonQuery())
2024-09-12 15:45:12:379	ERROR	A network-related or instance-specific error occurred while establishing a connection to SQL Server. The server was not found or was not accessible. Verify that the instance name is correct and that SQL Server is configured to allow remote connections. (provider: SQL Network Interfaces, error: 26 - Error Locating Server/Instance Specified)	 (cls_condbserver.ExecuteNonQuery())
2024-09-12 15:46:12:606	ERROR	A network-related or instance-specific error occurred while establishing a connection to SQL Server. The server was not found or was not accessible. Verify that the instance name is correct and that SQL Server is configured to allow remote connections. (provider: SQL Network Interfaces, error: 26 - Error Locating Server/Instance Specified)	 (cls_condbserver.ExecuteNonQuery())
2024-09-12 15:47:12:811	ERROR	A network-related or instance-specific error occurred while establishing a connection to SQL Server. The server was not found or was not accessible. Verify that the instance name is correct and that SQL Server is configured to allow remote connections. (provider: SQL Network Interfaces, error: 26 - Error Locating Server/Instance Specified)	 (cls_condbserver.ExecuteNonQuery())
2024-09-12 15:48:13:009	ERROR	A network-related or instance-specific error occurred while establishing a connection to SQL Server. The server was not found or was not accessible. Verify that the instance name is correct and that SQL Server is configured to allow remote connections. (provider: SQL Network Interfaces, error: 26 - Error Locating Server/Instance Specified)	 (cls_condbserver.ExecuteNonQuery())
2024-09-12 15:49:13:216	ERROR	A network-related or instance-specific error occurred while establishing a connection to SQL Server. The server was not found or was not accessible. Verify that the instance name is correct and that SQL Server is configured to allow remote connections. (provider: SQL Network Interfaces, error: 26 - Error Locating Server/Instance Specified)	 (cls_condbserver.ExecuteNonQuery())
2024-09-12 15:50:13:424	ERROR	A network-related or instance-specific error occurred while establishing a connection to SQL Server. The server was not found or was not accessible. Verify that the instance name is correct and that SQL Server is configured to allow remote connections. (provider: SQL Network Interfaces, error: 26 - Error Locating Server/Instance Specified)	 (cls_condbserver.ExecuteNonQuery())
2024-09-12 15:51:13:655	ERROR	A network-related or instance-specific error occurred while establishing a connection to SQL Server. The server was not found or was not accessible. Verify that the instance name is correct and that SQL Server is configured to allow remote connections. (provider: SQL Network Interfaces, error: 26 - Error Locating Server/Instance Specified)	 (cls_condbserver.ExecuteNonQuery())
2024-09-12 15:52:13:844	ERROR	A network-related or instance-specific error occurred while establishing a connection to SQL Server. The server was not found or was not accessible. Verify that the instance name is correct and that SQL Server is configured to allow remote connections. (provider: SQL Network Interfaces, error: 26 - Error Locating Server/Instance Specified)	 (cls_condbserver.ExecuteNonQuery())
2024-09-12 15:53:14:049	ERROR	A network-related or instance-specific error occurred while establishing a connection to SQL Server. The server was not found or was not accessible. Verify that the instance name is correct and that SQL Server is configured to allow remote connections. (provider: SQL Network Interfaces, error: 26 - Error Locating Server/Instance Specified)	 (cls_condbserver.ExecuteNonQuery())
2024-09-12 15:54:14:253	ERROR	A network-related or instance-specific error occurred while establishing a connection to SQL Server. The server was not found or was not accessible. Verify that the instance name is correct and that SQL Server is configured to allow remote connections. (provider: SQL Network Interfaces, error: 26 - Error Locating Server/Instance Specified)	 (cls_condbserver.ExecuteNonQuery())
2024-09-12 15:55:14:448	ERROR	A network-related or instance-specific error occurred while establishing a connection to SQL Server. The server was not found or was not accessible. Verify that the instance name is correct and that SQL Server is configured to allow remote connections. (provider: SQL Network Interfaces, error: 26 - Error Locating Server/Instance Specified)	 (cls_condbserver.ExecuteNonQuery())
2024-09-12 15:56:14:695	ERROR	A network-related or instance-specific error occurred while establishing a connection to SQL Server. The server was not found or was not accessible. Verify that the instance name is correct and that SQL Server is configured to allow remote connections. (provider: SQL Network Interfaces, error: 26 - Error Locating Server/Instance Specified)	 (cls_condbserver.ExecuteNonQuery())
2024-09-12 15:57:14:908	ERROR	A network-related or instance-specific error occurred while establishing a connection to SQL Server. The server was not found or was not accessible. Verify that the instance name is correct and that SQL Server is configured to allow remote connections. (provider: SQL Network Interfaces, error: 26 - Error Locating Server/Instance Specified)	 (cls_condbserver.ExecuteNonQuery())
2024-09-12 15:58:15:150	ERROR	A network-related or instance-specific error occurred while establishing a connection to SQL Server. The server was not found or was not accessible. Verify that the instance name is correct and that SQL Server is configured to allow remote connections. (provider: SQL Network Interfaces, error: 26 - Error Locating Server/Instance Specified)	 (cls_condbserver.ExecuteNonQuery())
2024-09-12 15:59:15:338	ERROR	A network-related or instance-specific error occurred while establishing a connection to SQL Server. The server was not found or was not accessible. Verify that the instance name is correct and that SQL Server is configured to allow remote connections. (provider: SQL Network Interfaces, error: 26 - Error Locating Server/Instance Specified)	 (cls_condbserver.ExecuteNonQuery())
2024-09-12 16:00:15:539	ERROR	A network-related or instance-specific error occurred while establishing a connection to SQL Server. The server was not found or was not accessible. Verify that the instance name is correct and that SQL Server is configured to allow remote connections. (provider: SQL Network Interfaces, error: 26 - Error Locating Server/Instance Specified)	 (cls_condbserver.ExecuteNonQuery())
2024-09-12 16:01:15:740	ERROR	A network-related or instance-specific error occurred while establishing a connection to SQL Server. The server was not found or was not accessible. Verify that the instance name is correct and that SQL Server is configured to allow remote connections. (provider: SQL Network Interfaces, error: 26 - Error Locating Server/Instance Specified)	 (cls_condbserver.ExecuteNonQuery())
2024-09-12 16:02:15:961	ERROR	A network-related or instance-specific error occurred while establishing a connection to SQL Server. The server was not found or was not accessible. Verify that the instance name is correct and that SQL Server is configured to allow remote connections. (provider: SQL Network Interfaces, error: 26 - Error Locating Server/Instance Specified)	 (cls_condbserver.ExecuteNonQuery())
2024-09-12 16:03:16:150	ERROR	A network-related or instance-specific error occurred while establishing a connection to SQL Server. The server was not found or was not accessible. Verify that the instance name is correct and that SQL Server is configured to allow remote connections. (provider: SQL Network Interfaces, error: 26 - Error Locating Server/Instance Specified)	 (cls_condbserver.ExecuteNonQuery())
2024-09-12 16:04:16:346	ERROR	A network-related or instance-specific error occurred while establishing a connection to SQL Server. The server was not found or was not accessible. Verify that the instance name is correct and that SQL Server is configured to allow remote connections. (provider: SQL Network Interfaces, error: 26 - Error Locating Server/Instance Specified)	 (cls_condbserver.ExecuteNonQuery())
2024-09-12 16:05:16:555	ERROR	A network-related or instance-specific error occurred while establishing a connection to SQL Server. The server was not found or was not accessible. Verify that the instance name is correct and that SQL Server is configured to allow remote connections. (provider: SQL Network Interfaces, error: 26 - Error Locating Server/Instance Specified)	 (cls_condbserver.ExecuteNonQuery())
2024-09-12 16:06:16:768	ERROR	A network-related or instance-specific error occurred while establishing a connection to SQL Server. The server was not found or was not accessible. Verify that the instance name is correct and that SQL Server is configured to allow remote connections. (provider: SQL Network Interfaces, error: 26 - Error Locating Server/Instance Specified)	 (cls_condbserver.ExecuteNonQuery())
2024-09-12 16:07:16:985	ERROR	A network-related or instance-specific error occurred while establishing a connection to SQL Server. The server was not found or was not accessible. Verify that the instance name is correct and that SQL Server is configured to allow remote connections. (provider: SQL Network Interfaces, error: 26 - Error Locating Server/Instance Specified)	 (cls_condbserver.ExecuteNonQuery())
2024-09-12 16:08:17:163	ERROR	A network-related or instance-specific error occurred while establishing a connection to SQL Server. The server was not found or was not accessible. Verify that the instance name is correct and that SQL Server is configured to allow remote connections. (provider: SQL Network Interfaces, error: 26 - Error Locating Server/Instance Specified)	 (cls_condbserver.ExecuteNonQuery())
2024-09-12 16:09:17:368	ERROR	A network-related or instance-specific error occurred while establishing a connection to SQL Server. The server was not found or was not accessible. Verify that the instance name is correct and that SQL Server is configured to allow remote connections. (provider: SQL Network Interfaces, error: 26 - Error Locating Server/Instance Specified)	 (cls_condbserver.ExecuteNonQuery())
2024-09-12 16:10:02:928	ERROR	Login failed for user 'sa'.	md.Fill()
2024-09-12 16:10:17:552	ERROR	A network-related or instance-specific error occurred while establishing a connection to SQL Server. The server was not found or was not accessible. Verify that the instance name is correct and that SQL Server is configured to allow remote connections. (provider: SQL Network Interfaces, error: 26 - Error Locating Server/Instance Specified)	 (cls_condbserver.ExecuteNonQuery())
2024-09-12 16:10:17:572	ERROR	A network-related or instance-specific error occurred while establishing a connection to SQL Server. The server was not found or was not accessible. Verify that the instance name is correct and that SQL Server is configured to allow remote connections. (provider: SQL Network Interfaces, error: 26 - Error Locating Server/Instance Specified)	 (cls_condbserver.ExecuteNonQuery())
2024-09-12 16:11:27:826	ERROR	A network-related or instance-specific error occurred while establishing a connection to SQL Server. The server was not found or was not accessible. Verify that the instance name is correct and that SQL Server is configured to allow remote connections. (provider: SQL Network Interfaces, error: 26 - Error Locating Server/Instance Specified)	 (cls_condbserver.ExecuteNonQuery())
2024-09-12 16:12:28:010	ERROR	A network-related or instance-specific error occurred while establishing a connection to SQL Server. The server was not found or was not accessible. Verify that the instance name is correct and that SQL Server is configured to allow remote connections. (provider: SQL Network Interfaces, error: 26 - Error Locating Server/Instance Specified)	 (cls_condbserver.ExecuteNonQuery())
2024-09-12 16:13:28:191	ERROR	A network-related or instance-specific error occurred while establishing a connection to SQL Server. The server was not found or was not accessible. Verify that the instance name is correct and that SQL Server is configured to allow remote connections. (provider: SQL Network Interfaces, error: 26 - Error Locating Server/Instance Specified)	 (cls_condbserver.ExecuteNonQuery())
2024-09-12 16:14:28:418	ERROR	A network-related or instance-specific error occurred while establishing a connection to SQL Server. The server was not found or was not accessible. Verify that the instance name is correct and that SQL Server is configured to allow remote connections. (provider: SQL Network Interfaces, error: 26 - Error Locating Server/Instance Specified)	 (cls_condbserver.ExecuteNonQuery())
2024-09-12 16:15:28:644	ERROR	A network-related or instance-specific error occurred while establishing a connection to SQL Server. The server was not found or was not accessible. Verify that the instance name is correct and that SQL Server is configured to allow remote connections. (provider: SQL Network Interfaces, error: 26 - Error Locating Server/Instance Specified)	 (cls_condbserver.ExecuteNonQuery())
2024-09-12 16:16:28:870	ERROR	A network-related or instance-specific error occurred while establishing a connection to SQL Server. The server was not found or was not accessible. Verify that the instance name is correct and that SQL Server is configured to allow remote connections. (provider: SQL Network Interfaces, error: 26 - Error Locating Server/Instance Specified)	 (cls_condbserver.ExecuteNonQuery())
2024-09-12 16:17:29:058	ERROR	A network-related or instance-specific error occurred while establishing a connection to SQL Server. The server was not found or was not accessible. Verify that the instance name is correct and that SQL Server is configured to allow remote connections. (provider: SQL Network Interfaces, error: 26 - Error Locating Server/Instance Specified)	 (cls_condbserver.ExecuteNonQuery())
2024-09-12 16:18:29:276	ERROR	A network-related or instance-specific error occurred while establishing a connection to SQL Server. The server was not found or was not accessible. Verify that the instance name is correct and that SQL Server is configured to allow remote connections. (provider: SQL Network Interfaces, error: 26 - Error Locating Server/Instance Specified)	 (cls_condbserver.ExecuteNonQuery())
2024-09-12 16:19:29:478	ERROR	A network-related or instance-specific error occurred while establishing a connection to SQL Server. The server was not found or was not accessible. Verify that the instance name is correct and that SQL Server is configured to allow remote connections. (provider: SQL Network Interfaces, error: 26 - Error Locating Server/Instance Specified)	 (cls_condbserver.ExecuteNonQuery())
2024-09-12 16:20:29:641	ERROR	A network-related or instance-specific error occurred while establishing a connection to SQL Server. The server was not found or was not accessible. Verify that the instance name is correct and that SQL Server is configured to allow remote connections. (provider: SQL Network Interfaces, error: 26 - Error Locating Server/Instance Specified)	 (cls_condbserver.ExecuteNonQuery())
2024-09-12 16:21:29:866	ERROR	A network-related or instance-specific error occurred while establishing a connection to SQL Server. The server was not found or was not accessible. Verify that the instance name is correct and that SQL Server is configured to allow remote connections. (provider: SQL Network Interfaces, error: 26 - Error Locating Server/Instance Specified)	 (cls_condbserver.ExecuteNonQuery())
2024-09-12 16:22:30:075	ERROR	A network-related or instance-specific error occurred while establishing a connection to SQL Server. The server was not found or was not accessible. Verify that the instance name is correct and that SQL Server is configured to allow remote connections. (provider: SQL Network Interfaces, error: 26 - Error Locating Server/Instance Specified)	 (cls_condbserver.ExecuteNonQuery())
2024-09-12 16:23:30:270	ERROR	A network-related or instance-specific error occurred while establishing a connection to SQL Server. The server was not found or was not accessible. Verify that the instance name is correct and that SQL Server is configured to allow remote connections. (provider: SQL Network Interfaces, error: 26 - Error Locating Server/Instance Specified)	 (cls_condbserver.ExecuteNonQuery())
2024-09-12 16:24:30:440	ERROR	A network-related or instance-specific error occurred while establishing a connection to SQL Server. The server was not found or was not accessible. Verify that the instance name is correct and that SQL Server is configured to allow remote connections. (provider: SQL Network Interfaces, error: 26 - Error Locating Server/Instance Specified)	 (cls_condbserver.ExecuteNonQuery())
2024-09-12 16:25:30:698	ERROR	A network-related or instance-specific error occurred while establishing a connection to SQL Server. The server was not found or was not accessible. Verify that the instance name is correct and that SQL Server is configured to allow remote connections. (provider: SQL Network Interfaces, error: 26 - Error Locating Server/Instance Specified)	 (cls_condbserver.ExecuteNonQuery())
2024-09-12 16:26:30:864	ERROR	A network-related or instance-specific error occurred while establishing a connection to SQL Server. The server was not found or was not accessible. Verify that the instance name is correct and that SQL Server is configured to allow remote connections. (provider: SQL Network Interfaces, error: 26 - Error Locating Server/Instance Specified)	 (cls_condbserver.ExecuteNonQuery())
2024-09-12 16:27:31:096	ERROR	A network-related or instance-specific error occurred while establishing a connection to SQL Server. The server was not found or was not accessible. Verify that the instance name is correct and that SQL Server is configured to allow remote connections. (provider: SQL Network Interfaces, error: 26 - Error Locating Server/Instance Specified)	 (cls_condbserver.ExecuteNonQuery())
2024-09-12 16:28:31:269	ERROR	A network-related or instance-specific error occurred while establishing a connection to SQL Server. The server was not found or was not accessible. Verify that the instance name is correct and that SQL Server is configured to allow remote connections. (provider: SQL Network Interfaces, error: 26 - Error Locating Server/Instance Specified)	 (cls_condbserver.ExecuteNonQuery())
2024-09-12 16:29:31:488	ERROR	A network-related or instance-specific error occurred while establishing a connection to SQL Server. The server was not found or was not accessible. Verify that the instance name is correct and that SQL Server is configured to allow remote connections. (provider: SQL Network Interfaces, error: 26 - Error Locating Server/Instance Specified)	 (cls_condbserver.ExecuteNonQuery())
2024-09-12 16:30:31:670	ERROR	A network-related or instance-specific error occurred while establishing a connection to SQL Server. The server was not found or was not accessible. Verify that the instance name is correct and that SQL Server is configured to allow remote connections. (provider: SQL Network Interfaces, error: 26 - Error Locating Server/Instance Specified)	 (cls_condbserver.ExecuteNonQuery())
2024-09-12 16:31:31:864	ERROR	A network-related or instance-specific error occurred while establishing a connection to SQL Server. The server was not found or was not accessible. Verify that the instance name is correct and that SQL Server is configured to allow remote connections. (provider: SQL Network Interfaces, error: 26 - Error Locating Server/Instance Specified)	 (cls_condbserver.ExecuteNonQuery())
2024-09-12 16:32:32:056	ERROR	A network-related or instance-specific error occurred while establishing a connection to SQL Server. The server was not found or was not accessible. Verify that the instance name is correct and that SQL Server is configured to allow remote connections. (provider: SQL Network Interfaces, error: 26 - Error Locating Server/Instance Specified)	 (cls_condbserver.ExecuteNonQuery())
2024-09-12 16:33:32:265	ERROR	A network-related or instance-specific error occurred while establishing a connection to SQL Server. The server was not found or was not accessible. Verify that the instance name is correct and that SQL Server is configured to allow remote connections. (provider: SQL Network Interfaces, error: 26 - Error Locating Server/Instance Specified)	 (cls_condbserver.ExecuteNonQuery())
2024-09-12 16:34:32:445	ERROR	A network-related or instance-specific error occurred while establishing a connection to SQL Server. The server was not found or was not accessible. Verify that the instance name is correct and that SQL Server is configured to allow remote connections. (provider: SQL Network Interfaces, error: 26 - Error Locating Server/Instance Specified)	 (cls_condbserver.ExecuteNonQuery())
2024-09-12 16:35:32:625	ERROR	A network-related or instance-specific error occurred while establishing a connection to SQL Server. The server was not found or was not accessible. Verify that the instance name is correct and that SQL Server is configured to allow remote connections. (provider: SQL Network Interfaces, error: 26 - Error Locating Server/Instance Specified)	 (cls_condbserver.ExecuteNonQuery())
2024-09-12 16:36:32:849	ERROR	A network-related or instance-specific error occurred while establishing a connection to SQL Server. The server was not found or was not accessible. Verify that the instance name is correct and that SQL Server is configured to allow remote connections. (provider: SQL Network Interfaces, error: 26 - Error Locating Server/Instance Specified)	 (cls_condbserver.ExecuteNonQuery())
2024-09-12 16:37:33:032	ERROR	A network-related or instance-specific error occurred while establishing a connection to SQL Server. The server was not found or was not accessible. Verify that the instance name is correct and that SQL Server is configured to allow remote connections. (provider: SQL Network Interfaces, error: 26 - Error Locating Server/Instance Specified)	 (cls_condbserver.ExecuteNonQuery())
2024-09-12 16:38:33:224	ERROR	A network-related or instance-specific error occurred while establishing a connection to SQL Server. The server was not found or was not accessible. Verify that the instance name is correct and that SQL Server is configured to allow remote connections. (provider: SQL Network Interfaces, error: 26 - Error Locating Server/Instance Specified)	 (cls_condbserver.ExecuteNonQuery())
2024-09-12 16:39:33:442	ERROR	A network-related or instance-specific error occurred while establishing a connection to SQL Server. The server was not found or was not accessible. Verify that the instance name is correct and that SQL Server is configured to allow remote connections. (provider: SQL Network Interfaces, error: 26 - Error Locating Server/Instance Specified)	 (cls_condbserver.ExecuteNonQuery())
2024-09-12 16:40:18:987	ERROR	Login failed for user 'sa'.	md.Fill()
2024-09-12 16:40:33:628	ERROR	A network-related or instance-specific error occurred while establishing a connection to SQL Server. The server was not found or was not accessible. Verify that the instance name is correct and that SQL Server is configured to allow remote connections. (provider: SQL Network Interfaces, error: 26 - Error Locating Server/Instance Specified)	 (cls_condbserver.ExecuteNonQuery())
2024-09-12 16:40:33:647	ERROR	A network-related or instance-specific error occurred while establishing a connection to SQL Server. The server was not found or was not accessible. Verify that the instance name is correct and that SQL Server is configured to allow remote connections. (provider: SQL Network Interfaces, error: 26 - Error Locating Server/Instance Specified)	 (cls_condbserver.ExecuteNonQuery())
2024-09-12 16:41:43:900	ERROR	A network-related or instance-specific error occurred while establishing a connection to SQL Server. The server was not found or was not accessible. Verify that the instance name is correct and that SQL Server is configured to allow remote connections. (provider: SQL Network Interfaces, error: 26 - Error Locating Server/Instance Specified)	 (cls_condbserver.ExecuteNonQuery())
2024-09-12 16:42:44:068	ERROR	A network-related or instance-specific error occurred while establishing a connection to SQL Server. The server was not found or was not accessible. Verify that the instance name is correct and that SQL Server is configured to allow remote connections. (provider: SQL Network Interfaces, error: 26 - Error Locating Server/Instance Specified)	 (cls_condbserver.ExecuteNonQuery())
2024-09-12 16:43:44:274	ERROR	A network-related or instance-specific error occurred while establishing a connection to SQL Server. The server was not found or was not accessible. Verify that the instance name is correct and that SQL Server is configured to allow remote connections. (provider: SQL Network Interfaces, error: 26 - Error Locating Server/Instance Specified)	 (cls_condbserver.ExecuteNonQuery())
2024-09-12 16:44:44:479	ERROR	A network-related or instance-specific error occurred while establishing a connection to SQL Server. The server was not found or was not accessible. Verify that the instance name is correct and that SQL Server is configured to allow remote connections. (provider: SQL Network Interfaces, error: 26 - Error Locating Server/Instance Specified)	 (cls_condbserver.ExecuteNonQuery())
2024-09-12 16:45:44:684	ERROR	A network-related or instance-specific error occurred while establishing a connection to SQL Server. The server was not found or was not accessible. Verify that the instance name is correct and that SQL Server is configured to allow remote connections. (provider: SQL Network Interfaces, error: 26 - Error Locating Server/Instance Specified)	 (cls_condbserver.ExecuteNonQuery())
2024-09-12 16:46:44:888	ERROR	A network-related or instance-specific error occurred while establishing a connection to SQL Server. The server was not found or was not accessible. Verify that the instance name is correct and that SQL Server is configured to allow remote connections. (provider: SQL Network Interfaces, error: 26 - Error Locating Server/Instance Specified)	 (cls_condbserver.ExecuteNonQuery())
2024-09-12 16:47:45:111	ERROR	A network-related or instance-specific error occurred while establishing a connection to SQL Server. The server was not found or was not accessible. Verify that the instance name is correct and that SQL Server is configured to allow remote connections. (provider: SQL Network Interfaces, error: 26 - Error Locating Server/Instance Specified)	 (cls_condbserver.ExecuteNonQuery())
2024-09-12 16:48:45:351	ERROR	A network-related or instance-specific error occurred while establishing a connection to SQL Server. The server was not found or was not accessible. Verify that the instance name is correct and that SQL Server is configured to allow remote connections. (provider: SQL Network Interfaces, error: 26 - Error Locating Server/Instance Specified)	 (cls_condbserver.ExecuteNonQuery())
2024-09-12 16:49:45:560	ERROR	A network-related or instance-specific error occurred while establishing a connection to SQL Server. The server was not found or was not accessible. Verify that the instance name is correct and that SQL Server is configured to allow remote connections. (provider: SQL Network Interfaces, error: 26 - Error Locating Server/Instance Specified)	 (cls_condbserver.ExecuteNonQuery())
2024-09-12 16:50:45:717	ERROR	A network-related or instance-specific error occurred while establishing a connection to SQL Server. The server was not found or was not accessible. Verify that the instance name is correct and that SQL Server is configured to allow remote connections. (provider: SQL Network Interfaces, error: 26 - Error Locating Server/Instance Specified)	 (cls_condbserver.ExecuteNonQuery())
2024-09-12 16:51:45:948	ERROR	A network-related or instance-specific error occurred while establishing a connection to SQL Server. The server was not found or was not accessible. Verify that the instance name is correct and that SQL Server is configured to allow remote connections. (provider: SQL Network Interfaces, error: 26 - Error Locating Server/Instance Specified)	 (cls_condbserver.ExecuteNonQuery())
2024-09-12 16:52:46:131	ERROR	A network-related or instance-specific error occurred while establishing a connection to SQL Server. The server was not found or was not accessible. Verify that the instance name is correct and that SQL Server is configured to allow remote connections. (provider: SQL Network Interfaces, error: 26 - Error Locating Server/Instance Specified)	 (cls_condbserver.ExecuteNonQuery())
2024-09-12 16:53:46:314	ERROR	A network-related or instance-specific error occurred while establishing a connection to SQL Server. The server was not found or was not accessible. Verify that the instance name is correct and that SQL Server is configured to allow remote connections. (provider: SQL Network Interfaces, error: 26 - Error Locating Server/Instance Specified)	 (cls_condbserver.ExecuteNonQuery())
2024-09-12 16:54:46:542	ERROR	A network-related or instance-specific error occurred while establishing a connection to SQL Server. The server was not found or was not accessible. Verify that the instance name is correct and that SQL Server is configured to allow remote connections. (provider: SQL Network Interfaces, error: 26 - Error Locating Server/Instance Specified)	 (cls_condbserver.ExecuteNonQuery())
2024-09-12 16:55:46:727	ERROR	A network-related or instance-specific error occurred while establishing a connection to SQL Server. The server was not found or was not accessible. Verify that the instance name is correct and that SQL Server is configured to allow remote connections. (provider: SQL Network Interfaces, error: 26 - Error Locating Server/Instance Specified)	 (cls_condbserver.ExecuteNonQuery())
2024-09-12 16:56:46:938	ERROR	A network-related or instance-specific error occurred while establishing a connection to SQL Server. The server was not found or was not accessible. Verify that the instance name is correct and that SQL Server is configured to allow remote connections. (provider: SQL Network Interfaces, error: 26 - Error Locating Server/Instance Specified)	 (cls_condbserver.ExecuteNonQuery())
2024-09-12 16:57:47:122	ERROR	A network-related or instance-specific error occurred while establishing a connection to SQL Server. The server was not found or was not accessible. Verify that the instance name is correct and that SQL Server is configured to allow remote connections. (provider: SQL Network Interfaces, error: 26 - Error Locating Server/Instance Specified)	 (cls_condbserver.ExecuteNonQuery())
2024-09-12 16:58:47:314	ERROR	A network-related or instance-specific error occurred while establishing a connection to SQL Server. The server was not found or was not accessible. Verify that the instance name is correct and that SQL Server is configured to allow remote connections. (provider: SQL Network Interfaces, error: 26 - Error Locating Server/Instance Specified)	 (cls_condbserver.ExecuteNonQuery())
2024-09-12 16:59:47:497	ERROR	A network-related or instance-specific error occurred while establishing a connection to SQL Server. The server was not found or was not accessible. Verify that the instance name is correct and that SQL Server is configured to allow remote connections. (provider: SQL Network Interfaces, error: 26 - Error Locating Server/Instance Specified)	 (cls_condbserver.ExecuteNonQuery())
2024-09-12 17:00:47:693	ERROR	A network-related or instance-specific error occurred while establishing a connection to SQL Server. The server was not found or was not accessible. Verify that the instance name is correct and that SQL Server is configured to allow remote connections. (provider: SQL Network Interfaces, error: 26 - Error Locating Server/Instance Specified)	 (cls_condbserver.ExecuteNonQuery())
2024-09-12 17:01:47:902	ERROR	A network-related or instance-specific error occurred while establishing a connection to SQL Server. The server was not found or was not accessible. Verify that the instance name is correct and that SQL Server is configured to allow remote connections. (provider: SQL Network Interfaces, error: 26 - Error Locating Server/Instance Specified)	 (cls_condbserver.ExecuteNonQuery())
2024-09-12 17:02:48:081	ERROR	A network-related or instance-specific error occurred while establishing a connection to SQL Server. The server was not found or was not accessible. Verify that the instance name is correct and that SQL Server is configured to allow remote connections. (provider: SQL Network Interfaces, error: 26 - Error Locating Server/Instance Specified)	 (cls_condbserver.ExecuteNonQuery())
2024-09-12 17:03:48:317	ERROR	A network-related or instance-specific error occurred while establishing a connection to SQL Server. The server was not found or was not accessible. Verify that the instance name is correct and that SQL Server is configured to allow remote connections. (provider: SQL Network Interfaces, error: 26 - Error Locating Server/Instance Specified)	 (cls_condbserver.ExecuteNonQuery())
2024-09-12 17:04:48:503	ERROR	A network-related or instance-specific error occurred while establishing a connection to SQL Server. The server was not found or was not accessible. Verify that the instance name is correct and that SQL Server is configured to allow remote connections. (provider: SQL Network Interfaces, error: 26 - Error Locating Server/Instance Specified)	 (cls_condbserver.ExecuteNonQuery())
2024-09-12 17:05:48:719	ERROR	A network-related or instance-specific error occurred while establishing a connection to SQL Server. The server was not found or was not accessible. Verify that the instance name is correct and that SQL Server is configured to allow remote connections. (provider: SQL Network Interfaces, error: 26 - Error Locating Server/Instance Specified)	 (cls_condbserver.ExecuteNonQuery())
2024-09-12 17:06:48:920	ERROR	A network-related or instance-specific error occurred while establishing a connection to SQL Server. The server was not found or was not accessible. Verify that the instance name is correct and that SQL Server is configured to allow remote connections. (provider: SQL Network Interfaces, error: 26 - Error Locating Server/Instance Specified)	 (cls_condbserver.ExecuteNonQuery())
2024-09-12 17:07:49:116	ERROR	A network-related or instance-specific error occurred while establishing a connection to SQL Server. The server was not found or was not accessible. Verify that the instance name is correct and that SQL Server is configured to allow remote connections. (provider: SQL Network Interfaces, error: 26 - Error Locating Server/Instance Specified)	 (cls_condbserver.ExecuteNonQuery())
2024-09-12 17:08:49:341	ERROR	A network-related or instance-specific error occurred while establishing a connection to SQL Server. The server was not found or was not accessible. Verify that the instance name is correct and that SQL Server is configured to allow remote connections. (provider: SQL Network Interfaces, error: 26 - Error Locating Server/Instance Specified)	 (cls_condbserver.ExecuteNonQuery())
2024-09-12 17:09:49:529	ERROR	A network-related or instance-specific error occurred while establishing a connection to SQL Server. The server was not found or was not accessible. Verify that the instance name is correct and that SQL Server is configured to allow remote connections. (provider: SQL Network Interfaces, error: 26 - Error Locating Server/Instance Specified)	 (cls_condbserver.ExecuteNonQuery())
2024-09-12 17:10:35:133	ERROR	Login failed for user 'sa'.	md.Fill()
2024-09-12 17:10:49:766	ERROR	A network-related or instance-specific error occurred while establishing a connection to SQL Server. The server was not found or was not accessible. Verify that the instance name is correct and that SQL Server is configured to allow remote connections. (provider: SQL Network Interfaces, error: 26 - Error Locating Server/Instance Specified)	 (cls_condbserver.ExecuteNonQuery())
2024-09-12 17:10:49:785	ERROR	A network-related or instance-specific error occurred while establishing a connection to SQL Server. The server was not found or was not accessible. Verify that the instance name is correct and that SQL Server is configured to allow remote connections. (provider: SQL Network Interfaces, error: 26 - Error Locating Server/Instance Specified)	 (cls_condbserver.ExecuteNonQuery())
2024-09-12 17:12:00:039	ERROR	A network-related or instance-specific error occurred while establishing a connection to SQL Server. The server was not found or was not accessible. Verify that the instance name is correct and that SQL Server is configured to allow remote connections. (provider: SQL Network Interfaces, error: 26 - Error Locating Server/Instance Specified)	 (cls_condbserver.ExecuteNonQuery())
2024-09-12 17:13:00:224	ERROR	A network-related or instance-specific error occurred while establishing a connection to SQL Server. The server was not found or was not accessible. Verify that the instance name is correct and that SQL Server is configured to allow remote connections. (provider: SQL Network Interfaces, error: 26 - Error Locating Server/Instance Specified)	 (cls_condbserver.ExecuteNonQuery())
2024-09-12 17:14:00:455	ERROR	A network-related or instance-specific error occurred while establishing a connection to SQL Server. The server was not found or was not accessible. Verify that the instance name is correct and that SQL Server is configured to allow remote connections. (provider: SQL Network Interfaces, error: 26 - Error Locating Server/Instance Specified)	 (cls_condbserver.ExecuteNonQuery())
2024-09-12 17:15:00:625	ERROR	A network-related or instance-specific error occurred while establishing a connection to SQL Server. The server was not found or was not accessible. Verify that the instance name is correct and that SQL Server is configured to allow remote connections. (provider: SQL Network Interfaces, error: 26 - Error Locating Server/Instance Specified)	 (cls_condbserver.ExecuteNonQuery())
2024-09-12 17:16:00:821	ERROR	A network-related or instance-specific error occurred while establishing a connection to SQL Server. The server was not found or was not accessible. Verify that the instance name is correct and that SQL Server is configured to allow remote connections. (provider: SQL Network Interfaces, error: 26 - Error Locating Server/Instance Specified)	 (cls_condbserver.ExecuteNonQuery())
2024-09-12 17:17:01:003	ERROR	A network-related or instance-specific error occurred while establishing a connection to SQL Server. The server was not found or was not accessible. Verify that the instance name is correct and that SQL Server is configured to allow remote connections. (provider: SQL Network Interfaces, error: 26 - Error Locating Server/Instance Specified)	 (cls_condbserver.ExecuteNonQuery())
2024-09-12 17:18:01:238	ERROR	A network-related or instance-specific error occurred while establishing a connection to SQL Server. The server was not found or was not accessible. Verify that the instance name is correct and that SQL Server is configured to allow remote connections. (provider: SQL Network Interfaces, error: 26 - Error Locating Server/Instance Specified)	 (cls_condbserver.ExecuteNonQuery())
2024-09-12 17:19:01:439	ERROR	A network-related or instance-specific error occurred while establishing a connection to SQL Server. The server was not found or was not accessible. Verify that the instance name is correct and that SQL Server is configured to allow remote connections. (provider: SQL Network Interfaces, error: 26 - Error Locating Server/Instance Specified)	 (cls_condbserver.ExecuteNonQuery())
2024-09-12 17:20:01:624	ERROR	A network-related or instance-specific error occurred while establishing a connection to SQL Server. The server was not found or was not accessible. Verify that the instance name is correct and that SQL Server is configured to allow remote connections. (provider: SQL Network Interfaces, error: 26 - Error Locating Server/Instance Specified)	 (cls_condbserver.ExecuteNonQuery())
2024-09-12 17:21:01:825	ERROR	A network-related or instance-specific error occurred while establishing a connection to SQL Server. The server was not found or was not accessible. Verify that the instance name is correct and that SQL Server is configured to allow remote connections. (provider: SQL Network Interfaces, error: 26 - Error Locating Server/Instance Specified)	 (cls_condbserver.ExecuteNonQuery())
2024-09-12 17:21:36:254	ERROR	A transport-level error has occurred when receiving results from the server. (provider: TCP Provider, error: 0 - The semaphore timeout period has expired.)	cls_condbmiddle.Fill()cls_getmiddletosecuill.CountDataMiddle()
2024-09-12 17:22:21:166	ERROR	A network-related or instance-specific error occurred while establishing a connection to SQL Server. The server was not found or was not accessible. Verify that the instance name is correct and that SQL Server is configured to allow remote connections. (provider: SQL Network Interfaces, error: 26 - Error Locating Server/Instance Specified)	 (cls_condbserver.ExecuteNonQuery())
2024-09-12 17:23:21:383	ERROR	A network-related or instance-specific error occurred while establishing a connection to SQL Server. The server was not found or was not accessible. Verify that the instance name is correct and that SQL Server is configured to allow remote connections. (provider: SQL Network Interfaces, error: 26 - Error Locating Server/Instance Specified)	 (cls_condbserver.ExecuteNonQuery())
2024-09-12 17:24:21:567	ERROR	A network-related or instance-specific error occurred while establishing a connection to SQL Server. The server was not found or was not accessible. Verify that the instance name is correct and that SQL Server is configured to allow remote connections. (provider: SQL Network Interfaces, error: 26 - Error Locating Server/Instance Specified)	 (cls_condbserver.ExecuteNonQuery())
2024-09-12 17:25:21:750	ERROR	A network-related or instance-specific error occurred while establishing a connection to SQL Server. The server was not found or was not accessible. Verify that the instance name is correct and that SQL Server is configured to allow remote connections. (provider: SQL Network Interfaces, error: 26 - Error Locating Server/Instance Specified)	 (cls_condbserver.ExecuteNonQuery())
2024-09-12 17:26:21:970	ERROR	A network-related or instance-specific error occurred while establishing a connection to SQL Server. The server was not found or was not accessible. Verify that the instance name is correct and that SQL Server is configured to allow remote connections. (provider: SQL Network Interfaces, error: 26 - Error Locating Server/Instance Specified)	 (cls_condbserver.ExecuteNonQuery())
2024-09-12 17:27:22:139	ERROR	A network-related or instance-specific error occurred while establishing a connection to SQL Server. The server was not found or was not accessible. Verify that the instance name is correct and that SQL Server is configured to allow remote connections. (provider: SQL Network Interfaces, error: 26 - Error Locating Server/Instance Specified)	 (cls_condbserver.ExecuteNonQuery())
2024-09-12 17:28:22:345	ERROR	A network-related or instance-specific error occurred while establishing a connection to SQL Server. The server was not found or was not accessible. Verify that the instance name is correct and that SQL Server is configured to allow remote connections. (provider: SQL Network Interfaces, error: 26 - Error Locating Server/Instance Specified)	 (cls_condbserver.ExecuteNonQuery())
2024-09-12 17:29:22:561	ERROR	A network-related or instance-specific error occurred while establishing a connection to SQL Server. The server was not found or was not accessible. Verify that the instance name is correct and that SQL Server is configured to allow remote connections. (provider: SQL Network Interfaces, error: 26 - Error Locating Server/Instance Specified)	 (cls_condbserver.ExecuteNonQuery())
2024-09-12 17:30:22:752	ERROR	A network-related or instance-specific error occurred while establishing a connection to SQL Server. The server was not found or was not accessible. Verify that the instance name is correct and that SQL Server is configured to allow remote connections. (provider: SQL Network Interfaces, error: 26 - Error Locating Server/Instance Specified)	 (cls_condbserver.ExecuteNonQuery())
2024-09-12 17:31:22:971	ERROR	A network-related or instance-specific error occurred while establishing a connection to SQL Server. The server was not found or was not accessible. Verify that the instance name is correct and that SQL Server is configured to allow remote connections. (provider: SQL Network Interfaces, error: 26 - Error Locating Server/Instance Specified)	 (cls_condbserver.ExecuteNonQuery())
2024-09-12 17:32:23:194	ERROR	A network-related or instance-specific error occurred while establishing a connection to SQL Server. The server was not found or was not accessible. Verify that the instance name is correct and that SQL Server is configured to allow remote connections. (provider: SQL Network Interfaces, error: 26 - Error Locating Server/Instance Specified)	 (cls_condbserver.ExecuteNonQuery())
2024-09-12 17:33:23:382	ERROR	A network-related or instance-specific error occurred while establishing a connection to SQL Server. The server was not found or was not accessible. Verify that the instance name is correct and that SQL Server is configured to allow remote connections. (provider: SQL Network Interfaces, error: 26 - Error Locating Server/Instance Specified)	 (cls_condbserver.ExecuteNonQuery())
2024-09-12 17:34:23:582	ERROR	A network-related or instance-specific error occurred while establishing a connection to SQL Server. The server was not found or was not accessible. Verify that the instance name is correct and that SQL Server is configured to allow remote connections. (provider: SQL Network Interfaces, error: 26 - Error Locating Server/Instance Specified)	 (cls_condbserver.ExecuteNonQuery())
2024-09-12 17:35:23:781	ERROR	A network-related or instance-specific error occurred while establishing a connection to SQL Server. The server was not found or was not accessible. Verify that the instance name is correct and that SQL Server is configured to allow remote connections. (provider: SQL Network Interfaces, error: 26 - Error Locating Server/Instance Specified)	 (cls_condbserver.ExecuteNonQuery())
2024-09-12 17:36:23:944	ERROR	A network-related or instance-specific error occurred while establishing a connection to SQL Server. The server was not found or was not accessible. Verify that the instance name is correct and that SQL Server is configured to allow remote connections. (provider: SQL Network Interfaces, error: 26 - Error Locating Server/Instance Specified)	 (cls_condbserver.ExecuteNonQuery())
2024-09-12 17:37:24:179	ERROR	A network-related or instance-specific error occurred while establishing a connection to SQL Server. The server was not found or was not accessible. Verify that the instance name is correct and that SQL Server is configured to allow remote connections. (provider: SQL Network Interfaces, error: 26 - Error Locating Server/Instance Specified)	 (cls_condbserver.ExecuteNonQuery())
2024-09-12 17:38:24:353	ERROR	A network-related or instance-specific error occurred while establishing a connection to SQL Server. The server was not found or was not accessible. Verify that the instance name is correct and that SQL Server is configured to allow remote connections. (provider: SQL Network Interfaces, error: 26 - Error Locating Server/Instance Specified)	 (cls_condbserver.ExecuteNonQuery())
2024-09-12 17:39:24:565	ERROR	A network-related or instance-specific error occurred while establishing a connection to SQL Server. The server was not found or was not accessible. Verify that the instance name is correct and that SQL Server is configured to allow remote connections. (provider: SQL Network Interfaces, error: 26 - Error Locating Server/Instance Specified)	 (cls_condbserver.ExecuteNonQuery())
2024-09-12 17:40:24:735	ERROR	A network-related or instance-specific error occurred while establishing a connection to SQL Server. The server was not found or was not accessible. Verify that the instance name is correct and that SQL Server is configured to allow remote connections. (provider: SQL Network Interfaces, error: 26 - Error Locating Server/Instance Specified)	 (cls_condbserver.ExecuteNonQuery())
2024-09-12 17:41:10:332	ERROR	Login failed for user 'sa'.	md.Fill()
2024-09-12 17:41:24:980	ERROR	A network-related or instance-specific error occurred while establishing a connection to SQL Server. The server was not found or was not accessible. Verify that the instance name is correct and that SQL Server is configured to allow remote connections. (provider: SQL Network Interfaces, error: 26 - Error Locating Server/Instance Specified)	 (cls_condbserver.ExecuteNonQuery())
2024-09-12 17:41:24:997	ERROR	A network-related or instance-specific error occurred while establishing a connection to SQL Server. The server was not found or was not accessible. Verify that the instance name is correct and that SQL Server is configured to allow remote connections. (provider: SQL Network Interfaces, error: 26 - Error Locating Server/Instance Specified)	 (cls_condbserver.ExecuteNonQuery())
2024-09-12 17:42:35:199	ERROR	A network-related or instance-specific error occurred while establishing a connection to SQL Server. The server was not found or was not accessible. Verify that the instance name is correct and that SQL Server is configured to allow remote connections. (provider: SQL Network Interfaces, error: 26 - Error Locating Server/Instance Specified)	 (cls_condbserver.ExecuteNonQuery())
2024-09-12 17:43:35:422	ERROR	A network-related or instance-specific error occurred while establishing a connection to SQL Server. The server was not found or was not accessible. Verify that the instance name is correct and that SQL Server is configured to allow remote connections. (provider: SQL Network Interfaces, error: 26 - Error Locating Server/Instance Specified)	 (cls_condbserver.ExecuteNonQuery())
2024-09-12 17:44:35:608	ERROR	A network-related or instance-specific error occurred while establishing a connection to SQL Server. The server was not found or was not accessible. Verify that the instance name is correct and that SQL Server is configured to allow remote connections. (provider: SQL Network Interfaces, error: 26 - Error Locating Server/Instance Specified)	 (cls_condbserver.ExecuteNonQuery())
2024-09-12 17:45:35:823	ERROR	A network-related or instance-specific error occurred while establishing a connection to SQL Server. The server was not found or was not accessible. Verify that the instance name is correct and that SQL Server is configured to allow remote connections. (provider: SQL Network Interfaces, error: 26 - Error Locating Server/Instance Specified)	 (cls_condbserver.ExecuteNonQuery())
2024-09-12 17:46:36:048	ERROR	A network-related or instance-specific error occurred while establishing a connection to SQL Server. The server was not found or was not accessible. Verify that the instance name is correct and that SQL Server is configured to allow remote connections. (provider: SQL Network Interfaces, error: 26 - Error Locating Server/Instance Specified)	 (cls_condbserver.ExecuteNonQuery())
2024-09-12 17:47:36:258	ERROR	A network-related or instance-specific error occurred while establishing a connection to SQL Server. The server was not found or was not accessible. Verify that the instance name is correct and that SQL Server is configured to allow remote connections. (provider: SQL Network Interfaces, error: 26 - Error Locating Server/Instance Specified)	 (cls_condbserver.ExecuteNonQuery())
2024-09-12 17:48:36:461	ERROR	A network-related or instance-specific error occurred while establishing a connection to SQL Server. The server was not found or was not accessible. Verify that the instance name is correct and that SQL Server is configured to allow remote connections. (provider: SQL Network Interfaces, error: 26 - Error Locating Server/Instance Specified)	 (cls_condbserver.ExecuteNonQuery())
2024-09-12 17:49:36:615	ERROR	A network-related or instance-specific error occurred while establishing a connection to SQL Server. The server was not found or was not accessible. Verify that the instance name is correct and that SQL Server is configured to allow remote connections. (provider: SQL Network Interfaces, error: 26 - Error Locating Server/Instance Specified)	 (cls_condbserver.ExecuteNonQuery())
2024-09-12 17:50:36:866	ERROR	A network-related or instance-specific error occurred while establishing a connection to SQL Server. The server was not found or was not accessible. Verify that the instance name is correct and that SQL Server is configured to allow remote connections. (provider: SQL Network Interfaces, error: 26 - Error Locating Server/Instance Specified)	 (cls_condbserver.ExecuteNonQuery())
2024-09-12 17:51:37:061	ERROR	A network-related or instance-specific error occurred while establishing a connection to SQL Server. The server was not found or was not accessible. Verify that the instance name is correct and that SQL Server is configured to allow remote connections. (provider: SQL Network Interfaces, error: 26 - Error Locating Server/Instance Specified)	 (cls_condbserver.ExecuteNonQuery())
2024-09-12 17:52:37:219	ERROR	A network-related or instance-specific error occurred while establishing a connection to SQL Server. The server was not found or was not accessible. Verify that the instance name is correct and that SQL Server is configured to allow remote connections. (provider: SQL Network Interfaces, error: 26 - Error Locating Server/Instance Specified)	 (cls_condbserver.ExecuteNonQuery())
2024-09-12 17:53:37:457	ERROR	A network-related or instance-specific error occurred while establishing a connection to SQL Server. The server was not found or was not accessible. Verify that the instance name is correct and that SQL Server is configured to allow remote connections. (provider: SQL Network Interfaces, error: 26 - Error Locating Server/Instance Specified)	 (cls_condbserver.ExecuteNonQuery())
2024-09-12 17:54:37:598	ERROR	A network-related or instance-specific error occurred while establishing a connection to SQL Server. The server was not found or was not accessible. Verify that the instance name is correct and that SQL Server is configured to allow remote connections. (provider: SQL Network Interfaces, error: 26 - Error Locating Server/Instance Specified)	 (cls_condbserver.ExecuteNonQuery())
2024-09-12 17:55:37:862	ERROR	A network-related or instance-specific error occurred while establishing a connection to SQL Server. The server was not found or was not accessible. Verify that the instance name is correct and that SQL Server is configured to allow remote connections. (provider: SQL Network Interfaces, error: 26 - Error Locating Server/Instance Specified)	 (cls_condbserver.ExecuteNonQuery())
2024-09-12 17:56:38:060	ERROR	A network-related or instance-specific error occurred while establishing a connection to SQL Server. The server was not found or was not accessible. Verify that the instance name is correct and that SQL Server is configured to allow remote connections. (provider: SQL Network Interfaces, error: 26 - Error Locating Server/Instance Specified)	 (cls_condbserver.ExecuteNonQuery())
2024-09-12 17:57:38:254	ERROR	A network-related or instance-specific error occurred while establishing a connection to SQL Server. The server was not found or was not accessible. Verify that the instance name is correct and that SQL Server is configured to allow remote connections. (provider: SQL Network Interfaces, error: 26 - Error Locating Server/Instance Specified)	 (cls_condbserver.ExecuteNonQuery())
2024-09-12 17:58:38:474	ERROR	A network-related or instance-specific error occurred while establishing a connection to SQL Server. The server was not found or was not accessible. Verify that the instance name is correct and that SQL Server is configured to allow remote connections. (provider: SQL Network Interfaces, error: 26 - Error Locating Server/Instance Specified)	 (cls_condbserver.ExecuteNonQuery())
2024-09-12 17:59:38:637	ERROR	A network-related or instance-specific error occurred while establishing a connection to SQL Server. The server was not found or was not accessible. Verify that the instance name is correct and that SQL Server is configured to allow remote connections. (provider: SQL Network Interfaces, error: 26 - Error Locating Server/Instance Specified)	 (cls_condbserver.ExecuteNonQuery())
2024-09-12 18:00:38:854	ERROR	A network-related or instance-specific error occurred while establishing a connection to SQL Server. The server was not found or was not accessible. Verify that the instance name is correct and that SQL Server is configured to allow remote connections. (provider: SQL Network Interfaces, error: 26 - Error Locating Server/Instance Specified)	 (cls_condbserver.ExecuteNonQuery())
2024-09-12 18:01:39:073	ERROR	A network-related or instance-specific error occurred while establishing a connection to SQL Server. The server was not found or was not accessible. Verify that the instance name is correct and that SQL Server is configured to allow remote connections. (provider: SQL Network Interfaces, error: 26 - Error Locating Server/Instance Specified)	 (cls_condbserver.ExecuteNonQuery())
2024-09-12 18:02:39:225	ERROR	A network-related or instance-specific error occurred while establishing a connection to SQL Server. The server was not found or was not accessible. Verify that the instance name is correct and that SQL Server is configured to allow remote connections. (provider: SQL Network Interfaces, error: 26 - Error Locating Server/Instance Specified)	 (cls_condbserver.ExecuteNonQuery())
2024-09-12 18:03:39:411	ERROR	A network-related or instance-specific error occurred while establishing a connection to SQL Server. The server was not found or was not accessible. Verify that the instance name is correct and that SQL Server is configured to allow remote connections. (provider: SQL Network Interfaces, error: 26 - Error Locating Server/Instance Specified)	 (cls_condbserver.ExecuteNonQuery())
2024-09-12 18:04:39:652	ERROR	A network-related or instance-specific error occurred while establishing a connection to SQL Server. The server was not found or was not accessible. Verify that the instance name is correct and that SQL Server is configured to allow remote connections. (provider: SQL Network Interfaces, error: 26 - Error Locating Server/Instance Specified)	 (cls_condbserver.ExecuteNonQuery())
2024-09-12 18:05:39:807	ERROR	A network-related or instance-specific error occurred while establishing a connection to SQL Server. The server was not found or was not accessible. Verify that the instance name is correct and that SQL Server is configured to allow remote connections. (provider: SQL Network Interfaces, error: 26 - Error Locating Server/Instance Specified)	 (cls_condbserver.ExecuteNonQuery())
2024-09-12 18:06:40:025	ERROR	A network-related or instance-specific error occurred while establishing a connection to SQL Server. The server was not found or was not accessible. Verify that the instance name is correct and that SQL Server is configured to allow remote connections. (provider: SQL Network Interfaces, error: 26 - Error Locating Server/Instance Specified)	 (cls_condbserver.ExecuteNonQuery())
2024-09-12 18:07:40:222	ERROR	A network-related or instance-specific error occurred while establishing a connection to SQL Server. The server was not found or was not accessible. Verify that the instance name is correct and that SQL Server is configured to allow remote connections. (provider: SQL Network Interfaces, error: 26 - Error Locating Server/Instance Specified)	 (cls_condbserver.ExecuteNonQuery())
2024-09-12 18:08:40:406	ERROR	A network-related or instance-specific error occurred while establishing a connection to SQL Server. The server was not found or was not accessible. Verify that the instance name is correct and that SQL Server is configured to allow remote connections. (provider: SQL Network Interfaces, error: 26 - Error Locating Server/Instance Specified)	 (cls_condbserver.ExecuteNonQuery())
2024-09-12 18:09:40:604	ERROR	A network-related or instance-specific error occurred while establishing a connection to SQL Server. The server was not found or was not accessible. Verify that the instance name is correct and that SQL Server is configured to allow remote connections. (provider: SQL Network Interfaces, error: 26 - Error Locating Server/Instance Specified)	 (cls_condbserver.ExecuteNonQuery())
2024-09-12 18:10:40:803	ERROR	A network-related or instance-specific error occurred while establishing a connection to SQL Server. The server was not found or was not accessible. Verify that the instance name is correct and that SQL Server is configured to allow remote connections. (provider: SQL Network Interfaces, error: 26 - Error Locating Server/Instance Specified)	 (cls_condbserver.ExecuteNonQuery())
2024-09-12 18:11:26:406	ERROR	Login failed for user 'sa'.	md.Fill()
2024-09-12 18:11:41:087	ERROR	A network-related or instance-specific error occurred while establishing a connection to SQL Server. The server was not found or was not accessible. Verify that the instance name is correct and that SQL Server is configured to allow remote connections. (provider: SQL Network Interfaces, error: 26 - Error Locating Server/Instance Specified)	 (cls_condbserver.ExecuteNonQuery())
2024-09-12 18:11:51:078	ERROR	A network-related or instance-specific error occurred while establishing a connection to SQL Server. The server was not found or was not accessible. Verify that the instance name is correct and that SQL Server is configured to allow remote connections. (provider: SQL Network Interfaces, error: 26 - Error Locating Server/Instance Specified)	 (cls_condbserver.ExecuteNonQuery())
2024-09-12 18:12:51:296	ERROR	A network-related or instance-specific error occurred while establishing a connection to SQL Server. The server was not found or was not accessible. Verify that the instance name is correct and that SQL Server is configured to allow remote connections. (provider: SQL Network Interfaces, error: 26 - Error Locating Server/Instance Specified)	 (cls_condbserver.ExecuteNonQuery())
2024-09-12 18:13:51:466	ERROR	A network-related or instance-specific error occurred while establishing a connection to SQL Server. The server was not found or was not accessible. Verify that the instance name is correct and that SQL Server is configured to allow remote connections. (provider: SQL Network Interfaces, error: 26 - Error Locating Server/Instance Specified)	 (cls_condbserver.ExecuteNonQuery())
2024-09-12 18:14:51:662	ERROR	A network-related or instance-specific error occurred while establishing a connection to SQL Server. The server was not found or was not accessible. Verify that the instance name is correct and that SQL Server is configured to allow remote connections. (provider: SQL Network Interfaces, error: 26 - Error Locating Server/Instance Specified)	 (cls_condbserver.ExecuteNonQuery())
2024-09-12 18:15:51:873	ERROR	A network-related or instance-specific error occurred while establishing a connection to SQL Server. The server was not found or was not accessible. Verify that the instance name is correct and that SQL Server is configured to allow remote connections. (provider: SQL Network Interfaces, error: 26 - Error Locating Server/Instance Specified)	 (cls_condbserver.ExecuteNonQuery())
2024-09-12 18:16:52:088	ERROR	A network-related or instance-specific error occurred while establishing a connection to SQL Server. The server was not found or was not accessible. Verify that the instance name is correct and that SQL Server is configured to allow remote connections. (provider: SQL Network Interfaces, error: 26 - Error Locating Server/Instance Specified)	 (cls_condbserver.ExecuteNonQuery())
2024-09-12 18:17:52:242	ERROR	A network-related or instance-specific error occurred while establishing a connection to SQL Server. The server was not found or was not accessible. Verify that the instance name is correct and that SQL Server is configured to allow remote connections. (provider: SQL Network Interfaces, error: 26 - Error Locating Server/Instance Specified)	 (cls_condbserver.ExecuteNonQuery())
2024-09-12 18:18:52:467	ERROR	A network-related or instance-specific error occurred while establishing a connection to SQL Server. The server was not found or was not accessible. Verify that the instance name is correct and that SQL Server is configured to allow remote connections. (provider: SQL Network Interfaces, error: 26 - Error Locating Server/Instance Specified)	 (cls_condbserver.ExecuteNonQuery())
2024-09-12 18:19:52:667	ERROR	A network-related or instance-specific error occurred while establishing a connection to SQL Server. The server was not found or was not accessible. Verify that the instance name is correct and that SQL Server is configured to allow remote connections. (provider: SQL Network Interfaces, error: 26 - Error Locating Server/Instance Specified)	 (cls_condbserver.ExecuteNonQuery())
2024-09-12 18:20:52:882	ERROR	A network-related or instance-specific error occurred while establishing a connection to SQL Server. The server was not found or was not accessible. Verify that the instance name is correct and that SQL Server is configured to allow remote connections. (provider: SQL Network Interfaces, error: 26 - Error Locating Server/Instance Specified)	 (cls_condbserver.ExecuteNonQuery())
2024-09-12 18:21:53:123	ERROR	A network-related or instance-specific error occurred while establishing a connection to SQL Server. The server was not found or was not accessible. Verify that the instance name is correct and that SQL Server is configured to allow remote connections. (provider: SQL Network Interfaces, error: 26 - Error Locating Server/Instance Specified)	 (cls_condbserver.ExecuteNonQuery())
2024-09-12 18:22:53:319	ERROR	A network-related or instance-specific error occurred while establishing a connection to SQL Server. The server was not found or was not accessible. Verify that the instance name is correct and that SQL Server is configured to allow remote connections. (provider: SQL Network Interfaces, error: 26 - Error Locating Server/Instance Specified)	 (cls_condbserver.ExecuteNonQuery())
2024-09-12 18:23:53:542	ERROR	A network-related or instance-specific error occurred while establishing a connection to SQL Server. The server was not found or was not accessible. Verify that the instance name is correct and that SQL Server is configured to allow remote connections. (provider: SQL Network Interfaces, error: 26 - Error Locating Server/Instance Specified)	 (cls_condbserver.ExecuteNonQuery())
2024-09-12 18:24:53:729	ERROR	A network-related or instance-specific error occurred while establishing a connection to SQL Server. The server was not found or was not accessible. Verify that the instance name is correct and that SQL Server is configured to allow remote connections. (provider: SQL Network Interfaces, error: 26 - Error Locating Server/Instance Specified)	 (cls_condbserver.ExecuteNonQuery())
2024-09-12 18:25:53:914	ERROR	A network-related or instance-specific error occurred while establishing a connection to SQL Server. The server was not found or was not accessible. Verify that the instance name is correct and that SQL Server is configured to allow remote connections. (provider: SQL Network Interfaces, error: 26 - Error Locating Server/Instance Specified)	 (cls_condbserver.ExecuteNonQuery())
2024-09-12 18:26:54:101	ERROR	A network-related or instance-specific error occurred while establishing a connection to SQL Server. The server was not found or was not accessible. Verify that the instance name is correct and that SQL Server is configured to allow remote connections. (provider: SQL Network Interfaces, error: 26 - Error Locating Server/Instance Specified)	 (cls_condbserver.ExecuteNonQuery())
2024-09-12 18:27:54:296	ERROR	A network-related or instance-specific error occurred while establishing a connection to SQL Server. The server was not found or was not accessible. Verify that the instance name is correct and that SQL Server is configured to allow remote connections. (provider: SQL Network Interfaces, error: 26 - Error Locating Server/Instance Specified)	 (cls_condbserver.ExecuteNonQuery())
2024-09-12 18:28:54:501	ERROR	A network-related or instance-specific error occurred while establishing a connection to SQL Server. The server was not found or was not accessible. Verify that the instance name is correct and that SQL Server is configured to allow remote connections. (provider: SQL Network Interfaces, error: 26 - Error Locating Server/Instance Specified)	 (cls_condbserver.ExecuteNonQuery())
2024-09-12 18:29:54:706	ERROR	A network-related or instance-specific error occurred while establishing a connection to SQL Server. The server was not found or was not accessible. Verify that the instance name is correct and that SQL Server is configured to allow remote connections. (provider: SQL Network Interfaces, error: 26 - Error Locating Server/Instance Specified)	 (cls_condbserver.ExecuteNonQuery())
2024-09-12 18:30:54:908	ERROR	A network-related or instance-specific error occurred while establishing a connection to SQL Server. The server was not found or was not accessible. Verify that the instance name is correct and that SQL Server is configured to allow remote connections. (provider: SQL Network Interfaces, error: 26 - Error Locating Server/Instance Specified)	 (cls_condbserver.ExecuteNonQuery())
2024-09-12 18:31:55:114	ERROR	A network-related or instance-specific error occurred while establishing a connection to SQL Server. The server was not found or was not accessible. Verify that the instance name is correct and that SQL Server is configured to allow remote connections. (provider: SQL Network Interfaces, error: 26 - Error Locating Server/Instance Specified)	 (cls_condbserver.ExecuteNonQuery())
2024-09-12 18:32:55:272	ERROR	A network-related or instance-specific error occurred while establishing a connection to SQL Server. The server was not found or was not accessible. Verify that the instance name is correct and that SQL Server is configured to allow remote connections. (provider: SQL Network Interfaces, error: 26 - Error Locating Server/Instance Specified)	 (cls_condbserver.ExecuteNonQuery())
2024-09-12 18:33:55:491	ERROR	A network-related or instance-specific error occurred while establishing a connection to SQL Server. The server was not found or was not accessible. Verify that the instance name is correct and that SQL Server is configured to allow remote connections. (provider: SQL Network Interfaces, error: 26 - Error Locating Server/Instance Specified)	 (cls_condbserver.ExecuteNonQuery())
2024-09-12 18:34:55:717	ERROR	A network-related or instance-specific error occurred while establishing a connection to SQL Server. The server was not found or was not accessible. Verify that the instance name is correct and that SQL Server is configured to allow remote connections. (provider: SQL Network Interfaces, error: 26 - Error Locating Server/Instance Specified)	 (cls_condbserver.ExecuteNonQuery())
2024-09-12 18:35:55:929	ERROR	A network-related or instance-specific error occurred while establishing a connection to SQL Server. The server was not found or was not accessible. Verify that the instance name is correct and that SQL Server is configured to allow remote connections. (provider: SQL Network Interfaces, error: 26 - Error Locating Server/Instance Specified)	 (cls_condbserver.ExecuteNonQuery())
2024-09-12 18:36:56:140	ERROR	A network-related or instance-specific error occurred while establishing a connection to SQL Server. The server was not found or was not accessible. Verify that the instance name is correct and that SQL Server is configured to allow remote connections. (provider: SQL Network Interfaces, error: 26 - Error Locating Server/Instance Specified)	 (cls_condbserver.ExecuteNonQuery())
2024-09-12 18:37:56:329	ERROR	A network-related or instance-specific error occurred while establishing a connection to SQL Server. The server was not found or was not accessible. Verify that the instance name is correct and that SQL Server is configured to allow remote connections. (provider: SQL Network Interfaces, error: 26 - Error Locating Server/Instance Specified)	 (cls_condbserver.ExecuteNonQuery())
2024-09-12 18:38:56:575	ERROR	A network-related or instance-specific error occurred while establishing a connection to SQL Server. The server was not found or was not accessible. Verify that the instance name is correct and that SQL Server is configured to allow remote connections. (provider: SQL Network Interfaces, error: 26 - Error Locating Server/Instance Specified)	 (cls_condbserver.ExecuteNonQuery())
2024-09-12 18:39:56:776	ERROR	A network-related or instance-specific error occurred while establishing a connection to SQL Server. The server was not found or was not accessible. Verify that the instance name is correct and that SQL Server is configured to allow remote connections. (provider: SQL Network Interfaces, error: 26 - Error Locating Server/Instance Specified)	 (cls_condbserver.ExecuteNonQuery())
2024-09-12 18:40:57:005	ERROR	A network-related or instance-specific error occurred while establishing a connection to SQL Server. The server was not found or was not accessible. Verify that the instance name is correct and that SQL Server is configured to allow remote connections. (provider: SQL Network Interfaces, error: 26 - Error Locating Server/Instance Specified)	 (cls_condbserver.ExecuteNonQuery())
2024-09-12 18:41:42:537	ERROR	Login failed for user 'sa'.	md.Fill()
2024-09-12 18:41:57:204	ERROR	A network-related or instance-specific error occurred while establishing a connection to SQL Server. The server was not found or was not accessible. Verify that the instance name is correct and that SQL Server is configured to allow remote connections. (provider: SQL Network Interfaces, error: 26 - Error Locating Server/Instance Specified)	 (cls_condbserver.ExecuteNonQuery())
2024-09-12 18:41:57:223	ERROR	A network-related or instance-specific error occurred while establishing a connection to SQL Server. The server was not found or was not accessible. Verify that the instance name is correct and that SQL Server is configured to allow remote connections. (provider: SQL Network Interfaces, error: 26 - Error Locating Server/Instance Specified)	 (cls_condbserver.ExecuteNonQuery())
2024-09-12 18:43:07:421	ERROR	A network-related or instance-specific error occurred while establishing a connection to SQL Server. The server was not found or was not accessible. Verify that the instance name is correct and that SQL Server is configured to allow remote connections. (provider: SQL Network Interfaces, error: 26 - Error Locating Server/Instance Specified)	 (cls_condbserver.ExecuteNonQuery())
2024-09-12 18:44:07:603	ERROR	A network-related or instance-specific error occurred while establishing a connection to SQL Server. The server was not found or was not accessible. Verify that the instance name is correct and that SQL Server is configured to allow remote connections. (provider: SQL Network Interfaces, error: 26 - Error Locating Server/Instance Specified)	 (cls_condbserver.ExecuteNonQuery())
2024-09-12 18:45:07:771	ERROR	A network-related or instance-specific error occurred while establishing a connection to SQL Server. The server was not found or was not accessible. Verify that the instance name is correct and that SQL Server is configured to allow remote connections. (provider: SQL Network Interfaces, error: 26 - Error Locating Server/Instance Specified)	 (cls_condbserver.ExecuteNonQuery())
2024-09-12 18:46:08:060	ERROR	A network-related or instance-specific error occurred while establishing a connection to SQL Server. The server was not found or was not accessible. Verify that the instance name is correct and that SQL Server is configured to allow remote connections. (provider: SQL Network Interfaces, error: 26 - Error Locating Server/Instance Specified)	 (cls_condbserver.ExecuteNonQuery())
2024-09-12 18:47:08:276	ERROR	A network-related or instance-specific error occurred while establishing a connection to SQL Server. The server was not found or was not accessible. Verify that the instance name is correct and that SQL Server is configured to allow remote connections. (provider: SQL Network Interfaces, error: 26 - Error Locating Server/Instance Specified)	 (cls_condbserver.ExecuteNonQuery())
2024-09-12 18:48:08:462	ERROR	A network-related or instance-specific error occurred while establishing a connection to SQL Server. The server was not found or was not accessible. Verify that the instance name is correct and that SQL Server is configured to allow remote connections. (provider: SQL Network Interfaces, error: 26 - Error Locating Server/Instance Specified)	 (cls_condbserver.ExecuteNonQuery())
2024-09-12 18:49:08:663	ERROR	A network-related or instance-specific error occurred while establishing a connection to SQL Server. The server was not found or was not accessible. Verify that the instance name is correct and that SQL Server is configured to allow remote connections. (provider: SQL Network Interfaces, error: 26 - Error Locating Server/Instance Specified)	 (cls_condbserver.ExecuteNonQuery())
2024-09-12 18:50:08:872	ERROR	A network-related or instance-specific error occurred while establishing a connection to SQL Server. The server was not found or was not accessible. Verify that the instance name is correct and that SQL Server is configured to allow remote connections. (provider: SQL Network Interfaces, error: 26 - Error Locating Server/Instance Specified)	 (cls_condbserver.ExecuteNonQuery())
2024-09-12 18:51:09:109	ERROR	A network-related or instance-specific error occurred while establishing a connection to SQL Server. The server was not found or was not accessible. Verify that the instance name is correct and that SQL Server is configured to allow remote connections. (provider: SQL Network Interfaces, error: 26 - Error Locating Server/Instance Specified)	 (cls_condbserver.ExecuteNonQuery())
2024-09-12 18:52:09:304	ERROR	A network-related or instance-specific error occurred while establishing a connection to SQL Server. The server was not found or was not accessible. Verify that the instance name is correct and that SQL Server is configured to allow remote connections. (provider: SQL Network Interfaces, error: 26 - Error Locating Server/Instance Specified)	 (cls_condbserver.ExecuteNonQuery())
2024-09-12 19:12:30:305	Init	#########################################	frmMain.frmMain_Load
2024-09-12 19:12:31:791	Init	เริ่มต้นการทำงานของโปรแกรม . . .	frmMain.frmMain_Load
2024-09-12 19:12:33:639	Init	Auto connection . 	frmMain.frmMain_Load
2024-09-12 19:12:35:521	Init	เริ่มต้นการเชื่อมต่อกับ Server . . . 	frmMain.frmMain_Load
2024-09-12 19:12:37:024	EVENT	Count prescription: 7	cls_getmiddletosecuill.GetDataMidle()
2024-09-12 19:12:37:123	Status	เริ่มต้นการทำงานดึงข้อมูล . . .	frmMain.BgwGetMiddle_DoWork
2024-09-12 19:12:37:233	Elergy	 65009365, 
2024-09-12 19:12:37:644	Elergy	 65009365, 
2024-09-12 19:12:38:032	Elergy	 67006251, 
2024-09-12 19:12:38:386	Status	เชื่อมต่อ Middle สำเร็จ	frmMain.CheckConnectMiddleAndSecuill
2024-09-12 19:12:38:408	Elergy	 65002432, 
2024-09-12 19:12:38:790	Elergy	 67005336, 
2024-09-12 19:12:39:186	Elergy	 67006648, 
2024-09-12 19:15:12:656	Init	#########################################	frmMain.frmMain_Load
2024-09-12 19:15:14:278	Init	เริ่มต้นการทำงานของโปรแกรม . . .	frmMain.frmMain_Load
2024-09-12 19:15:16:125	Init	Auto connection . 	frmMain.frmMain_Load
2024-09-12 19:15:18:011	Init	เริ่มต้นการเชื่อมต่อกับ Server . . . 	frmMain.frmMain_Load
2024-09-12 19:15:19:343	EVENT	Count prescription: 2	cls_getmiddletosecuill.GetDataMidle()
2024-09-12 19:15:19:547	Elergy	 67006648, 
2024-09-12 19:15:19:665	Status	เริ่มต้นการทำงานดึงข้อมูล . . .	frmMain.BgwGetMiddle_DoWork
2024-09-12 19:15:19:670	ERROR	Login failed for user 'sa'.	md.Fill()
2024-09-12 19:15:21:176	Status	เชื่อมต่อ Middle สำเร็จ	frmMain.CheckConnectMiddleAndSecuill
2024-09-12 19:15:23:025	Status	เชื่อมต่อ Secuill สำเร็จ	frmMain.CheckConnectMiddleAndSecuill
2024-09-12 19:15:24:898	Process	ข้อมูล Middle 2 Rows	frmMain.BgwGetMiddle_DoWork
2024-09-12 19:15:26:355	ERROR	A network-related or instance-specific error occurred while establishing a connection to SQL Server. The server was not found or was not accessible. Verify that the instance name is correct and that SQL Server is configured to allow remote connections. (provider: SQL Network Interfaces, error: 26 - Error Locating Server/Instance Specified)	 (cls_condbserver.ExecuteNonQuery())
2024-09-12 19:15:26:372	ERROR	A network-related or instance-specific error occurred while establishing a connection to SQL Server. The server was not found or was not accessible. Verify that the instance name is correct and that SQL Server is configured to allow remote connections. (provider: SQL Network Interfaces, error: 26 - Error Locating Server/Instance Specified)	 (cls_condbserver.ExecuteNonQuery())
2024-09-12 19:15:26:814	_Error	Cannot insert the value NULL into column 'drugallergy_id', table 'SECUILL_V5_TU.dbo.M_PatientDrugAllergy'; column does not allow nulls. INSERT fails.
The statement has been terminated.	cls_condbsecuill.ExecuteNonQuery
2024-09-12 19:15:30:193	EVENT	Count prescription: 1	cls_getmiddletosecuill.GetDataMidle()
2024-09-12 19:15:30:379	Elergy	 67002591, 
2024-09-12 19:15:30:604	ERROR	A network-related or instance-specific error occurred while establishing a connection to SQL Server. The server was not found or was not accessible. Verify that the instance name is correct and that SQL Server is configured to allow remote connections. (provider: SQL Network Interfaces, error: 26 - Error Locating Server/Instance Specified)	 (cls_condbserver.ExecuteNonQuery())
2024-09-12 19:15:31:302	Process	ข้อมูล Middle 1 Rows	frmMain.BgwGetMiddle_DoWork
2024-09-12 19:15:33:213	_Error	Cannot insert the value NULL into column 'drugallergy_id', table 'SECUILL_V5_TU.dbo.M_PatientDrugAllergy'; column does not allow nulls. INSERT fails.
The statement has been terminated.	cls_condbsecuill.ExecuteNonQuery
2024-09-12 19:15:49:987	Init	#########################################	frmMain.frmMain_Load
2024-09-12 19:15:51:476	Init	เริ่มต้นการทำงานของโปรแกรม . . .	frmMain.frmMain_Load
2024-09-12 19:15:53:321	Init	Auto connection . 	frmMain.frmMain_Load
2024-09-12 19:15:55:206	Init	เริ่มต้นการเชื่อมต่อกับ Server . . . 	frmMain.frmMain_Load
2024-09-12 19:15:56:221	ERROR	Login failed for user 'sa'.	md.Fill()
2024-09-12 19:15:57:115	Status	เริ่มต้นการทำงานดึงข้อมูล . . .	frmMain.BgwGetMiddle_DoWork
2024-09-12 19:15:58:996	Status	เชื่อมต่อ Middle สำเร็จ	frmMain.CheckConnectMiddleAndSecuill
2024-09-12 19:16:00:912	Status	เชื่อมต่อ Secuill สำเร็จ	frmMain.CheckConnectMiddleAndSecuill
2024-09-12 19:16:03:661	ERROR	A network-related or instance-specific error occurred while establishing a connection to SQL Server. The server was not found or was not accessible. Verify that the instance name is correct and that SQL Server is configured to allow remote connections. (provider: SQL Network Interfaces, error: 26 - Error Locating Server/Instance Specified)	 (cls_condbserver.ExecuteNonQuery())
2024-09-12 19:16:03:675	ERROR	A network-related or instance-specific error occurred while establishing a connection to SQL Server. The server was not found or was not accessible. Verify that the instance name is correct and that SQL Server is configured to allow remote connections. (provider: SQL Network Interfaces, error: 26 - Error Locating Server/Instance Specified)	 (cls_condbserver.ExecuteNonQuery())
2024-09-12 19:16:06:243	ERROR	A network-related or instance-specific error occurred while establishing a connection to SQL Server. The server was not found or was not accessible. Verify that the instance name is correct and that SQL Server is configured to allow remote connections. (provider: SQL Network Interfaces, error: 26 - Error Locating Server/Instance Specified)	 (cls_condbserver.ExecuteNonQuery())
2024-09-12 19:16:16:776	EVENT	Count prescription: 6	cls_getmiddletosecuill.GetDataMidle()
2024-09-12 19:16:16:964	Elergy	 65009365, 
2024-09-12 19:16:17:328	Elergy	 65009365, 
2024-09-12 19:16:17:553	Process	ข้อมูล Middle 6 Rows	frmMain.BgwGetMiddle_DoWork
2024-09-12 19:16:17:697	Elergy	 67006251, 
2024-09-12 19:16:18:056	Elergy	 65002432, 
2024-09-12 19:16:18:416	Elergy	 67005336, 
2024-09-12 19:16:18:650	_Error	Cannot insert the value NULL into column 'drugallergy_id', table 'SECUILL_V5_TU.dbo.M_PatientDrugAllergy'; column does not allow nulls. INSERT fails.
The statement has been terminated.	cls_condbsecuill.ExecuteNonQuery
2024-09-12 19:16:18:782	Elergy	 67002591, 
2024-09-12 19:16:19:612	_Error	Violation of PRIMARY KEY constraint 'PK_T_Prescription'. Cannot insert duplicate key in object 'dbo.T_Prescription'. The duplicate key value is (83896/67, 3, 20240912).	cls_condbsecuill.ExecuteNonQuery
2024-09-12 19:16:20:545	_Error	Cannot insert the value NULL into column 'drugallergy_id', table 'SECUILL_V5_TU.dbo.M_PatientDrugAllergy'; column does not allow nulls. INSERT fails.
The statement has been terminated.	cls_condbsecuill.ExecuteNonQuery
2024-09-12 19:16:21:493	_Error	Violation of PRIMARY KEY constraint 'PK_T_Prescription'. Cannot insert duplicate key in object 'dbo.T_Prescription'. The duplicate key value is (83896/67, 4, 20240912).	cls_condbsecuill.ExecuteNonQuery
2024-09-12 19:16:22:475	_Error	Cannot insert the value NULL into column 'drugallergy_id', table 'SECUILL_V5_TU.dbo.M_PatientDrugAllergy'; column does not allow nulls. INSERT fails.
The statement has been terminated.	cls_condbsecuill.ExecuteNonQuery
2024-09-12 19:16:23:488	_Error	Violation of PRIMARY KEY constraint 'PK_T_Prescription'. Cannot insert duplicate key in object 'dbo.T_Prescription'. The duplicate key value is (83897/67, 4, 20240912).	cls_condbsecuill.ExecuteNonQuery
2024-09-12 19:16:24:538	_Error	Cannot insert the value NULL into column 'drugallergy_id', table 'SECUILL_V5_TU.dbo.M_PatientDrugAllergy'; column does not allow nulls. INSERT fails.
The statement has been terminated.	cls_condbsecuill.ExecuteNonQuery
2024-09-12 19:16:25:666	_Error	Violation of PRIMARY KEY constraint 'PK_T_Prescription'. Cannot insert duplicate key in object 'dbo.T_Prescription'. The duplicate key value is (83898/67, 2, 20240912).	cls_condbsecuill.ExecuteNonQuery
2024-09-12 19:16:27:270	_Error	Cannot insert the value NULL into column 'drugallergy_id', table 'SECUILL_V5_TU.dbo.M_PatientDrugAllergy'; column does not allow nulls. INSERT fails.
The statement has been terminated.	cls_condbsecuill.ExecuteNonQuery
2024-09-12 19:16:29:116	_Error	Violation of PRIMARY KEY constraint 'PK_T_Prescription'. Cannot insert duplicate key in object 'dbo.T_Prescription'. The duplicate key value is (83901/67, 4, 20240912).	cls_condbsecuill.ExecuteNonQuery
2024-09-12 19:16:30:992	_Error	Cannot insert the value NULL into column 'drugallergy_id', table 'SECUILL_V5_TU.dbo.M_PatientDrugAllergy'; column does not allow nulls. INSERT fails.
The statement has been terminated.	cls_condbsecuill.ExecuteNonQuery
2024-09-12 19:16:32:901	_Error	Violation of PRIMARY KEY constraint 'PK_T_Prescription'. Cannot insert duplicate key in object 'dbo.T_Prescription'. The duplicate key value is (83903/67, 4, 20240912).	cls_condbsecuill.ExecuteNonQuery
2024-09-12 19:17:22:609	Init	#########################################	frmMain.frmMain_Load
2024-09-12 19:17:24:153	Init	เริ่มต้นการทำงานของโปรแกรม . . .	frmMain.frmMain_Load
2024-09-12 19:17:25:996	Init	Auto connection . 	frmMain.frmMain_Load
2024-09-12 19:17:27:878	Init	เริ่มต้นการเชื่อมต่อกับ Server . . . 	frmMain.frmMain_Load
2024-09-12 19:17:28:897	ERROR	Login failed for user 'sa'.	md.Fill()
2024-09-12 19:17:29:795	Status	เริ่มต้นการทำงานดึงข้อมูล . . .	frmMain.BgwGetMiddle_DoWork
2024-09-12 19:17:31:676	Status	เชื่อมต่อ Middle สำเร็จ	frmMain.CheckConnectMiddleAndSecuill
2024-09-12 19:17:33:585	Status	เชื่อมต่อ Secuill สำเร็จ	frmMain.CheckConnectMiddleAndSecuill
2024-09-12 19:17:36:323	ERROR	A network-related or instance-specific error occurred while establishing a connection to SQL Server. The server was not found or was not accessible. Verify that the instance name is correct and that SQL Server is configured to allow remote connections. (provider: SQL Network Interfaces, error: 26 - Error Locating Server/Instance Specified)	 (cls_condbserver.ExecuteNonQuery())
2024-09-12 19:17:36:340	ERROR	A network-related or instance-specific error occurred while establishing a connection to SQL Server. The server was not found or was not accessible. Verify that the instance name is correct and that SQL Server is configured to allow remote connections. (provider: SQL Network Interfaces, error: 26 - Error Locating Server/Instance Specified)	 (cls_condbserver.ExecuteNonQuery())
2024-09-12 19:17:54:676	Init	#########################################	frmMain.frmMain_Load
2024-09-12 19:17:56:120	Init	เริ่มต้นการทำงานของโปรแกรม . . .	frmMain.frmMain_Load
2024-09-12 19:17:57:965	Init	Auto connection . 	frmMain.frmMain_Load
2024-09-12 19:17:59:849	Init	เริ่มต้นการเชื่อมต่อกับ Server . . . 	frmMain.frmMain_Load
2024-09-12 19:18:01:425	EVENT	Count prescription: 6	cls_getmiddletosecuill.GetDataMidle()
2024-09-12 19:18:01:431	Status	เริ่มต้นการทำงานดึงข้อมูล . . .	frmMain.BgwGetMiddle_DoWork
2024-09-12 19:18:01:702	Elergy	 65009365, 
2024-09-12 19:18:13:008	ERROR	A network-related or instance-specific error occurred while establishing a connection to SQL Server. The server was not found or was not accessible. Verify that the instance name is correct and that SQL Server is configured to allow remote connections. (provider: SQL Network Interfaces, error: 26 - Error Locating Server/Instance Specified)	 (cls_condbserver.ExecuteNonQuery())
2024-09-12 19:18:13:364	Elergy	 65009365, 
2024-09-12 19:18:16:150	Elergy	 67006251, 
2024-09-12 19:18:18:556	Status	เชื่อมต่อ Middle สำเร็จ	frmMain.CheckConnectMiddleAndSecuill
2024-09-12 19:18:18:873	Elergy	 65002432, 
2024-09-12 19:18:21:357	Elergy	 67005336, 
2024-09-12 19:18:23:078	Status	เชื่อมต่อ Secuill สำเร็จ	frmMain.CheckConnectMiddleAndSecuill
2024-09-12 19:18:23:129	Elergy	 67002591, 
2024-09-12 19:18:24:523	ERROR	Login failed for user 'sa'.	md.Fill()
2024-09-12 19:18:25:055	Process	ข้อมูล Middle 6 Rows	frmMain.BgwGetMiddle_DoWork
2024-09-12 19:18:26:089	_Error	Cannot insert the value NULL into column 'drugallergy_id', table 'SECUILL_V5_TU.dbo.M_PatientDrugAllergy'; column does not allow nulls. INSERT fails.
The statement has been terminated.	cls_condbsecuill.ExecuteNonQuery
2024-09-12 19:18:27:228	_Error	Cannot insert the value NULL into column 'drugallergy_id', table 'SECUILL_V5_TU.dbo.M_PatientDrugAllergy'; column does not allow nulls. INSERT fails.
The statement has been terminated.	cls_condbsecuill.ExecuteNonQuery
2024-09-12 19:18:29:753	_Error	Cannot insert the value NULL into column 'drugallergy_id', table 'SECUILL_V5_TU.dbo.M_PatientDrugAllergy'; column does not allow nulls. INSERT fails.
The statement has been terminated.	cls_condbsecuill.ExecuteNonQuery
2024-09-12 19:18:32:974	_Error	Cannot insert the value NULL into column 'drugallergy_id', table 'SECUILL_V5_TU.dbo.M_PatientDrugAllergy'; column does not allow nulls. INSERT fails.
The statement has been terminated.	cls_condbsecuill.ExecuteNonQuery
2024-09-12 19:18:36:229	_Error	Cannot insert the value NULL into column 'drugallergy_id', table 'SECUILL_V5_TU.dbo.M_PatientDrugAllergy'; column does not allow nulls. INSERT fails.
The statement has been terminated.	cls_condbsecuill.ExecuteNonQuery
2024-09-12 19:18:39:201	ERROR	A network-related or instance-specific error occurred while establishing a connection to SQL Server. The server was not found or was not accessible. Verify that the instance name is correct and that SQL Server is configured to allow remote connections. (provider: SQL Network Interfaces, error: 26 - Error Locating Server/Instance Specified)	 (cls_condbserver.ExecuteNonQuery())
2024-09-12 19:18:39:218	ERROR	A network-related or instance-specific error occurred while establishing a connection to SQL Server. The server was not found or was not accessible. Verify that the instance name is correct and that SQL Server is configured to allow remote connections. (provider: SQL Network Interfaces, error: 26 - Error Locating Server/Instance Specified)	 (cls_condbserver.ExecuteNonQuery())
2024-09-12 19:18:39:515	_Error	Cannot insert the value NULL into column 'drugallergy_id', table 'SECUILL_V5_TU.dbo.M_PatientDrugAllergy'; column does not allow nulls. INSERT fails.
The statement has been terminated.	cls_condbsecuill.ExecuteNonQuery
2024-09-12 19:19:51:627	Init	#########################################	frmMain.frmMain_Load
2024-09-12 19:19:53:191	Init	เริ่มต้นการทำงานของโปรแกรม . . .	frmMain.frmMain_Load
2024-09-12 19:19:55:038	Init	Auto connection . 	frmMain.frmMain_Load
2024-09-12 19:19:56:919	Init	เริ่มต้นการเชื่อมต่อกับ Server . . . 	frmMain.frmMain_Load
2024-09-12 19:19:58:345	EVENT	Count prescription: 7	cls_getmiddletosecuill.GetDataMidle()
2024-09-12 19:19:58:491	Status	เริ่มต้นการทำงานดึงข้อมูล . . .	frmMain.BgwGetMiddle_DoWork
2024-09-12 19:19:58:561	Elergy	 65009365, 
2024-09-12 19:19:58:959	Elergy	 65009365, 
2024-09-12 19:19:59:340	Elergy	 67006251, 
2024-09-12 19:19:59:669	Status	เชื่อมต่อ Middle สำเร็จ	frmMain.CheckConnectMiddleAndSecuill
2024-09-12 19:19:59:701	Elergy	 65002432, 
2024-09-12 19:20:00:088	Elergy	 67005336, 
2024-09-12 19:20:00:469	Elergy	 67006648, 
2024-09-12 19:20:00:628	Status	เชื่อมต่อ Secuill สำเร็จ	frmMain.CheckConnectMiddleAndSecuill
2024-09-12 19:20:00:826	Elergy	 67002591, 
2024-09-12 19:20:01:086	ERROR	Login failed for user 'sa'.	md.Fill()
2024-09-12 19:20:01:434	Process	ข้อมูล Middle 7 Rows	frmMain.BgwGetMiddle_DoWork
2024-09-12 19:20:02:271	_Error	Cannot insert the value NULL into column 'drugallergy_id', table 'SECUILL_V5_TU.dbo.M_PatientDrugAllergy'; column does not allow nulls. INSERT fails.
The statement has been terminated.	cls_condbsecuill.ExecuteNonQuery
2024-09-12 19:20:03:143	_Error	Violation of PRIMARY KEY constraint 'PK_T_Prescription'. Cannot insert duplicate key in object 'dbo.T_Prescription'. The duplicate key value is (83896/67, 3, 20240912).	cls_condbsecuill.ExecuteNonQuery
2024-09-12 19:20:04:046	_Error	Cannot insert the value NULL into column 'drugallergy_id', table 'SECUILL_V5_TU.dbo.M_PatientDrugAllergy'; column does not allow nulls. INSERT fails.
The statement has been terminated.	cls_condbsecuill.ExecuteNonQuery
2024-09-12 19:20:04:980	_Error	Violation of PRIMARY KEY constraint 'PK_T_Prescription'. Cannot insert duplicate key in object 'dbo.T_Prescription'. The duplicate key value is (83896/67, 4, 20240912).	cls_condbsecuill.ExecuteNonQuery
2024-09-12 19:20:05:274	ERROR	A network-related or instance-specific error occurred while establishing a connection to SQL Server. The server was not found or was not accessible. Verify that the instance name is correct and that SQL Server is configured to allow remote connections. (provider: SQL Network Interfaces, error: 26 - Error Locating Server/Instance Specified)	 (cls_condbserver.ExecuteNonQuery())
2024-09-12 19:20:05:285	ERROR	A network-related or instance-specific error occurred while establishing a connection to SQL Server. The server was not found or was not accessible. Verify that the instance name is correct and that SQL Server is configured to allow remote connections. (provider: SQL Network Interfaces, error: 26 - Error Locating Server/Instance Specified)	 (cls_condbserver.ExecuteNonQuery())
2024-09-12 19:20:05:976	_Error	Cannot insert the value NULL into column 'drugallergy_id', table 'SECUILL_V5_TU.dbo.M_PatientDrugAllergy'; column does not allow nulls. INSERT fails.
The statement has been terminated.	cls_condbsecuill.ExecuteNonQuery
2024-09-12 19:20:06:951	_Error	Violation of PRIMARY KEY constraint 'PK_T_Prescription'. Cannot insert duplicate key in object 'dbo.T_Prescription'. The duplicate key value is (83897/67, 4, 20240912).	cls_condbsecuill.ExecuteNonQuery
2024-09-12 19:20:07:959	_Error	Cannot insert the value NULL into column 'drugallergy_id', table 'SECUILL_V5_TU.dbo.M_PatientDrugAllergy'; column does not allow nulls. INSERT fails.
The statement has been terminated.	cls_condbsecuill.ExecuteNonQuery
2024-09-12 19:20:09:019	_Error	Violation of PRIMARY KEY constraint 'PK_T_Prescription'. Cannot insert duplicate key in object 'dbo.T_Prescription'. The duplicate key value is (83898/67, 2, 20240912).	cls_condbsecuill.ExecuteNonQuery
2024-09-12 19:20:10:233	_Error	Cannot insert the value NULL into column 'drugallergy_id', table 'SECUILL_V5_TU.dbo.M_PatientDrugAllergy'; column does not allow nulls. INSERT fails.
The statement has been terminated.	cls_condbsecuill.ExecuteNonQuery
2024-09-12 19:20:11:653	_Error	Violation of PRIMARY KEY constraint 'PK_T_Prescription'. Cannot insert duplicate key in object 'dbo.T_Prescription'. The duplicate key value is (83901/67, 4, 20240912).	cls_condbsecuill.ExecuteNonQuery
2024-09-12 19:20:13:500	_Error	Cannot insert the value NULL into column 'drugallergy_id', table 'SECUILL_V5_TU.dbo.M_PatientDrugAllergy'; column does not allow nulls. INSERT fails.
The statement has been terminated.	cls_condbsecuill.ExecuteNonQuery
2024-09-12 19:20:15:379	_Error	Cannot insert the value NULL into column 'drugallergy_id', table 'SECUILL_V5_TU.dbo.M_PatientDrugAllergy'; column does not allow nulls. INSERT fails.
The statement has been terminated.	cls_condbsecuill.ExecuteNonQuery
2024-09-12 19:20:18:655	_Error	Violation of PRIMARY KEY constraint 'PK_T_Prescription'. Cannot insert duplicate key in object 'dbo.T_Prescription'. The duplicate key value is (83903/67, 4, 20240912).	cls_condbsecuill.ExecuteNonQuery
2024-09-12 19:20:25:730	ERROR	A network-related or instance-specific error occurred while establishing a connection to SQL Server. The server was not found or was not accessible. Verify that the instance name is correct and that SQL Server is configured to allow remote connections. (provider: SQL Network Interfaces, error: 26 - Error Locating Server/Instance Specified)	 (cls_condbserver.ExecuteNonQuery())
2024-09-12 19:21:54:127	Init	#########################################	frmMain.frmMain_Load
2024-09-12 19:21:55:476	Init	เริ่มต้นการทำงานของโปรแกรม . . .	frmMain.frmMain_Load
2024-09-12 19:21:57:329	Init	Auto connection . 	frmMain.frmMain_Load
2024-09-12 19:21:59:198	Init	เริ่มต้นการเชื่อมต่อกับ Server . . . 	frmMain.frmMain_Load
2024-09-12 19:22:00:808	EVENT	Count prescription: 7	cls_getmiddletosecuill.GetDataMidle()
2024-09-12 19:22:00:965	Status	เริ่มต้นการทำงานดึงข้อมูล . . .	frmMain.BgwGetMiddle_DoWork
2024-09-12 19:22:00:999	Elergy	 65009365, 
2024-09-12 19:22:13:132	ERROR	A network-related or instance-specific error occurred while establishing a connection to SQL Server. The server was not found or was not accessible. Verify that the instance name is correct and that SQL Server is configured to allow remote connections. (provider: SQL Network Interfaces, error: 26 - Error Locating Server/Instance Specified)	 (cls_condbserver.ExecuteNonQuery())
2024-09-12 19:22:13:447	Elergy	 65009365, 
2024-09-12 19:22:16:554	Elergy	 67006251, 
2024-09-12 19:22:18:921	Status	เชื่อมต่อ Middle สำเร็จ	frmMain.CheckConnectMiddleAndSecuill
2024-09-12 19:22:19:169	Elergy	 65002432, 
2024-09-12 19:22:21:607	Elergy	 67005336, 
2024-09-12 19:22:23:937	Elergy	 67006648, 
2024-09-12 19:22:23:986	Status	เชื่อมต่อ Secuill สำเร็จ	frmMain.CheckConnectMiddleAndSecuill
2024-09-12 19:25:40:745	Init	#########################################	frmMain.frmMain_Load
2024-09-12 19:25:42:223	Init	เริ่มต้นการทำงานของโปรแกรม . . .	frmMain.frmMain_Load
2024-09-12 19:25:44:078	Init	Auto connection . 	frmMain.frmMain_Load
2024-09-12 19:25:45:963	Init	เริ่มต้นการเชื่อมต่อกับ Server . . . 	frmMain.frmMain_Load
2024-09-12 19:25:47:417	EVENT	Count prescription: 7	cls_getmiddletosecuill.GetDataMidle()
2024-09-12 19:25:47:591	Status	เริ่มต้นการทำงานดึงข้อมูล . . .	frmMain.BgwGetMiddle_DoWork
2024-09-12 19:25:47:630	Elergy	 65009365, 
2024-09-12 19:25:48:029	Elergy	 65009365, 
2024-09-12 19:25:48:423	Elergy	 67006251, 
2024-09-12 19:25:48:815	Elergy	 65002432, 
2024-09-12 19:25:48:819	Status	เชื่อมต่อ Middle สำเร็จ	frmMain.CheckConnectMiddleAndSecuill
2024-09-12 19:25:49:220	Elergy	 67005336, 
2024-09-12 19:25:49:630	Elergy	 67006648, 
2024-09-12 19:25:49:881	Status	เชื่อมต่อ Secuill สำเร็จ	frmMain.CheckConnectMiddleAndSecuill
2024-09-12 19:25:50:010	Elergy	 67002591, 
2024-09-12 19:25:50:256	ERROR	Login failed for user 'sa'.	md.Fill()
2024-09-12 19:25:50:898	Process	ข้อมูล Middle 7 Rows	frmMain.BgwGetMiddle_DoWork
2024-09-12 19:25:51:915	_Error	Cannot insert the value NULL into column 'drugallergy_id', table 'SECUILL_V5_TU.dbo.M_PatientDrugAllergy'; column does not allow nulls. INSERT fails.
The statement has been terminated.	cls_condbsecuill.ExecuteNonQuery
2024-09-12 19:25:52:983	_Error	Cannot insert the value NULL into column 'drugallergy_id', table 'SECUILL_V5_TU.dbo.M_PatientDrugAllergy'; column does not allow nulls. INSERT fails.
The statement has been terminated.	cls_condbsecuill.ExecuteNonQuery
2024-09-12 19:25:54:421	ERROR	A network-related or instance-specific error occurred while establishing a connection to SQL Server. The server was not found or was not accessible. Verify that the instance name is correct and that SQL Server is configured to allow remote connections. (provider: SQL Network Interfaces, error: 26 - Error Locating Server/Instance Specified)	 (cls_condbserver.ExecuteNonQuery())
2024-09-12 19:25:54:438	ERROR	A network-related or instance-specific error occurred while establishing a connection to SQL Server. The server was not found or was not accessible. Verify that the instance name is correct and that SQL Server is configured to allow remote connections. (provider: SQL Network Interfaces, error: 26 - Error Locating Server/Instance Specified)	 (cls_condbserver.ExecuteNonQuery())
2024-09-12 19:25:54:853	_Error	Cannot insert the value NULL into column 'drugallergy_id', table 'SECUILL_V5_TU.dbo.M_PatientDrugAllergy'; column does not allow nulls. INSERT fails.
The statement has been terminated.	cls_condbsecuill.ExecuteNonQuery
2024-09-12 19:25:57:167	_Error	Cannot insert the value NULL into column 'drugallergy_id', table 'SECUILL_V5_TU.dbo.M_PatientDrugAllergy'; column does not allow nulls. INSERT fails.
The statement has been terminated.	cls_condbsecuill.ExecuteNonQuery
2024-09-12 19:26:00:379	_Error	Cannot insert the value NULL into column 'drugallergy_id', table 'SECUILL_V5_TU.dbo.M_PatientDrugAllergy'; column does not allow nulls. INSERT fails.
The statement has been terminated.	cls_condbsecuill.ExecuteNonQuery
2024-09-12 19:26:03:623	_Error	Cannot insert the value NULL into column 'drugallergy_id', table 'SECUILL_V5_TU.dbo.M_PatientDrugAllergy'; column does not allow nulls. INSERT fails.
The statement has been terminated.	cls_condbsecuill.ExecuteNonQuery
2024-09-12 19:26:06:907	_Error	Cannot insert the value NULL into column 'drugallergy_id', table 'SECUILL_V5_TU.dbo.M_PatientDrugAllergy'; column does not allow nulls. INSERT fails.
The statement has been terminated.	cls_condbsecuill.ExecuteNonQuery
2024-09-12 19:26:14:952	ERROR	A network-related or instance-specific error occurred while establishing a connection to SQL Server. The server was not found or was not accessible. Verify that the instance name is correct and that SQL Server is configured to allow remote connections. (provider: SQL Network Interfaces, error: 26 - Error Locating Server/Instance Specified)	 (cls_condbserver.ExecuteNonQuery())
