2024-10-24 00:00:41:829	ERROR	A network-related or instance-specific error occurred while establishing a connection to SQL Server. The server was not found or was not accessible. Verify that the instance name is correct and that SQL Server is configured to allow remote connections. (provider: SQL Network Interfaces, error: 26 - Error Locating Server/Instance Specified)	 (cls_condbserver.ExecuteNonQuery())
2024-10-24 00:01:42:291	ERROR	A network-related or instance-specific error occurred while establishing a connection to SQL Server. The server was not found or was not accessible. Verify that the instance name is correct and that SQL Server is configured to allow remote connections. (provider: SQL Network Interfaces, error: 26 - Error Locating Server/Instance Specified)	 (cls_condbserver.ExecuteNonQuery())
2024-10-24 00:02:42:771	ERROR	A network-related or instance-specific error occurred while establishing a connection to SQL Server. The server was not found or was not accessible. Verify that the instance name is correct and that SQL Server is configured to allow remote connections. (provider: SQL Network Interfaces, error: 26 - Error Locating Server/Instance Specified)	 (cls_condbserver.ExecuteNonQuery())
2024-10-24 00:03:43:298	ERROR	A network-related or instance-specific error occurred while establishing a connection to SQL Server. The server was not found or was not accessible. Verify that the instance name is correct and that SQL Server is configured to allow remote connections. (provider: SQL Network Interfaces, error: 26 - Error Locating Server/Instance Specified)	 (cls_condbserver.ExecuteNonQuery())
2024-10-24 00:04:43:971	ERROR	A network-related or instance-specific error occurred while establishing a connection to SQL Server. The server was not found or was not accessible. Verify that the instance name is correct and that SQL Server is configured to allow remote connections. (provider: SQL Network Interfaces, error: 26 - Error Locating Server/Instance Specified)	 (cls_condbserver.ExecuteNonQuery())
2024-10-24 00:05:44:537	ERROR	A network-related or instance-specific error occurred while establishing a connection to SQL Server. The server was not found or was not accessible. Verify that the instance name is correct and that SQL Server is configured to allow remote connections. (provider: SQL Network Interfaces, error: 26 - Error Locating Server/Instance Specified)	 (cls_condbserver.ExecuteNonQuery())
2024-10-24 00:06:45:240	ERROR	A network-related or instance-specific error occurred while establishing a connection to SQL Server. The server was not found or was not accessible. Verify that the instance name is correct and that SQL Server is configured to allow remote connections. (provider: SQL Network Interfaces, error: 26 - Error Locating Server/Instance Specified)	 (cls_condbserver.ExecuteNonQuery())
2024-10-24 00:07:31:071	ERROR	Login failed for user 'sa'.	md.Fill()
2024-10-24 00:07:45:703	ERROR	A network-related or instance-specific error occurred while establishing a connection to SQL Server. The server was not found or was not accessible. Verify that the instance name is correct and that SQL Server is configured to allow remote connections. (provider: SQL Network Interfaces, error: 26 - Error Locating Server/Instance Specified)	 (cls_condbserver.ExecuteNonQuery())
2024-10-24 00:08:56:242	ERROR	A network-related or instance-specific error occurred while establishing a connection to SQL Server. The server was not found or was not accessible. Verify that the instance name is correct and that SQL Server is configured to allow remote connections. (provider: SQL Network Interfaces, error: 26 - Error Locating Server/Instance Specified)	 (cls_condbserver.ExecuteNonQuery())
2024-10-24 00:09:56:703	ERROR	A network-related or instance-specific error occurred while establishing a connection to SQL Server. The server was not found or was not accessible. Verify that the instance name is correct and that SQL Server is configured to allow remote connections. (provider: SQL Network Interfaces, error: 26 - Error Locating Server/Instance Specified)	 (cls_condbserver.ExecuteNonQuery())
2024-10-24 00:10:57:131	ERROR	A network-related or instance-specific error occurred while establishing a connection to SQL Server. The server was not found or was not accessible. Verify that the instance name is correct and that SQL Server is configured to allow remote connections. (provider: SQL Network Interfaces, error: 26 - Error Locating Server/Instance Specified)	 (cls_condbserver.ExecuteNonQuery())
2024-10-24 00:11:57:623	ERROR	A network-related or instance-specific error occurred while establishing a connection to SQL Server. The server was not found or was not accessible. Verify that the instance name is correct and that SQL Server is configured to allow remote connections. (provider: SQL Network Interfaces, error: 26 - Error Locating Server/Instance Specified)	 (cls_condbserver.ExecuteNonQuery())
2024-10-24 00:12:58:098	ERROR	A network-related or instance-specific error occurred while establishing a connection to SQL Server. The server was not found or was not accessible. Verify that the instance name is correct and that SQL Server is configured to allow remote connections. (provider: SQL Network Interfaces, error: 26 - Error Locating Server/Instance Specified)	 (cls_condbserver.ExecuteNonQuery())
2024-10-24 00:13:58:561	ERROR	A network-related or instance-specific error occurred while establishing a connection to SQL Server. The server was not found or was not accessible. Verify that the instance name is correct and that SQL Server is configured to allow remote connections. (provider: SQL Network Interfaces, error: 26 - Error Locating Server/Instance Specified)	 (cls_condbserver.ExecuteNonQuery())
2024-10-24 00:14:59:095	ERROR	A network-related or instance-specific error occurred while establishing a connection to SQL Server. The server was not found or was not accessible. Verify that the instance name is correct and that SQL Server is configured to allow remote connections. (provider: SQL Network Interfaces, error: 26 - Error Locating Server/Instance Specified)	 (cls_condbserver.ExecuteNonQuery())
2024-10-24 00:16:00:008	ERROR	A network-related or instance-specific error occurred while establishing a connection to SQL Server. The server was not found or was not accessible. Verify that the instance name is correct and that SQL Server is configured to allow remote connections. (provider: SQL Network Interfaces, error: 26 - Error Locating Server/Instance Specified)	 (cls_condbserver.ExecuteNonQuery())
2024-10-24 00:17:02:722	ERROR	A network-related or instance-specific error occurred while establishing a connection to SQL Server. The server was not found or was not accessible. Verify that the instance name is correct and that SQL Server is configured to allow remote connections. (provider: SQL Network Interfaces, error: 26 - Error Locating Server/Instance Specified)	 (cls_condbserver.ExecuteNonQuery())
2024-10-24 00:18:03:215	ERROR	A network-related or instance-specific error occurred while establishing a connection to SQL Server. The server was not found or was not accessible. Verify that the instance name is correct and that SQL Server is configured to allow remote connections. (provider: SQL Network Interfaces, error: 26 - Error Locating Server/Instance Specified)	 (cls_condbserver.ExecuteNonQuery())
2024-10-24 00:19:06:520	ERROR	A network-related or instance-specific error occurred while establishing a connection to SQL Server. The server was not found or was not accessible. Verify that the instance name is correct and that SQL Server is configured to allow remote connections. (provider: SQL Network Interfaces, error: 26 - Error Locating Server/Instance Specified)	 (cls_condbserver.ExecuteNonQuery())
2024-10-24 00:20:07:009	ERROR	A network-related or instance-specific error occurred while establishing a connection to SQL Server. The server was not found or was not accessible. Verify that the instance name is correct and that SQL Server is configured to allow remote connections. (provider: SQL Network Interfaces, error: 26 - Error Locating Server/Instance Specified)	 (cls_condbserver.ExecuteNonQuery())
2024-10-24 00:21:07:656	ERROR	A network-related or instance-specific error occurred while establishing a connection to SQL Server. The server was not found or was not accessible. Verify that the instance name is correct and that SQL Server is configured to allow remote connections. (provider: SQL Network Interfaces, error: 26 - Error Locating Server/Instance Specified)	 (cls_condbserver.ExecuteNonQuery())
2024-10-24 00:21:42:513	ERROR	A transport-level error has occurred when receiving results from the server. (provider: TCP Provider, error: 0 - The semaphore timeout period has expired.)	cls_condbmiddle.Fill()cls_getmiddletosecuill.CountDataMiddle()
2024-10-24 00:22:07:161	ERROR	A network-related or instance-specific error occurred while establishing a connection to SQL Server. The server was not found or was not accessible. Verify that the instance name is correct and that SQL Server is configured to allow remote connections. (provider: Named Pipes Provider, error: 40 - Could not open a connection to SQL Server)	cls_condbmiddle.chk_connect_db()
2024-10-24 00:22:09:008	_Error	ไม่สามารถเชื่อมต่อ Server Middle	frmMain.CheckConnectMiddleAndSecuill
2024-10-24 00:22:10:963	Status	กำลังเชื่อมต่อใหม่อีกครั้ง Server Middle	frmMain.CheckConnectMiddleAndSecuill
2024-10-24 00:22:27:652	_Error	A network-related or instance-specific error occurred while establishing a connection to SQL Server. The server was not found or was not accessible. Verify that the instance name is correct and that SQL Server is configured to allow remote connections. (provider: Named Pipes Provider, error: 40 - Could not open a connection to SQL Server)	cls_condbsecuill.chk_connect_db
2024-10-24 00:22:29:576	_Error	ไม่สามารถเชื่อมต่อ Server secuill	frmMain.CheckConnectMiddleAndSecuill
2024-10-24 00:22:31:497	Status	กำลังเชื่อมต่อใหม่อีกครั้ง Server secuill	frmMain.CheckConnectMiddleAndSecuill
2024-10-24 00:22:54:579	ERROR	A network-related or instance-specific error occurred while establishing a connection to SQL Server. The server was not found or was not accessible. Verify that the instance name is correct and that SQL Server is configured to allow remote connections. (provider: Named Pipes Provider, error: 40 - Could not open a connection to SQL Server)	cls_condbmiddle.chk_connect_db()
2024-10-24 00:22:56:289	_Error	ไม่สามารถเชื่อมต่อ Server Middle	frmMain.CheckConnectMiddleAndSecuill
2024-10-24 00:22:58:229	Status	กำลังเชื่อมต่อใหม่อีกครั้ง Server Middle	frmMain.CheckConnectMiddleAndSecuill
2024-10-24 00:23:14:875	_Error	A network-related or instance-specific error occurred while establishing a connection to SQL Server. The server was not found or was not accessible. Verify that the instance name is correct and that SQL Server is configured to allow remote connections. (provider: Named Pipes Provider, error: 40 - Could not open a connection to SQL Server)	cls_condbsecuill.chk_connect_db
2024-10-24 00:23:16:818	_Error	ไม่สามารถเชื่อมต่อ Server secuill	frmMain.CheckConnectMiddleAndSecuill
2024-10-24 00:23:18:740	Status	กำลังเชื่อมต่อใหม่อีกครั้ง Server secuill	frmMain.CheckConnectMiddleAndSecuill
2024-10-24 00:23:41:969	ERROR	A network-related or instance-specific error occurred while establishing a connection to SQL Server. The server was not found or was not accessible. Verify that the instance name is correct and that SQL Server is configured to allow remote connections. (provider: Named Pipes Provider, error: 40 - Could not open a connection to SQL Server)	cls_condbmiddle.chk_connect_db()
2024-10-24 00:23:43:583	_Error	ไม่สามารถเชื่อมต่อ Server Middle	frmMain.CheckConnectMiddleAndSecuill
2024-10-24 00:23:45:548	Status	กำลังเชื่อมต่อใหม่อีกครั้ง Server Middle	frmMain.CheckConnectMiddleAndSecuill
2024-10-24 00:24:02:295	_Error	A network-related or instance-specific error occurred while establishing a connection to SQL Server. The server was not found or was not accessible. Verify that the instance name is correct and that SQL Server is configured to allow remote connections. (provider: Named Pipes Provider, error: 40 - Could not open a connection to SQL Server)	cls_condbsecuill.chk_connect_db
2024-10-24 00:24:04:207	_Error	ไม่สามารถเชื่อมต่อ Server secuill	frmMain.CheckConnectMiddleAndSecuill
2024-10-24 00:24:06:114	Status	กำลังเชื่อมต่อใหม่อีกครั้ง Server secuill	frmMain.CheckConnectMiddleAndSecuill
2024-10-24 00:24:19:396	ERROR	A network-related or instance-specific error occurred while establishing a connection to SQL Server. The server was not found or was not accessible. Verify that the instance name is correct and that SQL Server is configured to allow remote connections. (provider: SQL Network Interfaces, error: 26 - Error Locating Server/Instance Specified)	 (cls_condbserver.ExecuteNonQuery())
2024-10-24 00:24:29:409	ERROR	A network-related or instance-specific error occurred while establishing a connection to SQL Server. The server was not found or was not accessible. Verify that the instance name is correct and that SQL Server is configured to allow remote connections. (provider: Named Pipes Provider, error: 40 - Could not open a connection to SQL Server)	cls_condbmiddle.chk_connect_db()
2024-10-24 00:24:31:155	_Error	ไม่สามารถเชื่อมต่อ Server Middle	frmMain.CheckConnectMiddleAndSecuill
2024-10-24 00:24:33:104	Status	กำลังเชื่อมต่อใหม่อีกครั้ง Server Middle	frmMain.CheckConnectMiddleAndSecuill
2024-10-24 00:24:49:935	_Error	A network-related or instance-specific error occurred while establishing a connection to SQL Server. The server was not found or was not accessible. Verify that the instance name is correct and that SQL Server is configured to allow remote connections. (provider: Named Pipes Provider, error: 40 - Could not open a connection to SQL Server)	cls_condbsecuill.chk_connect_db
2024-10-24 00:24:51:850	_Error	ไม่สามารถเชื่อมต่อ Server secuill	frmMain.CheckConnectMiddleAndSecuill
2024-10-24 00:24:53:763	Status	กำลังเชื่อมต่อใหม่อีกครั้ง Server secuill	frmMain.CheckConnectMiddleAndSecuill
2024-10-24 00:25:16:886	ERROR	A network-related or instance-specific error occurred while establishing a connection to SQL Server. The server was not found or was not accessible. Verify that the instance name is correct and that SQL Server is configured to allow remote connections. (provider: Named Pipes Provider, error: 40 - Could not open a connection to SQL Server)	cls_condbmiddle.chk_connect_db()
2024-10-24 00:25:18:683	_Error	ไม่สามารถเชื่อมต่อ Server Middle	frmMain.CheckConnectMiddleAndSecuill
2024-10-24 00:25:20:639	Status	กำลังเชื่อมต่อใหม่อีกครั้ง Server Middle	frmMain.CheckConnectMiddleAndSecuill
2024-10-24 00:25:37:252	_Error	A network-related or instance-specific error occurred while establishing a connection to SQL Server. The server was not found or was not accessible. Verify that the instance name is correct and that SQL Server is configured to allow remote connections. (provider: Named Pipes Provider, error: 40 - Could not open a connection to SQL Server)	cls_condbsecuill.chk_connect_db
2024-10-24 00:25:39:155	_Error	ไม่สามารถเชื่อมต่อ Server secuill	frmMain.CheckConnectMiddleAndSecuill
2024-10-24 00:25:41:080	Status	กำลังเชื่อมต่อใหม่อีกครั้ง Server secuill	frmMain.CheckConnectMiddleAndSecuill
2024-10-24 00:26:04:216	ERROR	A network-related or instance-specific error occurred while establishing a connection to SQL Server. The server was not found or was not accessible. Verify that the instance name is correct and that SQL Server is configured to allow remote connections. (provider: Named Pipes Provider, error: 40 - Could not open a connection to SQL Server)	cls_condbmiddle.chk_connect_db()
2024-10-24 00:26:05:950	_Error	ไม่สามารถเชื่อมต่อ Server Middle	frmMain.CheckConnectMiddleAndSecuill
2024-10-24 00:26:07:883	Status	กำลังเชื่อมต่อใหม่อีกครั้ง Server Middle	frmMain.CheckConnectMiddleAndSecuill
2024-10-24 00:26:24:594	_Error	A network-related or instance-specific error occurred while establishing a connection to SQL Server. The server was not found or was not accessible. Verify that the instance name is correct and that SQL Server is configured to allow remote connections. (provider: Named Pipes Provider, error: 40 - Could not open a connection to SQL Server)	cls_condbsecuill.chk_connect_db
2024-10-24 00:26:26:500	_Error	ไม่สามารถเชื่อมต่อ Server secuill	frmMain.CheckConnectMiddleAndSecuill
2024-10-24 00:26:28:419	Status	กำลังเชื่อมต่อใหม่อีกครั้ง Server secuill	frmMain.CheckConnectMiddleAndSecuill
2024-10-24 00:26:51:634	ERROR	A network-related or instance-specific error occurred while establishing a connection to SQL Server. The server was not found or was not accessible. Verify that the instance name is correct and that SQL Server is configured to allow remote connections. (provider: Named Pipes Provider, error: 40 - Could not open a connection to SQL Server)	cls_condbmiddle.chk_connect_db()
2024-10-24 00:26:53:312	_Error	ไม่สามารถเชื่อมต่อ Server Middle	frmMain.CheckConnectMiddleAndSecuill
2024-10-24 00:26:55:257	Status	กำลังเชื่อมต่อใหม่อีกครั้ง Server Middle	frmMain.CheckConnectMiddleAndSecuill
2024-10-24 00:27:11:982	_Error	A network-related or instance-specific error occurred while establishing a connection to SQL Server. The server was not found or was not accessible. Verify that the instance name is correct and that SQL Server is configured to allow remote connections. (provider: Named Pipes Provider, error: 40 - Could not open a connection to SQL Server)	cls_condbsecuill.chk_connect_db
2024-10-24 00:27:13:894	_Error	ไม่สามารถเชื่อมต่อ Server secuill	frmMain.CheckConnectMiddleAndSecuill
2024-10-24 00:27:15:825	Status	กำลังเชื่อมต่อใหม่อีกครั้ง Server secuill	frmMain.CheckConnectMiddleAndSecuill
2024-10-24 00:27:38:956	ERROR	A network-related or instance-specific error occurred while establishing a connection to SQL Server. The server was not found or was not accessible. Verify that the instance name is correct and that SQL Server is configured to allow remote connections. (provider: Named Pipes Provider, error: 40 - Could not open a connection to SQL Server)	cls_condbmiddle.chk_connect_db()
2024-10-24 00:27:40:622	_Error	ไม่สามารถเชื่อมต่อ Server Middle	frmMain.CheckConnectMiddleAndSecuill
2024-10-24 00:27:42:569	Status	กำลังเชื่อมต่อใหม่อีกครั้ง Server Middle	frmMain.CheckConnectMiddleAndSecuill
2024-10-24 00:27:59:254	_Error	A network-related or instance-specific error occurred while establishing a connection to SQL Server. The server was not found or was not accessible. Verify that the instance name is correct and that SQL Server is configured to allow remote connections. (provider: Named Pipes Provider, error: 40 - Could not open a connection to SQL Server)	cls_condbsecuill.chk_connect_db
2024-10-24 00:28:01:152	_Error	ไม่สามารถเชื่อมต่อ Server secuill	frmMain.CheckConnectMiddleAndSecuill
2024-10-24 00:28:03:074	Status	กำลังเชื่อมต่อใหม่อีกครั้ง Server secuill	frmMain.CheckConnectMiddleAndSecuill
2024-10-24 00:28:26:344	ERROR	A network-related or instance-specific error occurred while establishing a connection to SQL Server. The server was not found or was not accessible. Verify that the instance name is correct and that SQL Server is configured to allow remote connections. (provider: Named Pipes Provider, error: 40 - Could not open a connection to SQL Server)	cls_condbmiddle.chk_connect_db()
2024-10-24 00:28:27:970	_Error	ไม่สามารถเชื่อมต่อ Server Middle	frmMain.CheckConnectMiddleAndSecuill
2024-10-24 00:28:29:903	Status	กำลังเชื่อมต่อใหม่อีกครั้ง Server Middle	frmMain.CheckConnectMiddleAndSecuill
2024-10-24 00:28:46:530	_Error	A network-related or instance-specific error occurred while establishing a connection to SQL Server. The server was not found or was not accessible. Verify that the instance name is correct and that SQL Server is configured to allow remote connections. (provider: Named Pipes Provider, error: 40 - Could not open a connection to SQL Server)	cls_condbsecuill.chk_connect_db
2024-10-24 00:28:48:396	_Error	ไม่สามารถเชื่อมต่อ Server secuill	frmMain.CheckConnectMiddleAndSecuill
2024-10-24 00:28:50:258	Status	กำลังเชื่อมต่อใหม่อีกครั้ง Server secuill	frmMain.CheckConnectMiddleAndSecuill
2024-10-24 00:29:03:761	ERROR	A network-related or instance-specific error occurred while establishing a connection to SQL Server. The server was not found or was not accessible. Verify that the instance name is correct and that SQL Server is configured to allow remote connections. (provider: SQL Network Interfaces, error: 26 - Error Locating Server/Instance Specified)	 (cls_condbserver.ExecuteNonQuery())
2024-10-24 00:29:13:704	ERROR	A network-related or instance-specific error occurred while establishing a connection to SQL Server. The server was not found or was not accessible. Verify that the instance name is correct and that SQL Server is configured to allow remote connections. (provider: Named Pipes Provider, error: 40 - Could not open a connection to SQL Server)	cls_condbmiddle.chk_connect_db()
2024-10-24 00:29:15:126	_Error	ไม่สามารถเชื่อมต่อ Server Middle	frmMain.CheckConnectMiddleAndSecuill
2024-10-24 00:29:17:542	Status	กำลังเชื่อมต่อใหม่อีกครั้ง Server Middle	frmMain.CheckConnectMiddleAndSecuill
2024-10-24 00:29:34:321	_Error	A network-related or instance-specific error occurred while establishing a connection to SQL Server. The server was not found or was not accessible. Verify that the instance name is correct and that SQL Server is configured to allow remote connections. (provider: Named Pipes Provider, error: 40 - Could not open a connection to SQL Server)	cls_condbsecuill.chk_connect_db
2024-10-24 00:29:36:249	_Error	ไม่สามารถเชื่อมต่อ Server secuill	frmMain.CheckConnectMiddleAndSecuill
2024-10-24 00:29:38:168	Status	กำลังเชื่อมต่อใหม่อีกครั้ง Server secuill	frmMain.CheckConnectMiddleAndSecuill
2024-10-24 00:30:01:109	ERROR	A network-related or instance-specific error occurred while establishing a connection to SQL Server. The server was not found or was not accessible. Verify that the instance name is correct and that SQL Server is configured to allow remote connections. (provider: Named Pipes Provider, error: 40 - Could not open a connection to SQL Server)	cls_condbmiddle.chk_connect_db()
2024-10-24 00:30:02:968	_Error	ไม่สามารถเชื่อมต่อ Server Middle	frmMain.CheckConnectMiddleAndSecuill
2024-10-24 00:30:04:910	Status	กำลังเชื่อมต่อใหม่อีกครั้ง Server Middle	frmMain.CheckConnectMiddleAndSecuill
2024-10-24 00:30:21:611	_Error	A network-related or instance-specific error occurred while establishing a connection to SQL Server. The server was not found or was not accessible. Verify that the instance name is correct and that SQL Server is configured to allow remote connections. (provider: Named Pipes Provider, error: 40 - Could not open a connection to SQL Server)	cls_condbsecuill.chk_connect_db
2024-10-24 00:30:23:534	_Error	ไม่สามารถเชื่อมต่อ Server secuill	frmMain.CheckConnectMiddleAndSecuill
2024-10-24 00:30:25:455	Status	กำลังเชื่อมต่อใหม่อีกครั้ง Server secuill	frmMain.CheckConnectMiddleAndSecuill
2024-10-24 00:30:48:469	ERROR	A network-related or instance-specific error occurred while establishing a connection to SQL Server. The server was not found or was not accessible. Verify that the instance name is correct and that SQL Server is configured to allow remote connections. (provider: Named Pipes Provider, error: 40 - Could not open a connection to SQL Server)	cls_condbmiddle.chk_connect_db()
2024-10-24 00:30:50:288	_Error	ไม่สามารถเชื่อมต่อ Server Middle	frmMain.CheckConnectMiddleAndSecuill
2024-10-24 00:30:52:245	Status	กำลังเชื่อมต่อใหม่อีกครั้ง Server Middle	frmMain.CheckConnectMiddleAndSecuill
2024-10-24 00:31:08:873	_Error	A network-related or instance-specific error occurred while establishing a connection to SQL Server. The server was not found or was not accessible. Verify that the instance name is correct and that SQL Server is configured to allow remote connections. (provider: Named Pipes Provider, error: 40 - Could not open a connection to SQL Server)	cls_condbsecuill.chk_connect_db
2024-10-24 00:31:10:801	_Error	ไม่สามารถเชื่อมต่อ Server secuill	frmMain.CheckConnectMiddleAndSecuill
2024-10-24 00:31:12:715	Status	กำลังเชื่อมต่อใหม่อีกครั้ง Server secuill	frmMain.CheckConnectMiddleAndSecuill
2024-10-24 00:31:35:847	ERROR	A network-related or instance-specific error occurred while establishing a connection to SQL Server. The server was not found or was not accessible. Verify that the instance name is correct and that SQL Server is configured to allow remote connections. (provider: Named Pipes Provider, error: 40 - Could not open a connection to SQL Server)	cls_condbmiddle.chk_connect_db()
2024-10-24 00:31:37:635	_Error	ไม่สามารถเชื่อมต่อ Server Middle	frmMain.CheckConnectMiddleAndSecuill
2024-10-24 00:31:39:588	Status	กำลังเชื่อมต่อใหม่อีกครั้ง Server Middle	frmMain.CheckConnectMiddleAndSecuill
2024-10-24 00:31:56:284	_Error	A network-related or instance-specific error occurred while establishing a connection to SQL Server. The server was not found or was not accessible. Verify that the instance name is correct and that SQL Server is configured to allow remote connections. (provider: Named Pipes Provider, error: 40 - Could not open a connection to SQL Server)	cls_condbsecuill.chk_connect_db
2024-10-24 00:31:58:212	_Error	ไม่สามารถเชื่อมต่อ Server secuill	frmMain.CheckConnectMiddleAndSecuill
2024-10-24 00:32:00:134	Status	กำลังเชื่อมต่อใหม่อีกครั้ง Server secuill	frmMain.CheckConnectMiddleAndSecuill
2024-10-24 00:32:23:209	ERROR	A network-related or instance-specific error occurred while establishing a connection to SQL Server. The server was not found or was not accessible. Verify that the instance name is correct and that SQL Server is configured to allow remote connections. (provider: Named Pipes Provider, error: 40 - Could not open a connection to SQL Server)	cls_condbmiddle.chk_connect_db()
2024-10-24 00:32:25:084	_Error	ไม่สามารถเชื่อมต่อ Server Middle	frmMain.CheckConnectMiddleAndSecuill
2024-10-24 00:32:27:023	Status	กำลังเชื่อมต่อใหม่อีกครั้ง Server Middle	frmMain.CheckConnectMiddleAndSecuill
2024-10-24 00:32:43:718	_Error	A network-related or instance-specific error occurred while establishing a connection to SQL Server. The server was not found or was not accessible. Verify that the instance name is correct and that SQL Server is configured to allow remote connections. (provider: Named Pipes Provider, error: 40 - Could not open a connection to SQL Server)	cls_condbsecuill.chk_connect_db
2024-10-24 00:32:45:619	_Error	ไม่สามารถเชื่อมต่อ Server secuill	frmMain.CheckConnectMiddleAndSecuill
2024-10-24 00:32:47:535	Status	กำลังเชื่อมต่อใหม่อีกครั้ง Server secuill	frmMain.CheckConnectMiddleAndSecuill
2024-10-24 00:33:10:605	ERROR	A network-related or instance-specific error occurred while establishing a connection to SQL Server. The server was not found or was not accessible. Verify that the instance name is correct and that SQL Server is configured to allow remote connections. (provider: Named Pipes Provider, error: 40 - Could not open a connection to SQL Server)	cls_condbmiddle.chk_connect_db()
2024-10-24 00:33:12:342	_Error	ไม่สามารถเชื่อมต่อ Server Middle	frmMain.CheckConnectMiddleAndSecuill
2024-10-24 00:33:14:295	Status	กำลังเชื่อมต่อใหม่อีกครั้ง Server Middle	frmMain.CheckConnectMiddleAndSecuill
2024-10-24 00:33:30:926	_Error	A network-related or instance-specific error occurred while establishing a connection to SQL Server. The server was not found or was not accessible. Verify that the instance name is correct and that SQL Server is configured to allow remote connections. (provider: Named Pipes Provider, error: 40 - Could not open a connection to SQL Server)	cls_condbsecuill.chk_connect_db
2024-10-24 00:33:32:838	_Error	ไม่สามารถเชื่อมต่อ Server secuill	frmMain.CheckConnectMiddleAndSecuill
2024-10-24 00:33:34:741	Status	กำลังเชื่อมต่อใหม่อีกครั้ง Server secuill	frmMain.CheckConnectMiddleAndSecuill
2024-10-24 00:33:47:961	ERROR	A network-related or instance-specific error occurred while establishing a connection to SQL Server. The server was not found or was not accessible. Verify that the instance name is correct and that SQL Server is configured to allow remote connections. (provider: SQL Network Interfaces, error: 26 - Error Locating Server/Instance Specified)	 (cls_condbserver.ExecuteNonQuery())
2024-10-24 00:33:57:966	ERROR	A network-related or instance-specific error occurred while establishing a connection to SQL Server. The server was not found or was not accessible. Verify that the instance name is correct and that SQL Server is configured to allow remote connections. (provider: Named Pipes Provider, error: 40 - Could not open a connection to SQL Server)	cls_condbmiddle.chk_connect_db()
2024-10-24 00:33:59:620	_Error	ไม่สามารถเชื่อมต่อ Server Middle	frmMain.CheckConnectMiddleAndSecuill
2024-10-24 00:34:01:571	Status	กำลังเชื่อมต่อใหม่อีกครั้ง Server Middle	frmMain.CheckConnectMiddleAndSecuill
2024-10-24 00:34:18:299	_Error	A network-related or instance-specific error occurred while establishing a connection to SQL Server. The server was not found or was not accessible. Verify that the instance name is correct and that SQL Server is configured to allow remote connections. (provider: Named Pipes Provider, error: 40 - Could not open a connection to SQL Server)	cls_condbsecuill.chk_connect_db
2024-10-24 00:34:20:215	_Error	ไม่สามารถเชื่อมต่อ Server secuill	frmMain.CheckConnectMiddleAndSecuill
2024-10-24 00:34:22:134	Status	กำลังเชื่อมต่อใหม่อีกครั้ง Server secuill	frmMain.CheckConnectMiddleAndSecuill
2024-10-24 00:34:45:350	ERROR	A network-related or instance-specific error occurred while establishing a connection to SQL Server. The server was not found or was not accessible. Verify that the instance name is correct and that SQL Server is configured to allow remote connections. (provider: Named Pipes Provider, error: 40 - Could not open a connection to SQL Server)	cls_condbmiddle.chk_connect_db()
2024-10-24 00:34:46:993	_Error	ไม่สามารถเชื่อมต่อ Server Middle	frmMain.CheckConnectMiddleAndSecuill
2024-10-24 00:34:48:952	Status	กำลังเชื่อมต่อใหม่อีกครั้ง Server Middle	frmMain.CheckConnectMiddleAndSecuill
2024-10-24 00:35:05:676	_Error	A network-related or instance-specific error occurred while establishing a connection to SQL Server. The server was not found or was not accessible. Verify that the instance name is correct and that SQL Server is configured to allow remote connections. (provider: Named Pipes Provider, error: 40 - Could not open a connection to SQL Server)	cls_condbsecuill.chk_connect_db
2024-10-24 00:35:07:594	_Error	ไม่สามารถเชื่อมต่อ Server secuill	frmMain.CheckConnectMiddleAndSecuill
2024-10-24 00:35:09:507	Status	กำลังเชื่อมต่อใหม่อีกครั้ง Server secuill	frmMain.CheckConnectMiddleAndSecuill
2024-10-24 00:35:32:726	ERROR	A network-related or instance-specific error occurred while establishing a connection to SQL Server. The server was not found or was not accessible. Verify that the instance name is correct and that SQL Server is configured to allow remote connections. (provider: Named Pipes Provider, error: 40 - Could not open a connection to SQL Server)	cls_condbmiddle.chk_connect_db()
2024-10-24 00:35:34:336	_Error	ไม่สามารถเชื่อมต่อ Server Middle	frmMain.CheckConnectMiddleAndSecuill
2024-10-24 00:35:36:265	Status	กำลังเชื่อมต่อใหม่อีกครั้ง Server Middle	frmMain.CheckConnectMiddleAndSecuill
2024-10-24 00:35:53:107	_Error	A network-related or instance-specific error occurred while establishing a connection to SQL Server. The server was not found or was not accessible. Verify that the instance name is correct and that SQL Server is configured to allow remote connections. (provider: Named Pipes Provider, error: 40 - Could not open a connection to SQL Server)	cls_condbsecuill.chk_connect_db
2024-10-24 00:35:55:021	_Error	ไม่สามารถเชื่อมต่อ Server secuill	frmMain.CheckConnectMiddleAndSecuill
2024-10-24 00:35:56:935	Status	กำลังเชื่อมต่อใหม่อีกครั้ง Server secuill	frmMain.CheckConnectMiddleAndSecuill
2024-10-24 00:36:20:220	ERROR	A network-related or instance-specific error occurred while establishing a connection to SQL Server. The server was not found or was not accessible. Verify that the instance name is correct and that SQL Server is configured to allow remote connections. (provider: Named Pipes Provider, error: 40 - Could not open a connection to SQL Server)	cls_condbmiddle.chk_connect_db()
2024-10-24 00:36:21:970	_Error	ไม่สามารถเชื่อมต่อ Server Middle	frmMain.CheckConnectMiddleAndSecuill
2024-10-24 00:36:23:919	Status	กำลังเชื่อมต่อใหม่อีกครั้ง Server Middle	frmMain.CheckConnectMiddleAndSecuill
2024-10-24 00:36:40:744	_Error	A network-related or instance-specific error occurred while establishing a connection to SQL Server. The server was not found or was not accessible. Verify that the instance name is correct and that SQL Server is configured to allow remote connections. (provider: Named Pipes Provider, error: 40 - Could not open a connection to SQL Server)	cls_condbsecuill.chk_connect_db
2024-10-24 00:36:42:656	_Error	ไม่สามารถเชื่อมต่อ Server secuill	frmMain.CheckConnectMiddleAndSecuill
2024-10-24 00:36:44:570	Status	กำลังเชื่อมต่อใหม่อีกครั้ง Server secuill	frmMain.CheckConnectMiddleAndSecuill
2024-10-24 00:37:07:702	ERROR	A network-related or instance-specific error occurred while establishing a connection to SQL Server. The server was not found or was not accessible. Verify that the instance name is correct and that SQL Server is configured to allow remote connections. (provider: Named Pipes Provider, error: 40 - Could not open a connection to SQL Server)	cls_condbmiddle.chk_connect_db()
2024-10-24 00:37:09:584	_Error	ไม่สามารถเชื่อมต่อ Server Middle	frmMain.CheckConnectMiddleAndSecuill
2024-10-24 00:37:11:529	Status	กำลังเชื่อมต่อใหม่อีกครั้ง Server Middle	frmMain.CheckConnectMiddleAndSecuill
2024-10-24 00:37:28:348	_Error	A network-related or instance-specific error occurred while establishing a connection to SQL Server. The server was not found or was not accessible. Verify that the instance name is correct and that SQL Server is configured to allow remote connections. (provider: Named Pipes Provider, error: 40 - Could not open a connection to SQL Server)	cls_condbsecuill.chk_connect_db
2024-10-24 00:37:30:262	_Error	ไม่สามารถเชื่อมต่อ Server secuill	frmMain.CheckConnectMiddleAndSecuill
2024-10-24 00:37:32:172	Status	กำลังเชื่อมต่อใหม่อีกครั้ง Server secuill	frmMain.CheckConnectMiddleAndSecuill
2024-10-24 00:37:55:199	ERROR	A network-related or instance-specific error occurred while establishing a connection to SQL Server. The server was not found or was not accessible. Verify that the instance name is correct and that SQL Server is configured to allow remote connections. (provider: Named Pipes Provider, error: 40 - Could not open a connection to SQL Server)	cls_condbmiddle.chk_connect_db()
2024-10-24 00:37:56:726	_Error	ไม่สามารถเชื่อมต่อ Server Middle	frmMain.CheckConnectMiddleAndSecuill
2024-10-24 00:37:58:667	Status	กำลังเชื่อมต่อใหม่อีกครั้ง Server Middle	frmMain.CheckConnectMiddleAndSecuill
2024-10-24 00:38:15:477	_Error	A network-related or instance-specific error occurred while establishing a connection to SQL Server. The server was not found or was not accessible. Verify that the instance name is correct and that SQL Server is configured to allow remote connections. (provider: Named Pipes Provider, error: 40 - Could not open a connection to SQL Server)	cls_condbsecuill.chk_connect_db
2024-10-24 00:38:17:390	_Error	ไม่สามารถเชื่อมต่อ Server secuill	frmMain.CheckConnectMiddleAndSecuill
2024-10-24 00:38:19:307	Status	กำลังเชื่อมต่อใหม่อีกครั้ง Server secuill	frmMain.CheckConnectMiddleAndSecuill
2024-10-24 00:38:32:635	ERROR	A network-related or instance-specific error occurred while establishing a connection to SQL Server. The server was not found or was not accessible. Verify that the instance name is correct and that SQL Server is configured to allow remote connections. (provider: SQL Network Interfaces, error: 26 - Error Locating Server/Instance Specified)	 (cls_condbserver.ExecuteNonQuery())
2024-10-24 00:38:42:672	ERROR	A network-related or instance-specific error occurred while establishing a connection to SQL Server. The server was not found or was not accessible. Verify that the instance name is correct and that SQL Server is configured to allow remote connections. (provider: Named Pipes Provider, error: 40 - Could not open a connection to SQL Server)	cls_condbmiddle.chk_connect_db()
2024-10-24 00:38:44:303	_Error	ไม่สามารถเชื่อมต่อ Server Middle	frmMain.CheckConnectMiddleAndSecuill
2024-10-24 00:38:46:237	Status	กำลังเชื่อมต่อใหม่อีกครั้ง Server Middle	frmMain.CheckConnectMiddleAndSecuill
2024-10-24 00:39:03:066	_Error	A network-related or instance-specific error occurred while establishing a connection to SQL Server. The server was not found or was not accessible. Verify that the instance name is correct and that SQL Server is configured to allow remote connections. (provider: Named Pipes Provider, error: 40 - Could not open a connection to SQL Server)	cls_condbsecuill.chk_connect_db
2024-10-24 00:39:04:977	_Error	ไม่สามารถเชื่อมต่อ Server secuill	frmMain.CheckConnectMiddleAndSecuill
2024-10-24 00:39:06:880	Status	กำลังเชื่อมต่อใหม่อีกครั้ง Server secuill	frmMain.CheckConnectMiddleAndSecuill
2024-10-24 00:39:30:114	ERROR	A network-related or instance-specific error occurred while establishing a connection to SQL Server. The server was not found or was not accessible. Verify that the instance name is correct and that SQL Server is configured to allow remote connections. (provider: Named Pipes Provider, error: 40 - Could not open a connection to SQL Server)	cls_condbmiddle.chk_connect_db()
2024-10-24 00:39:31:898	_Error	ไม่สามารถเชื่อมต่อ Server Middle	frmMain.CheckConnectMiddleAndSecuill
2024-10-24 00:39:33:845	Status	กำลังเชื่อมต่อใหม่อีกครั้ง Server Middle	frmMain.CheckConnectMiddleAndSecuill
2024-10-24 00:39:50:664	_Error	A network-related or instance-specific error occurred while establishing a connection to SQL Server. The server was not found or was not accessible. Verify that the instance name is correct and that SQL Server is configured to allow remote connections. (provider: Named Pipes Provider, error: 40 - Could not open a connection to SQL Server)	cls_condbsecuill.chk_connect_db
2024-10-24 00:39:52:582	_Error	ไม่สามารถเชื่อมต่อ Server secuill	frmMain.CheckConnectMiddleAndSecuill
2024-10-24 00:39:54:488	Status	กำลังเชื่อมต่อใหม่อีกครั้ง Server secuill	frmMain.CheckConnectMiddleAndSecuill
2024-10-24 00:40:17:527	ERROR	A network-related or instance-specific error occurred while establishing a connection to SQL Server. The server was not found or was not accessible. Verify that the instance name is correct and that SQL Server is configured to allow remote connections. (provider: Named Pipes Provider, error: 40 - Could not open a connection to SQL Server)	cls_condbmiddle.chk_connect_db()
2024-10-24 00:40:19:466	_Error	ไม่สามารถเชื่อมต่อ Server Middle	frmMain.CheckConnectMiddleAndSecuill
2024-10-24 00:40:21:403	Status	กำลังเชื่อมต่อใหม่อีกครั้ง Server Middle	frmMain.CheckConnectMiddleAndSecuill
2024-10-24 00:40:38:198	_Error	A network-related or instance-specific error occurred while establishing a connection to SQL Server. The server was not found or was not accessible. Verify that the instance name is correct and that SQL Server is configured to allow remote connections. (provider: Named Pipes Provider, error: 40 - Could not open a connection to SQL Server)	cls_condbsecuill.chk_connect_db
2024-10-24 00:40:40:115	_Error	ไม่สามารถเชื่อมต่อ Server secuill	frmMain.CheckConnectMiddleAndSecuill
2024-10-24 00:40:42:043	Status	กำลังเชื่อมต่อใหม่อีกครั้ง Server secuill	frmMain.CheckConnectMiddleAndSecuill
2024-10-24 00:41:04:998	ERROR	A network-related or instance-specific error occurred while establishing a connection to SQL Server. The server was not found or was not accessible. Verify that the instance name is correct and that SQL Server is configured to allow remote connections. (provider: Named Pipes Provider, error: 40 - Could not open a connection to SQL Server)	cls_condbmiddle.chk_connect_db()
2024-10-24 00:41:06:546	_Error	ไม่สามารถเชื่อมต่อ Server Middle	frmMain.CheckConnectMiddleAndSecuill
2024-10-24 00:41:08:491	Status	กำลังเชื่อมต่อใหม่อีกครั้ง Server Middle	frmMain.CheckConnectMiddleAndSecuill
2024-10-24 00:41:25:300	_Error	A network-related or instance-specific error occurred while establishing a connection to SQL Server. The server was not found or was not accessible. Verify that the instance name is correct and that SQL Server is configured to allow remote connections. (provider: Named Pipes Provider, error: 40 - Could not open a connection to SQL Server)	cls_condbsecuill.chk_connect_db
2024-10-24 00:41:27:214	_Error	ไม่สามารถเชื่อมต่อ Server secuill	frmMain.CheckConnectMiddleAndSecuill
2024-10-24 00:41:29:127	Status	กำลังเชื่อมต่อใหม่อีกครั้ง Server secuill	frmMain.CheckConnectMiddleAndSecuill
2024-10-24 00:41:52:463	ERROR	A network-related or instance-specific error occurred while establishing a connection to SQL Server. The server was not found or was not accessible. Verify that the instance name is correct and that SQL Server is configured to allow remote connections. (provider: Named Pipes Provider, error: 40 - Could not open a connection to SQL Server)	cls_condbmiddle.chk_connect_db()
2024-10-24 00:41:54:122	_Error	ไม่สามารถเชื่อมต่อ Server Middle	frmMain.CheckConnectMiddleAndSecuill
2024-10-24 00:41:56:061	Status	กำลังเชื่อมต่อใหม่อีกครั้ง Server Middle	frmMain.CheckConnectMiddleAndSecuill
2024-10-24 00:42:12:836	_Error	A network-related or instance-specific error occurred while establishing a connection to SQL Server. The server was not found or was not accessible. Verify that the instance name is correct and that SQL Server is configured to allow remote connections. (provider: Named Pipes Provider, error: 40 - Could not open a connection to SQL Server)	cls_condbsecuill.chk_connect_db
2024-10-24 00:42:14:750	_Error	ไม่สามารถเชื่อมต่อ Server secuill	frmMain.CheckConnectMiddleAndSecuill
2024-10-24 00:42:16:664	Status	กำลังเชื่อมต่อใหม่อีกครั้ง Server secuill	frmMain.CheckConnectMiddleAndSecuill
2024-10-24 00:42:39:930	ERROR	A network-related or instance-specific error occurred while establishing a connection to SQL Server. The server was not found or was not accessible. Verify that the instance name is correct and that SQL Server is configured to allow remote connections. (provider: Named Pipes Provider, error: 40 - Could not open a connection to SQL Server)	cls_condbmiddle.chk_connect_db()
2024-10-24 00:42:41:671	_Error	ไม่สามารถเชื่อมต่อ Server Middle	frmMain.CheckConnectMiddleAndSecuill
2024-10-24 00:42:43:620	Status	กำลังเชื่อมต่อใหม่อีกครั้ง Server Middle	frmMain.CheckConnectMiddleAndSecuill
2024-10-24 00:43:00:433	_Error	A network-related or instance-specific error occurred while establishing a connection to SQL Server. The server was not found or was not accessible. Verify that the instance name is correct and that SQL Server is configured to allow remote connections. (provider: Named Pipes Provider, error: 40 - Could not open a connection to SQL Server)	cls_condbsecuill.chk_connect_db
2024-10-24 00:43:02:355	_Error	ไม่สามารถเชื่อมต่อ Server secuill	frmMain.CheckConnectMiddleAndSecuill
2024-10-24 00:43:04:266	Status	กำลังเชื่อมต่อใหม่อีกครั้ง Server secuill	frmMain.CheckConnectMiddleAndSecuill
2024-10-24 00:43:17:371	ERROR	A network-related or instance-specific error occurred while establishing a connection to SQL Server. The server was not found or was not accessible. Verify that the instance name is correct and that SQL Server is configured to allow remote connections. (provider: SQL Network Interfaces, error: 26 - Error Locating Server/Instance Specified)	 (cls_condbserver.ExecuteNonQuery())
2024-10-24 00:43:27:367	ERROR	A network-related or instance-specific error occurred while establishing a connection to SQL Server. The server was not found or was not accessible. Verify that the instance name is correct and that SQL Server is configured to allow remote connections. (provider: Named Pipes Provider, error: 40 - Could not open a connection to SQL Server)	cls_condbmiddle.chk_connect_db()
2024-10-24 00:43:29:314	_Error	ไม่สามารถเชื่อมต่อ Server Middle	frmMain.CheckConnectMiddleAndSecuill
2024-10-24 00:43:31:260	Status	กำลังเชื่อมต่อใหม่อีกครั้ง Server Middle	frmMain.CheckConnectMiddleAndSecuill
2024-10-24 00:43:47:558	_Error	A network-related or instance-specific error occurred while establishing a connection to SQL Server. The server was not found or was not accessible. Verify that the instance name is correct and that SQL Server is configured to allow remote connections. (provider: Named Pipes Provider, error: 40 - Could not open a connection to SQL Server)	cls_condbsecuill.chk_connect_db
2024-10-24 00:43:49:477	_Error	ไม่สามารถเชื่อมต่อ Server secuill	frmMain.CheckConnectMiddleAndSecuill
2024-10-24 00:43:51:387	Status	กำลังเชื่อมต่อใหม่อีกครั้ง Server secuill	frmMain.CheckConnectMiddleAndSecuill
2024-10-24 00:44:14:814	ERROR	A network-related or instance-specific error occurred while establishing a connection to SQL Server. The server was not found or was not accessible. Verify that the instance name is correct and that SQL Server is configured to allow remote connections. (provider: Named Pipes Provider, error: 40 - Could not open a connection to SQL Server)	cls_condbmiddle.chk_connect_db()
2024-10-24 00:44:16:427	_Error	ไม่สามารถเชื่อมต่อ Server Middle	frmMain.CheckConnectMiddleAndSecuill
2024-10-24 00:44:18:373	Status	กำลังเชื่อมต่อใหม่อีกครั้ง Server Middle	frmMain.CheckConnectMiddleAndSecuill
2024-10-24 00:44:35:202	_Error	A network-related or instance-specific error occurred while establishing a connection to SQL Server. The server was not found or was not accessible. Verify that the instance name is correct and that SQL Server is configured to allow remote connections. (provider: Named Pipes Provider, error: 40 - Could not open a connection to SQL Server)	cls_condbsecuill.chk_connect_db
2024-10-24 00:44:37:119	_Error	ไม่สามารถเชื่อมต่อ Server secuill	frmMain.CheckConnectMiddleAndSecuill
2024-10-24 00:44:39:032	Status	กำลังเชื่อมต่อใหม่อีกครั้ง Server secuill	frmMain.CheckConnectMiddleAndSecuill
2024-10-24 00:45:02:298	ERROR	A network-related or instance-specific error occurred while establishing a connection to SQL Server. The server was not found or was not accessible. Verify that the instance name is correct and that SQL Server is configured to allow remote connections. (provider: Named Pipes Provider, error: 40 - Could not open a connection to SQL Server)	cls_condbmiddle.chk_connect_db()
2024-10-24 00:45:04:016	_Error	ไม่สามารถเชื่อมต่อ Server Middle	frmMain.CheckConnectMiddleAndSecuill
2024-10-24 00:45:05:958	Status	กำลังเชื่อมต่อใหม่อีกครั้ง Server Middle	frmMain.CheckConnectMiddleAndSecuill
2024-10-24 00:45:22:774	_Error	A network-related or instance-specific error occurred while establishing a connection to SQL Server. The server was not found or was not accessible. Verify that the instance name is correct and that SQL Server is configured to allow remote connections. (provider: Named Pipes Provider, error: 40 - Could not open a connection to SQL Server)	cls_condbsecuill.chk_connect_db
2024-10-24 00:45:24:687	_Error	ไม่สามารถเชื่อมต่อ Server secuill	frmMain.CheckConnectMiddleAndSecuill
2024-10-24 00:45:26:603	Status	กำลังเชื่อมต่อใหม่อีกครั้ง Server secuill	frmMain.CheckConnectMiddleAndSecuill
2024-10-24 00:45:49:766	ERROR	A network-related or instance-specific error occurred while establishing a connection to SQL Server. The server was not found or was not accessible. Verify that the instance name is correct and that SQL Server is configured to allow remote connections. (provider: Named Pipes Provider, error: 40 - Could not open a connection to SQL Server)	cls_condbmiddle.chk_connect_db()
2024-10-24 00:45:51:630	_Error	ไม่สามารถเชื่อมต่อ Server Middle	frmMain.CheckConnectMiddleAndSecuill
2024-10-24 00:45:53:579	Status	กำลังเชื่อมต่อใหม่อีกครั้ง Server Middle	frmMain.CheckConnectMiddleAndSecuill
2024-10-24 00:46:10:423	_Error	A network-related or instance-specific error occurred while establishing a connection to SQL Server. The server was not found or was not accessible. Verify that the instance name is correct and that SQL Server is configured to allow remote connections. (provider: Named Pipes Provider, error: 40 - Could not open a connection to SQL Server)	cls_condbsecuill.chk_connect_db
2024-10-24 00:46:12:339	_Error	ไม่สามารถเชื่อมต่อ Server secuill	frmMain.CheckConnectMiddleAndSecuill
2024-10-24 00:46:14:251	Status	กำลังเชื่อมต่อใหม่อีกครั้ง Server secuill	frmMain.CheckConnectMiddleAndSecuill
2024-10-24 00:46:37:230	ERROR	A network-related or instance-specific error occurred while establishing a connection to SQL Server. The server was not found or was not accessible. Verify that the instance name is correct and that SQL Server is configured to allow remote connections. (provider: Named Pipes Provider, error: 40 - Could not open a connection to SQL Server)	cls_condbmiddle.chk_connect_db()
2024-10-24 00:46:38:782	_Error	ไม่สามารถเชื่อมต่อ Server Middle	frmMain.CheckConnectMiddleAndSecuill
2024-10-24 00:46:40:731	Status	กำลังเชื่อมต่อใหม่อีกครั้ง Server Middle	frmMain.CheckConnectMiddleAndSecuill
2024-10-24 00:46:57:544	_Error	A network-related or instance-specific error occurred while establishing a connection to SQL Server. The server was not found or was not accessible. Verify that the instance name is correct and that SQL Server is configured to allow remote connections. (provider: Named Pipes Provider, error: 40 - Could not open a connection to SQL Server)	cls_condbsecuill.chk_connect_db
2024-10-24 00:46:59:459	_Error	ไม่สามารถเชื่อมต่อ Server secuill	frmMain.CheckConnectMiddleAndSecuill
2024-10-24 00:47:01:373	Status	กำลังเชื่อมต่อใหม่อีกครั้ง Server secuill	frmMain.CheckConnectMiddleAndSecuill
2024-10-24 00:47:24:687	ERROR	A network-related or instance-specific error occurred while establishing a connection to SQL Server. The server was not found or was not accessible. Verify that the instance name is correct and that SQL Server is configured to allow remote connections. (provider: Named Pipes Provider, error: 40 - Could not open a connection to SQL Server)	cls_condbmiddle.chk_connect_db()
2024-10-24 00:47:26:344	_Error	ไม่สามารถเชื่อมต่อ Server Middle	frmMain.CheckConnectMiddleAndSecuill
2024-10-24 00:47:28:291	Status	กำลังเชื่อมต่อใหม่อีกครั้ง Server Middle	frmMain.CheckConnectMiddleAndSecuill
2024-10-24 00:47:45:114	_Error	A network-related or instance-specific error occurred while establishing a connection to SQL Server. The server was not found or was not accessible. Verify that the instance name is correct and that SQL Server is configured to allow remote connections. (provider: Named Pipes Provider, error: 40 - Could not open a connection to SQL Server)	cls_condbsecuill.chk_connect_db
2024-10-24 00:47:47:030	_Error	ไม่สามารถเชื่อมต่อ Server secuill	frmMain.CheckConnectMiddleAndSecuill
2024-10-24 00:47:48:942	Status	กำลังเชื่อมต่อใหม่อีกครั้ง Server secuill	frmMain.CheckConnectMiddleAndSecuill
2024-10-24 00:48:02:120	ERROR	A network-related or instance-specific error occurred while establishing a connection to SQL Server. The server was not found or was not accessible. Verify that the instance name is correct and that SQL Server is configured to allow remote connections. (provider: SQL Network Interfaces, error: 26 - Error Locating Server/Instance Specified)	 (cls_condbserver.ExecuteNonQuery())
2024-10-24 00:48:12:142	ERROR	A network-related or instance-specific error occurred while establishing a connection to SQL Server. The server was not found or was not accessible. Verify that the instance name is correct and that SQL Server is configured to allow remote connections. (provider: Named Pipes Provider, error: 40 - Could not open a connection to SQL Server)	cls_condbmiddle.chk_connect_db()
2024-10-24 00:48:14:000	_Error	ไม่สามารถเชื่อมต่อ Server Middle	frmMain.CheckConnectMiddleAndSecuill
2024-10-24 00:48:15:936	Status	กำลังเชื่อมต่อใหม่อีกครั้ง Server Middle	frmMain.CheckConnectMiddleAndSecuill
2024-10-24 00:48:32:735	_Error	A network-related or instance-specific error occurred while establishing a connection to SQL Server. The server was not found or was not accessible. Verify that the instance name is correct and that SQL Server is configured to allow remote connections. (provider: Named Pipes Provider, error: 40 - Could not open a connection to SQL Server)	cls_condbsecuill.chk_connect_db
2024-10-24 00:48:34:655	_Error	ไม่สามารถเชื่อมต่อ Server secuill	frmMain.CheckConnectMiddleAndSecuill
2024-10-24 00:48:36:562	Status	กำลังเชื่อมต่อใหม่อีกครั้ง Server secuill	frmMain.CheckConnectMiddleAndSecuill
2024-10-24 00:48:59:602	ERROR	A network-related or instance-specific error occurred while establishing a connection to SQL Server. The server was not found or was not accessible. Verify that the instance name is correct and that SQL Server is configured to allow remote connections. (provider: Named Pipes Provider, error: 40 - Could not open a connection to SQL Server)	cls_condbmiddle.chk_connect_db()
2024-10-24 00:49:01:072	_Error	ไม่สามารถเชื่อมต่อ Server Middle	frmMain.CheckConnectMiddleAndSecuill
2024-10-24 00:49:03:529	Status	กำลังเชื่อมต่อใหม่อีกครั้ง Server Middle	frmMain.CheckConnectMiddleAndSecuill
2024-10-24 00:49:19:842	_Error	A network-related or instance-specific error occurred while establishing a connection to SQL Server. The server was not found or was not accessible. Verify that the instance name is correct and that SQL Server is configured to allow remote connections. (provider: Named Pipes Provider, error: 40 - Could not open a connection to SQL Server)	cls_condbsecuill.chk_connect_db
2024-10-24 00:49:21:760	_Error	ไม่สามารถเชื่อมต่อ Server secuill	frmMain.CheckConnectMiddleAndSecuill
2024-10-24 00:49:23:682	Status	กำลังเชื่อมต่อใหม่อีกครั้ง Server secuill	frmMain.CheckConnectMiddleAndSecuill
2024-10-24 00:49:47:049	ERROR	A network-related or instance-specific error occurred while establishing a connection to SQL Server. The server was not found or was not accessible. Verify that the instance name is correct and that SQL Server is configured to allow remote connections. (provider: Named Pipes Provider, error: 40 - Could not open a connection to SQL Server)	cls_condbmiddle.chk_connect_db()
2024-10-24 00:49:48:680	_Error	ไม่สามารถเชื่อมต่อ Server Middle	frmMain.CheckConnectMiddleAndSecuill
2024-10-24 00:49:50:621	Status	กำลังเชื่อมต่อใหม่อีกครั้ง Server Middle	frmMain.CheckConnectMiddleAndSecuill
2024-10-24 00:50:07:428	_Error	A network-related or instance-specific error occurred while establishing a connection to SQL Server. The server was not found or was not accessible. Verify that the instance name is correct and that SQL Server is configured to allow remote connections. (provider: Named Pipes Provider, error: 40 - Could not open a connection to SQL Server)	cls_condbsecuill.chk_connect_db
2024-10-24 00:50:09:338	_Error	ไม่สามารถเชื่อมต่อ Server secuill	frmMain.CheckConnectMiddleAndSecuill
2024-10-24 00:50:11:244	Status	กำลังเชื่อมต่อใหม่อีกครั้ง Server secuill	frmMain.CheckConnectMiddleAndSecuill
2024-10-24 00:50:34:532	ERROR	A network-related or instance-specific error occurred while establishing a connection to SQL Server. The server was not found or was not accessible. Verify that the instance name is correct and that SQL Server is configured to allow remote connections. (provider: Named Pipes Provider, error: 40 - Could not open a connection to SQL Server)	cls_condbmiddle.chk_connect_db()
2024-10-24 00:50:36:258	_Error	ไม่สามารถเชื่อมต่อ Server Middle	frmMain.CheckConnectMiddleAndSecuill
2024-10-24 00:50:38:202	Status	กำลังเชื่อมต่อใหม่อีกครั้ง Server Middle	frmMain.CheckConnectMiddleAndSecuill
2024-10-24 00:50:55:045	_Error	A network-related or instance-specific error occurred while establishing a connection to SQL Server. The server was not found or was not accessible. Verify that the instance name is correct and that SQL Server is configured to allow remote connections. (provider: Named Pipes Provider, error: 40 - Could not open a connection to SQL Server)	cls_condbsecuill.chk_connect_db
2024-10-24 00:50:56:952	_Error	ไม่สามารถเชื่อมต่อ Server secuill	frmMain.CheckConnectMiddleAndSecuill
2024-10-24 00:50:58:863	Status	กำลังเชื่อมต่อใหม่อีกครั้ง Server secuill	frmMain.CheckConnectMiddleAndSecuill
2024-10-24 00:51:22:062	ERROR	A network-related or instance-specific error occurred while establishing a connection to SQL Server. The server was not found or was not accessible. Verify that the instance name is correct and that SQL Server is configured to allow remote connections. (provider: Named Pipes Provider, error: 40 - Could not open a connection to SQL Server)	cls_condbmiddle.chk_connect_db()
2024-10-24 00:51:23:881	_Error	ไม่สามารถเชื่อมต่อ Server Middle	frmMain.CheckConnectMiddleAndSecuill
2024-10-24 00:51:25:827	Status	กำลังเชื่อมต่อใหม่อีกครั้ง Server Middle	frmMain.CheckConnectMiddleAndSecuill
2024-10-24 00:51:42:609	_Error	A network-related or instance-specific error occurred while establishing a connection to SQL Server. The server was not found or was not accessible. Verify that the instance name is correct and that SQL Server is configured to allow remote connections. (provider: Named Pipes Provider, error: 40 - Could not open a connection to SQL Server)	cls_condbsecuill.chk_connect_db
2024-10-24 00:51:44:531	_Error	ไม่สามารถเชื่อมต่อ Server secuill	frmMain.CheckConnectMiddleAndSecuill
2024-10-24 00:51:46:445	Status	กำลังเชื่อมต่อใหม่อีกครั้ง Server secuill	frmMain.CheckConnectMiddleAndSecuill
2024-10-24 00:52:09:502	ERROR	A network-related or instance-specific error occurred while establishing a connection to SQL Server. The server was not found or was not accessible. Verify that the instance name is correct and that SQL Server is configured to allow remote connections. (provider: Named Pipes Provider, error: 40 - Could not open a connection to SQL Server)	cls_condbmiddle.chk_connect_db()
2024-10-24 00:52:11:465	_Error	ไม่สามารถเชื่อมต่อ Server Middle	frmMain.CheckConnectMiddleAndSecuill
2024-10-24 00:52:13:408	Status	กำลังเชื่อมต่อใหม่อีกครั้ง Server Middle	frmMain.CheckConnectMiddleAndSecuill
2024-10-24 00:52:29:717	_Error	A network-related or instance-specific error occurred while establishing a connection to SQL Server. The server was not found or was not accessible. Verify that the instance name is correct and that SQL Server is configured to allow remote connections. (provider: Named Pipes Provider, error: 40 - Could not open a connection to SQL Server)	cls_condbsecuill.chk_connect_db
2024-10-24 00:52:31:638	_Error	ไม่สามารถเชื่อมต่อ Server secuill	frmMain.CheckConnectMiddleAndSecuill
2024-10-24 00:52:33:547	Status	กำลังเชื่อมต่อใหม่อีกครั้ง Server secuill	frmMain.CheckConnectMiddleAndSecuill
2024-10-24 00:52:46:919	ERROR	A network-related or instance-specific error occurred while establishing a connection to SQL Server. The server was not found or was not accessible. Verify that the instance name is correct and that SQL Server is configured to allow remote connections. (provider: SQL Network Interfaces, error: 26 - Error Locating Server/Instance Specified)	 (cls_condbserver.ExecuteNonQuery())
2024-10-24 00:52:56:960	ERROR	A network-related or instance-specific error occurred while establishing a connection to SQL Server. The server was not found or was not accessible. Verify that the instance name is correct and that SQL Server is configured to allow remote connections. (provider: Named Pipes Provider, error: 40 - Could not open a connection to SQL Server)	cls_condbmiddle.chk_connect_db()
2024-10-24 00:52:58:592	_Error	ไม่สามารถเชื่อมต่อ Server Middle	frmMain.CheckConnectMiddleAndSecuill
2024-10-24 00:53:00:543	Status	กำลังเชื่อมต่อใหม่อีกครั้ง Server Middle	frmMain.CheckConnectMiddleAndSecuill
2024-10-24 00:53:17:346	_Error	A network-related or instance-specific error occurred while establishing a connection to SQL Server. The server was not found or was not accessible. Verify that the instance name is correct and that SQL Server is configured to allow remote connections. (provider: Named Pipes Provider, error: 40 - Could not open a connection to SQL Server)	cls_condbsecuill.chk_connect_db
2024-10-24 00:53:19:265	_Error	ไม่สามารถเชื่อมต่อ Server secuill	frmMain.CheckConnectMiddleAndSecuill
2024-10-24 00:53:21:179	Status	กำลังเชื่อมต่อใหม่อีกครั้ง Server secuill	frmMain.CheckConnectMiddleAndSecuill
2024-10-24 00:53:44:423	ERROR	A network-related or instance-specific error occurred while establishing a connection to SQL Server. The server was not found or was not accessible. Verify that the instance name is correct and that SQL Server is configured to allow remote connections. (provider: Named Pipes Provider, error: 40 - Could not open a connection to SQL Server)	cls_condbmiddle.chk_connect_db()
2024-10-24 00:53:46:170	_Error	ไม่สามารถเชื่อมต่อ Server Middle	frmMain.CheckConnectMiddleAndSecuill
2024-10-24 00:53:48:102	Status	กำลังเชื่อมต่อใหม่อีกครั้ง Server Middle	frmMain.CheckConnectMiddleAndSecuill
2024-10-24 00:54:04:934	_Error	A network-related or instance-specific error occurred while establishing a connection to SQL Server. The server was not found or was not accessible. Verify that the instance name is correct and that SQL Server is configured to allow remote connections. (provider: Named Pipes Provider, error: 40 - Could not open a connection to SQL Server)	cls_condbsecuill.chk_connect_db
2024-10-24 00:54:06:848	_Error	ไม่สามารถเชื่อมต่อ Server secuill	frmMain.CheckConnectMiddleAndSecuill
2024-10-24 00:54:08:760	Status	กำลังเชื่อมต่อใหม่อีกครั้ง Server secuill	frmMain.CheckConnectMiddleAndSecuill
2024-10-24 00:54:31:879	ERROR	A network-related or instance-specific error occurred while establishing a connection to SQL Server. The server was not found or was not accessible. Verify that the instance name is correct and that SQL Server is configured to allow remote connections. (provider: Named Pipes Provider, error: 40 - Could not open a connection to SQL Server)	cls_condbmiddle.chk_connect_db()
2024-10-24 00:54:33:746	_Error	ไม่สามารถเชื่อมต่อ Server Middle	frmMain.CheckConnectMiddleAndSecuill
2024-10-24 00:54:35:683	Status	กำลังเชื่อมต่อใหม่อีกครั้ง Server Middle	frmMain.CheckConnectMiddleAndSecuill
2024-10-24 00:54:52:501	_Error	A network-related or instance-specific error occurred while establishing a connection to SQL Server. The server was not found or was not accessible. Verify that the instance name is correct and that SQL Server is configured to allow remote connections. (provider: Named Pipes Provider, error: 40 - Could not open a connection to SQL Server)	cls_condbsecuill.chk_connect_db
2024-10-24 00:54:54:415	_Error	ไม่สามารถเชื่อมต่อ Server secuill	frmMain.CheckConnectMiddleAndSecuill
2024-10-24 00:54:56:337	Status	กำลังเชื่อมต่อใหม่อีกครั้ง Server secuill	frmMain.CheckConnectMiddleAndSecuill
2024-10-24 00:55:19:344	ERROR	A network-related or instance-specific error occurred while establishing a connection to SQL Server. The server was not found or was not accessible. Verify that the instance name is correct and that SQL Server is configured to allow remote connections. (provider: Named Pipes Provider, error: 40 - Could not open a connection to SQL Server)	cls_condbmiddle.chk_connect_db()
2024-10-24 00:55:20:853	_Error	ไม่สามารถเชื่อมต่อ Server Middle	frmMain.CheckConnectMiddleAndSecuill
2024-10-24 00:55:23:310	Status	กำลังเชื่อมต่อใหม่อีกครั้ง Server Middle	frmMain.CheckConnectMiddleAndSecuill
2024-10-24 00:55:39:597	_Error	A network-related or instance-specific error occurred while establishing a connection to SQL Server. The server was not found or was not accessible. Verify that the instance name is correct and that SQL Server is configured to allow remote connections. (provider: Named Pipes Provider, error: 40 - Could not open a connection to SQL Server)	cls_condbsecuill.chk_connect_db
2024-10-24 00:55:41:515	_Error	ไม่สามารถเชื่อมต่อ Server secuill	frmMain.CheckConnectMiddleAndSecuill
2024-10-24 00:55:43:438	Status	กำลังเชื่อมต่อใหม่อีกครั้ง Server secuill	frmMain.CheckConnectMiddleAndSecuill
2024-10-24 00:56:06:836	ERROR	A network-related or instance-specific error occurred while establishing a connection to SQL Server. The server was not found or was not accessible. Verify that the instance name is correct and that SQL Server is configured to allow remote connections. (provider: Named Pipes Provider, error: 40 - Could not open a connection to SQL Server)	cls_condbmiddle.chk_connect_db()
2024-10-24 00:56:08:402	_Error	ไม่สามารถเชื่อมต่อ Server Middle	frmMain.CheckConnectMiddleAndSecuill
2024-10-24 00:56:10:343	Status	กำลังเชื่อมต่อใหม่อีกครั้ง Server Middle	frmMain.CheckConnectMiddleAndSecuill
2024-10-24 00:56:27:159	_Error	A network-related or instance-specific error occurred while establishing a connection to SQL Server. The server was not found or was not accessible. Verify that the instance name is correct and that SQL Server is configured to allow remote connections. (provider: Named Pipes Provider, error: 40 - Could not open a connection to SQL Server)	cls_condbsecuill.chk_connect_db
2024-10-24 00:56:29:073	_Error	ไม่สามารถเชื่อมต่อ Server secuill	frmMain.CheckConnectMiddleAndSecuill
2024-10-24 00:56:30:987	Status	กำลังเชื่อมต่อใหม่อีกครั้ง Server secuill	frmMain.CheckConnectMiddleAndSecuill
2024-10-24 00:56:54:297	ERROR	A network-related or instance-specific error occurred while establishing a connection to SQL Server. The server was not found or was not accessible. Verify that the instance name is correct and that SQL Server is configured to allow remote connections. (provider: Named Pipes Provider, error: 40 - Could not open a connection to SQL Server)	cls_condbmiddle.chk_connect_db()
2024-10-24 00:56:56:007	_Error	ไม่สามารถเชื่อมต่อ Server Middle	frmMain.CheckConnectMiddleAndSecuill
2024-10-24 00:56:57:955	Status	กำลังเชื่อมต่อใหม่อีกครั้ง Server Middle	frmMain.CheckConnectMiddleAndSecuill
2024-10-24 00:57:14:753	_Error	A network-related or instance-specific error occurred while establishing a connection to SQL Server. The server was not found or was not accessible. Verify that the instance name is correct and that SQL Server is configured to allow remote connections. (provider: Named Pipes Provider, error: 40 - Could not open a connection to SQL Server)	cls_condbsecuill.chk_connect_db
2024-10-24 00:57:16:660	_Error	ไม่สามารถเชื่อมต่อ Server secuill	frmMain.CheckConnectMiddleAndSecuill
2024-10-24 00:57:18:575	Status	กำลังเชื่อมต่อใหม่อีกครั้ง Server secuill	frmMain.CheckConnectMiddleAndSecuill
2024-10-24 00:57:31:746	ERROR	A network-related or instance-specific error occurred while establishing a connection to SQL Server. The server was not found or was not accessible. Verify that the instance name is correct and that SQL Server is configured to allow remote connections. (provider: SQL Network Interfaces, error: 26 - Error Locating Server/Instance Specified)	 (cls_condbserver.ExecuteNonQuery())
2024-10-24 00:57:41:778	ERROR	A network-related or instance-specific error occurred while establishing a connection to SQL Server. The server was not found or was not accessible. Verify that the instance name is correct and that SQL Server is configured to allow remote connections. (provider: Named Pipes Provider, error: 40 - Could not open a connection to SQL Server)	cls_condbmiddle.chk_connect_db()
2024-10-24 00:57:43:567	_Error	ไม่สามารถเชื่อมต่อ Server Middle	frmMain.CheckConnectMiddleAndSecuill
2024-10-24 00:57:45:503	Status	กำลังเชื่อมต่อใหม่อีกครั้ง Server Middle	frmMain.CheckConnectMiddleAndSecuill
2024-10-24 00:58:02:306	_Error	A network-related or instance-specific error occurred while establishing a connection to SQL Server. The server was not found or was not accessible. Verify that the instance name is correct and that SQL Server is configured to allow remote connections. (provider: Named Pipes Provider, error: 40 - Could not open a connection to SQL Server)	cls_condbsecuill.chk_connect_db
2024-10-24 00:58:04:223	_Error	ไม่สามารถเชื่อมต่อ Server secuill	frmMain.CheckConnectMiddleAndSecuill
2024-10-24 00:58:06:129	Status	กำลังเชื่อมต่อใหม่อีกครั้ง Server secuill	frmMain.CheckConnectMiddleAndSecuill
2024-10-24 00:58:29:202	ERROR	A network-related or instance-specific error occurred while establishing a connection to SQL Server. The server was not found or was not accessible. Verify that the instance name is correct and that SQL Server is configured to allow remote connections. (provider: Named Pipes Provider, error: 40 - Could not open a connection to SQL Server)	cls_condbmiddle.chk_connect_db()
2024-10-24 00:58:31:124	_Error	ไม่สามารถเชื่อมต่อ Server Middle	frmMain.CheckConnectMiddleAndSecuill
2024-10-24 00:58:33:065	Status	กำลังเชื่อมต่อใหม่อีกครั้ง Server Middle	frmMain.CheckConnectMiddleAndSecuill
2024-10-24 00:58:49:901	_Error	A network-related or instance-specific error occurred while establishing a connection to SQL Server. The server was not found or was not accessible. Verify that the instance name is correct and that SQL Server is configured to allow remote connections. (provider: Named Pipes Provider, error: 40 - Could not open a connection to SQL Server)	cls_condbsecuill.chk_connect_db
2024-10-24 00:58:51:807	_Error	ไม่สามารถเชื่อมต่อ Server secuill	frmMain.CheckConnectMiddleAndSecuill
2024-10-24 00:58:53:720	Status	กำลังเชื่อมต่อใหม่อีกครั้ง Server secuill	frmMain.CheckConnectMiddleAndSecuill
2024-10-24 00:59:16:746	ERROR	A network-related or instance-specific error occurred while establishing a connection to SQL Server. The server was not found or was not accessible. Verify that the instance name is correct and that SQL Server is configured to allow remote connections. (provider: Named Pipes Provider, error: 40 - Could not open a connection to SQL Server)	cls_condbmiddle.chk_connect_db()
2024-10-24 00:59:18:211	_Error	ไม่สามารถเชื่อมต่อ Server Middle	frmMain.CheckConnectMiddleAndSecuill
2024-10-24 00:59:20:662	Status	กำลังเชื่อมต่อใหม่อีกครั้ง Server Middle	frmMain.CheckConnectMiddleAndSecuill
2024-10-24 00:59:36:968	_Error	A network-related or instance-specific error occurred while establishing a connection to SQL Server. The server was not found or was not accessible. Verify that the instance name is correct and that SQL Server is configured to allow remote connections. (provider: Named Pipes Provider, error: 40 - Could not open a connection to SQL Server)	cls_condbsecuill.chk_connect_db
2024-10-24 00:59:38:882	_Error	ไม่สามารถเชื่อมต่อ Server secuill	frmMain.CheckConnectMiddleAndSecuill
2024-10-24 00:59:40:796	Status	กำลังเชื่อมต่อใหม่อีกครั้ง Server secuill	frmMain.CheckConnectMiddleAndSecuill
2024-10-24 01:00:04:227	ERROR	A network-related or instance-specific error occurred while establishing a connection to SQL Server. The server was not found or was not accessible. Verify that the instance name is correct and that SQL Server is configured to allow remote connections. (provider: Named Pipes Provider, error: 40 - Could not open a connection to SQL Server)	cls_condbmiddle.chk_connect_db()
2024-10-24 01:00:05:807	_Error	ไม่สามารถเชื่อมต่อ Server Middle	frmMain.CheckConnectMiddleAndSecuill
2024-10-24 01:00:07:742	Status	กำลังเชื่อมต่อใหม่อีกครั้ง Server Middle	frmMain.CheckConnectMiddleAndSecuill
2024-10-24 01:00:24:574	_Error	A network-related or instance-specific error occurred while establishing a connection to SQL Server. The server was not found or was not accessible. Verify that the instance name is correct and that SQL Server is configured to allow remote connections. (provider: Named Pipes Provider, error: 40 - Could not open a connection to SQL Server)	cls_condbsecuill.chk_connect_db
2024-10-24 01:00:26:491	_Error	ไม่สามารถเชื่อมต่อ Server secuill	frmMain.CheckConnectMiddleAndSecuill
2024-10-24 01:00:28:407	Status	กำลังเชื่อมต่อใหม่อีกครั้ง Server secuill	frmMain.CheckConnectMiddleAndSecuill
2024-10-24 01:00:51:669	ERROR	A network-related or instance-specific error occurred while establishing a connection to SQL Server. The server was not found or was not accessible. Verify that the instance name is correct and that SQL Server is configured to allow remote connections. (provider: Named Pipes Provider, error: 40 - Could not open a connection to SQL Server)	cls_condbmiddle.chk_connect_db()
2024-10-24 01:00:53:410	_Error	ไม่สามารถเชื่อมต่อ Server Middle	frmMain.CheckConnectMiddleAndSecuill
2024-10-24 01:00:55:349	Status	กำลังเชื่อมต่อใหม่อีกครั้ง Server Middle	frmMain.CheckConnectMiddleAndSecuill
2024-10-24 01:01:12:146	_Error	A network-related or instance-specific error occurred while establishing a connection to SQL Server. The server was not found or was not accessible. Verify that the instance name is correct and that SQL Server is configured to allow remote connections. (provider: Named Pipes Provider, error: 40 - Could not open a connection to SQL Server)	cls_condbsecuill.chk_connect_db
2024-10-24 01:01:14:056	_Error	ไม่สามารถเชื่อมต่อ Server secuill	frmMain.CheckConnectMiddleAndSecuill
2024-10-24 01:01:15:967	Status	กำลังเชื่อมต่อใหม่อีกครั้ง Server secuill	frmMain.CheckConnectMiddleAndSecuill
2024-10-24 01:01:39:111	ERROR	A network-related or instance-specific error occurred while establishing a connection to SQL Server. The server was not found or was not accessible. Verify that the instance name is correct and that SQL Server is configured to allow remote connections. (provider: Named Pipes Provider, error: 40 - Could not open a connection to SQL Server)	cls_condbmiddle.chk_connect_db()
2024-10-24 01:01:40:951	_Error	ไม่สามารถเชื่อมต่อ Server Middle	frmMain.CheckConnectMiddleAndSecuill
2024-10-24 01:01:42:901	Status	กำลังเชื่อมต่อใหม่อีกครั้ง Server Middle	frmMain.CheckConnectMiddleAndSecuill
2024-10-24 01:01:59:734	_Error	A network-related or instance-specific error occurred while establishing a connection to SQL Server. The server was not found or was not accessible. Verify that the instance name is correct and that SQL Server is configured to allow remote connections. (provider: Named Pipes Provider, error: 40 - Could not open a connection to SQL Server)	cls_condbsecuill.chk_connect_db
2024-10-24 01:02:01:641	_Error	ไม่สามารถเชื่อมต่อ Server secuill	frmMain.CheckConnectMiddleAndSecuill
2024-10-24 01:02:03:552	Status	กำลังเชื่อมต่อใหม่อีกครั้ง Server secuill	frmMain.CheckConnectMiddleAndSecuill
2024-10-24 01:02:16:588	ERROR	A network-related or instance-specific error occurred while establishing a connection to SQL Server. The server was not found or was not accessible. Verify that the instance name is correct and that SQL Server is configured to allow remote connections. (provider: SQL Network Interfaces, error: 26 - Error Locating Server/Instance Specified)	 (cls_condbserver.ExecuteNonQuery())
2024-10-24 01:02:26:552	ERROR	A network-related or instance-specific error occurred while establishing a connection to SQL Server. The server was not found or was not accessible. Verify that the instance name is correct and that SQL Server is configured to allow remote connections. (provider: Named Pipes Provider, error: 40 - Could not open a connection to SQL Server)	cls_condbmiddle.chk_connect_db()
2024-10-24 01:02:28:061	_Error	ไม่สามารถเชื่อมต่อ Server Middle	frmMain.CheckConnectMiddleAndSecuill
2024-10-24 01:02:30:517	Status	กำลังเชื่อมต่อใหม่อีกครั้ง Server Middle	frmMain.CheckConnectMiddleAndSecuill
2024-10-24 01:02:46:759	_Error	A network-related or instance-specific error occurred while establishing a connection to SQL Server. The server was not found or was not accessible. Verify that the instance name is correct and that SQL Server is configured to allow remote connections. (provider: Named Pipes Provider, error: 40 - Could not open a connection to SQL Server)	cls_condbsecuill.chk_connect_db
2024-10-24 01:02:48:669	_Error	ไม่สามารถเชื่อมต่อ Server secuill	frmMain.CheckConnectMiddleAndSecuill
2024-10-24 01:02:50:585	Status	กำลังเชื่อมต่อใหม่อีกครั้ง Server secuill	frmMain.CheckConnectMiddleAndSecuill
2024-10-24 01:03:14:034	ERROR	A network-related or instance-specific error occurred while establishing a connection to SQL Server. The server was not found or was not accessible. Verify that the instance name is correct and that SQL Server is configured to allow remote connections. (provider: Named Pipes Provider, error: 40 - Could not open a connection to SQL Server)	cls_condbmiddle.chk_connect_db()
2024-10-24 01:03:15:600	_Error	ไม่สามารถเชื่อมต่อ Server Middle	frmMain.CheckConnectMiddleAndSecuill
2024-10-24 01:03:17:549	Status	กำลังเชื่อมต่อใหม่อีกครั้ง Server Middle	frmMain.CheckConnectMiddleAndSecuill
2024-10-24 01:03:34:353	_Error	A network-related or instance-specific error occurred while establishing a connection to SQL Server. The server was not found or was not accessible. Verify that the instance name is correct and that SQL Server is configured to allow remote connections. (provider: Named Pipes Provider, error: 40 - Could not open a connection to SQL Server)	cls_condbsecuill.chk_connect_db
2024-10-24 01:03:36:262	_Error	ไม่สามารถเชื่อมต่อ Server secuill	frmMain.CheckConnectMiddleAndSecuill
2024-10-24 01:03:38:180	Status	กำลังเชื่อมต่อใหม่อีกครั้ง Server secuill	frmMain.CheckConnectMiddleAndSecuill
2024-10-24 01:04:01:517	ERROR	A network-related or instance-specific error occurred while establishing a connection to SQL Server. The server was not found or was not accessible. Verify that the instance name is correct and that SQL Server is configured to allow remote connections. (provider: Named Pipes Provider, error: 40 - Could not open a connection to SQL Server)	cls_condbmiddle.chk_connect_db()
2024-10-24 01:04:03:142	_Error	ไม่สามารถเชื่อมต่อ Server Middle	frmMain.CheckConnectMiddleAndSecuill
2024-10-24 01:04:05:085	Status	กำลังเชื่อมต่อใหม่อีกครั้ง Server Middle	frmMain.CheckConnectMiddleAndSecuill
2024-10-24 01:04:21:925	_Error	A network-related or instance-specific error occurred while establishing a connection to SQL Server. The server was not found or was not accessible. Verify that the instance name is correct and that SQL Server is configured to allow remote connections. (provider: Named Pipes Provider, error: 40 - Could not open a connection to SQL Server)	cls_condbsecuill.chk_connect_db
2024-10-24 01:04:23:839	_Error	ไม่สามารถเชื่อมต่อ Server secuill	frmMain.CheckConnectMiddleAndSecuill
2024-10-24 01:04:25:753	Status	กำลังเชื่อมต่อใหม่อีกครั้ง Server secuill	frmMain.CheckConnectMiddleAndSecuill
2024-10-24 01:04:48:955	ERROR	A network-related or instance-specific error occurred while establishing a connection to SQL Server. The server was not found or was not accessible. Verify that the instance name is correct and that SQL Server is configured to allow remote connections. (provider: Named Pipes Provider, error: 40 - Could not open a connection to SQL Server)	cls_condbmiddle.chk_connect_db()
2024-10-24 01:04:50:718	_Error	ไม่สามารถเชื่อมต่อ Server Middle	frmMain.CheckConnectMiddleAndSecuill
2024-10-24 01:04:52:667	Status	กำลังเชื่อมต่อใหม่อีกครั้ง Server Middle	frmMain.CheckConnectMiddleAndSecuill
2024-10-24 01:05:09:468	_Error	A network-related or instance-specific error occurred while establishing a connection to SQL Server. The server was not found or was not accessible. Verify that the instance name is correct and that SQL Server is configured to allow remote connections. (provider: Named Pipes Provider, error: 40 - Could not open a connection to SQL Server)	cls_condbsecuill.chk_connect_db
2024-10-24 01:05:11:378	_Error	ไม่สามารถเชื่อมต่อ Server secuill	frmMain.CheckConnectMiddleAndSecuill
2024-10-24 01:05:13:293	Status	กำลังเชื่อมต่อใหม่อีกครั้ง Server secuill	frmMain.CheckConnectMiddleAndSecuill
2024-10-24 01:05:36:415	ERROR	A network-related or instance-specific error occurred while establishing a connection to SQL Server. The server was not found or was not accessible. Verify that the instance name is correct and that SQL Server is configured to allow remote connections. (provider: Named Pipes Provider, error: 40 - Could not open a connection to SQL Server)	cls_condbmiddle.chk_connect_db()
2024-10-24 01:05:38:298	_Error	ไม่สามารถเชื่อมต่อ Server Middle	frmMain.CheckConnectMiddleAndSecuill
2024-10-24 01:05:40:245	Status	กำลังเชื่อมต่อใหม่อีกครั้ง Server Middle	frmMain.CheckConnectMiddleAndSecuill
2024-10-24 01:05:57:033	_Error	A network-related or instance-specific error occurred while establishing a connection to SQL Server. The server was not found or was not accessible. Verify that the instance name is correct and that SQL Server is configured to allow remote connections. (provider: Named Pipes Provider, error: 40 - Could not open a connection to SQL Server)	cls_condbsecuill.chk_connect_db
2024-10-24 01:05:58:942	_Error	ไม่สามารถเชื่อมต่อ Server secuill	frmMain.CheckConnectMiddleAndSecuill
2024-10-24 01:06:00:857	Status	กำลังเชื่อมต่อใหม่อีกครั้ง Server secuill	frmMain.CheckConnectMiddleAndSecuill
2024-10-24 01:06:23:837	ERROR	A network-related or instance-specific error occurred while establishing a connection to SQL Server. The server was not found or was not accessible. Verify that the instance name is correct and that SQL Server is configured to allow remote connections. (provider: Named Pipes Provider, error: 40 - Could not open a connection to SQL Server)	cls_condbmiddle.chk_connect_db()
2024-10-24 01:06:25:408	_Error	ไม่สามารถเชื่อมต่อ Server Middle	frmMain.CheckConnectMiddleAndSecuill
2024-10-24 01:06:27:358	Status	กำลังเชื่อมต่อใหม่อีกครั้ง Server Middle	frmMain.CheckConnectMiddleAndSecuill
2024-10-24 01:06:44:186	_Error	A network-related or instance-specific error occurred while establishing a connection to SQL Server. The server was not found or was not accessible. Verify that the instance name is correct and that SQL Server is configured to allow remote connections. (provider: Named Pipes Provider, error: 40 - Could not open a connection to SQL Server)	cls_condbsecuill.chk_connect_db
2024-10-24 01:06:46:108	_Error	ไม่สามารถเชื่อมต่อ Server secuill	frmMain.CheckConnectMiddleAndSecuill
2024-10-24 01:06:48:020	Status	กำลังเชื่อมต่อใหม่อีกครั้ง Server secuill	frmMain.CheckConnectMiddleAndSecuill
2024-10-24 01:07:01:280	ERROR	A network-related or instance-specific error occurred while establishing a connection to SQL Server. The server was not found or was not accessible. Verify that the instance name is correct and that SQL Server is configured to allow remote connections. (provider: SQL Network Interfaces, error: 26 - Error Locating Server/Instance Specified)	 (cls_condbserver.ExecuteNonQuery())
2024-10-24 01:07:11:331	ERROR	A network-related or instance-specific error occurred while establishing a connection to SQL Server. The server was not found or was not accessible. Verify that the instance name is correct and that SQL Server is configured to allow remote connections. (provider: Named Pipes Provider, error: 40 - Could not open a connection to SQL Server)	cls_condbmiddle.chk_connect_db()
2024-10-24 01:07:13:012	_Error	ไม่สามารถเชื่อมต่อ Server Middle	frmMain.CheckConnectMiddleAndSecuill
2024-10-24 01:07:14:959	Status	กำลังเชื่อมต่อใหม่อีกครั้ง Server Middle	frmMain.CheckConnectMiddleAndSecuill
2024-10-24 01:07:31:791	_Error	A network-related or instance-specific error occurred while establishing a connection to SQL Server. The server was not found or was not accessible. Verify that the instance name is correct and that SQL Server is configured to allow remote connections. (provider: Named Pipes Provider, error: 40 - Could not open a connection to SQL Server)	cls_condbsecuill.chk_connect_db
2024-10-24 01:07:33:706	_Error	ไม่สามารถเชื่อมต่อ Server secuill	frmMain.CheckConnectMiddleAndSecuill
2024-10-24 01:07:35:624	Status	กำลังเชื่อมต่อใหม่อีกครั้ง Server secuill	frmMain.CheckConnectMiddleAndSecuill
2024-10-24 01:07:58:822	ERROR	A network-related or instance-specific error occurred while establishing a connection to SQL Server. The server was not found or was not accessible. Verify that the instance name is correct and that SQL Server is configured to allow remote connections. (provider: Named Pipes Provider, error: 40 - Could not open a connection to SQL Server)	cls_condbmiddle.chk_connect_db()
2024-10-24 01:08:00:614	_Error	ไม่สามารถเชื่อมต่อ Server Middle	frmMain.CheckConnectMiddleAndSecuill
2024-10-24 01:08:02:566	Status	กำลังเชื่อมต่อใหม่อีกครั้ง Server Middle	frmMain.CheckConnectMiddleAndSecuill
2024-10-24 01:08:19:384	_Error	A network-related or instance-specific error occurred while establishing a connection to SQL Server. The server was not found or was not accessible. Verify that the instance name is correct and that SQL Server is configured to allow remote connections. (provider: Named Pipes Provider, error: 40 - Could not open a connection to SQL Server)	cls_condbsecuill.chk_connect_db
2024-10-24 01:08:21:300	_Error	ไม่สามารถเชื่อมต่อ Server secuill	frmMain.CheckConnectMiddleAndSecuill
2024-10-24 01:08:23:210	Status	กำลังเชื่อมต่อใหม่อีกครั้ง Server secuill	frmMain.CheckConnectMiddleAndSecuill
2024-10-24 01:08:46:292	ERROR	A network-related or instance-specific error occurred while establishing a connection to SQL Server. The server was not found or was not accessible. Verify that the instance name is correct and that SQL Server is configured to allow remote connections. (provider: Named Pipes Provider, error: 40 - Could not open a connection to SQL Server)	cls_condbmiddle.chk_connect_db()
2024-10-24 01:08:48:233	_Error	ไม่สามารถเชื่อมต่อ Server Middle	frmMain.CheckConnectMiddleAndSecuill
2024-10-24 01:08:50:183	Status	กำลังเชื่อมต่อใหม่อีกครั้ง Server Middle	frmMain.CheckConnectMiddleAndSecuill
2024-10-24 01:09:06:487	_Error	A network-related or instance-specific error occurred while establishing a connection to SQL Server. The server was not found or was not accessible. Verify that the instance name is correct and that SQL Server is configured to allow remote connections. (provider: Named Pipes Provider, error: 40 - Could not open a connection to SQL Server)	cls_condbsecuill.chk_connect_db
2024-10-24 01:09:08:398	_Error	ไม่สามารถเชื่อมต่อ Server secuill	frmMain.CheckConnectMiddleAndSecuill
2024-10-24 01:09:10:328	Status	กำลังเชื่อมต่อใหม่อีกครั้ง Server secuill	frmMain.CheckConnectMiddleAndSecuill
2024-10-24 01:09:33:730	ERROR	A network-related or instance-specific error occurred while establishing a connection to SQL Server. The server was not found or was not accessible. Verify that the instance name is correct and that SQL Server is configured to allow remote connections. (provider: Named Pipes Provider, error: 40 - Could not open a connection to SQL Server)	cls_condbmiddle.chk_connect_db()
2024-10-24 01:09:35:302	_Error	ไม่สามารถเชื่อมต่อ Server Middle	frmMain.CheckConnectMiddleAndSecuill
2024-10-24 01:09:37:244	Status	กำลังเชื่อมต่อใหม่อีกครั้ง Server Middle	frmMain.CheckConnectMiddleAndSecuill
2024-10-24 01:09:54:093	_Error	A network-related or instance-specific error occurred while establishing a connection to SQL Server. The server was not found or was not accessible. Verify that the instance name is correct and that SQL Server is configured to allow remote connections. (provider: Named Pipes Provider, error: 40 - Could not open a connection to SQL Server)	cls_condbsecuill.chk_connect_db
2024-10-24 01:09:56:009	_Error	ไม่สามารถเชื่อมต่อ Server secuill	frmMain.CheckConnectMiddleAndSecuill
2024-10-24 01:09:57:925	Status	กำลังเชื่อมต่อใหม่อีกครั้ง Server secuill	frmMain.CheckConnectMiddleAndSecuill
2024-10-24 01:10:21:188	ERROR	A network-related or instance-specific error occurred while establishing a connection to SQL Server. The server was not found or was not accessible. Verify that the instance name is correct and that SQL Server is configured to allow remote connections. (provider: Named Pipes Provider, error: 40 - Could not open a connection to SQL Server)	cls_condbmiddle.chk_connect_db()
2024-10-24 01:10:22:914	_Error	ไม่สามารถเชื่อมต่อ Server Middle	frmMain.CheckConnectMiddleAndSecuill
2024-10-24 01:10:24:864	Status	กำลังเชื่อมต่อใหม่อีกครั้ง Server Middle	frmMain.CheckConnectMiddleAndSecuill
2024-10-24 01:10:41:688	_Error	A network-related or instance-specific error occurred while establishing a connection to SQL Server. The server was not found or was not accessible. Verify that the instance name is correct and that SQL Server is configured to allow remote connections. (provider: Named Pipes Provider, error: 40 - Could not open a connection to SQL Server)	cls_condbsecuill.chk_connect_db
2024-10-24 01:10:43:603	_Error	ไม่สามารถเชื่อมต่อ Server secuill	frmMain.CheckConnectMiddleAndSecuill
2024-10-24 01:10:45:520	Status	กำลังเชื่อมต่อใหม่อีกครั้ง Server secuill	frmMain.CheckConnectMiddleAndSecuill
2024-10-24 01:11:08:727	ERROR	A network-related or instance-specific error occurred while establishing a connection to SQL Server. The server was not found or was not accessible. Verify that the instance name is correct and that SQL Server is configured to allow remote connections. (provider: Named Pipes Provider, error: 40 - Could not open a connection to SQL Server)	cls_condbmiddle.chk_connect_db()
2024-10-24 01:11:10:577	_Error	ไม่สามารถเชื่อมต่อ Server Middle	frmMain.CheckConnectMiddleAndSecuill
2024-10-24 01:11:12:522	Status	กำลังเชื่อมต่อใหม่อีกครั้ง Server Middle	frmMain.CheckConnectMiddleAndSecuill
2024-10-24 01:11:29:326	_Error	A network-related or instance-specific error occurred while establishing a connection to SQL Server. The server was not found or was not accessible. Verify that the instance name is correct and that SQL Server is configured to allow remote connections. (provider: Named Pipes Provider, error: 40 - Could not open a connection to SQL Server)	cls_condbsecuill.chk_connect_db
2024-10-24 01:11:31:237	_Error	ไม่สามารถเชื่อมต่อ Server secuill	frmMain.CheckConnectMiddleAndSecuill
2024-10-24 01:11:33:153	Status	กำลังเชื่อมต่อใหม่อีกครั้ง Server secuill	frmMain.CheckConnectMiddleAndSecuill
2024-10-24 01:11:46:169	ERROR	A network-related or instance-specific error occurred while establishing a connection to SQL Server. The server was not found or was not accessible. Verify that the instance name is correct and that SQL Server is configured to allow remote connections. (provider: SQL Network Interfaces, error: 26 - Error Locating Server/Instance Specified)	 (cls_condbserver.ExecuteNonQuery())
2024-10-24 01:11:56:169	ERROR	A network-related or instance-specific error occurred while establishing a connection to SQL Server. The server was not found or was not accessible. Verify that the instance name is correct and that SQL Server is configured to allow remote connections. (provider: Named Pipes Provider, error: 40 - Could not open a connection to SQL Server)	cls_condbmiddle.chk_connect_db()
2024-10-24 01:11:57:663	_Error	ไม่สามารถเชื่อมต่อ Server Middle	frmMain.CheckConnectMiddleAndSecuill
2024-10-24 01:12:00:121	Status	กำลังเชื่อมต่อใหม่อีกครั้ง Server Middle	frmMain.CheckConnectMiddleAndSecuill
2024-10-24 01:12:16:411	_Error	A network-related or instance-specific error occurred while establishing a connection to SQL Server. The server was not found or was not accessible. Verify that the instance name is correct and that SQL Server is configured to allow remote connections. (provider: Named Pipes Provider, error: 40 - Could not open a connection to SQL Server)	cls_condbsecuill.chk_connect_db
2024-10-24 01:12:18:315	_Error	ไม่สามารถเชื่อมต่อ Server secuill	frmMain.CheckConnectMiddleAndSecuill
2024-10-24 01:12:20:230	Status	กำลังเชื่อมต่อใหม่อีกครั้ง Server secuill	frmMain.CheckConnectMiddleAndSecuill
2024-10-24 01:12:43:614	ERROR	A network-related or instance-specific error occurred while establishing a connection to SQL Server. The server was not found or was not accessible. Verify that the instance name is correct and that SQL Server is configured to allow remote connections. (provider: Named Pipes Provider, error: 40 - Could not open a connection to SQL Server)	cls_condbmiddle.chk_connect_db()
2024-10-24 01:12:45:233	_Error	ไม่สามารถเชื่อมต่อ Server Middle	frmMain.CheckConnectMiddleAndSecuill
2024-10-24 01:12:47:180	Status	กำลังเชื่อมต่อใหม่อีกครั้ง Server Middle	frmMain.CheckConnectMiddleAndSecuill
2024-10-24 01:13:03:996	_Error	A network-related or instance-specific error occurred while establishing a connection to SQL Server. The server was not found or was not accessible. Verify that the instance name is correct and that SQL Server is configured to allow remote connections. (provider: Named Pipes Provider, error: 40 - Could not open a connection to SQL Server)	cls_condbsecuill.chk_connect_db
2024-10-24 01:13:05:907	_Error	ไม่สามารถเชื่อมต่อ Server secuill	frmMain.CheckConnectMiddleAndSecuill
2024-10-24 01:13:07:821	Status	กำลังเชื่อมต่อใหม่อีกครั้ง Server secuill	frmMain.CheckConnectMiddleAndSecuill
2024-10-24 01:13:31:118	ERROR	A network-related or instance-specific error occurred while establishing a connection to SQL Server. The server was not found or was not accessible. Verify that the instance name is correct and that SQL Server is configured to allow remote connections. (provider: Named Pipes Provider, error: 40 - Could not open a connection to SQL Server)	cls_condbmiddle.chk_connect_db()
2024-10-24 01:13:32:830	_Error	ไม่สามารถเชื่อมต่อ Server Middle	frmMain.CheckConnectMiddleAndSecuill
2024-10-24 01:13:34:780	Status	กำลังเชื่อมต่อใหม่อีกครั้ง Server Middle	frmMain.CheckConnectMiddleAndSecuill
2024-10-24 01:13:51:532	_Error	A network-related or instance-specific error occurred while establishing a connection to SQL Server. The server was not found or was not accessible. Verify that the instance name is correct and that SQL Server is configured to allow remote connections. (provider: Named Pipes Provider, error: 40 - Could not open a connection to SQL Server)	cls_condbsecuill.chk_connect_db
2024-10-24 01:13:53:447	_Error	ไม่สามารถเชื่อมต่อ Server secuill	frmMain.CheckConnectMiddleAndSecuill
2024-10-24 01:13:55:361	Status	กำลังเชื่อมต่อใหม่อีกครั้ง Server secuill	frmMain.CheckConnectMiddleAndSecuill
2024-10-24 01:14:18:624	ERROR	A network-related or instance-specific error occurred while establishing a connection to SQL Server. The server was not found or was not accessible. Verify that the instance name is correct and that SQL Server is configured to allow remote connections. (provider: Named Pipes Provider, error: 40 - Could not open a connection to SQL Server)	cls_condbmiddle.chk_connect_db()
2024-10-24 01:14:20:402	_Error	ไม่สามารถเชื่อมต่อ Server Middle	frmMain.CheckConnectMiddleAndSecuill
2024-10-24 01:14:22:350	Status	กำลังเชื่อมต่อใหม่อีกครั้ง Server Middle	frmMain.CheckConnectMiddleAndSecuill
2024-10-24 01:14:39:173	_Error	A network-related or instance-specific error occurred while establishing a connection to SQL Server. The server was not found or was not accessible. Verify that the instance name is correct and that SQL Server is configured to allow remote connections. (provider: Named Pipes Provider, error: 40 - Could not open a connection to SQL Server)	cls_condbsecuill.chk_connect_db
2024-10-24 01:14:41:098	_Error	ไม่สามารถเชื่อมต่อ Server secuill	frmMain.CheckConnectMiddleAndSecuill
2024-10-24 01:14:43:014	Status	กำลังเชื่อมต่อใหม่อีกครั้ง Server secuill	frmMain.CheckConnectMiddleAndSecuill
2024-10-24 01:15:06:098	ERROR	A network-related or instance-specific error occurred while establishing a connection to SQL Server. The server was not found or was not accessible. Verify that the instance name is correct and that SQL Server is configured to allow remote connections. (provider: Named Pipes Provider, error: 40 - Could not open a connection to SQL Server)	cls_condbmiddle.chk_connect_db()
2024-10-24 01:15:08:012	_Error	ไม่สามารถเชื่อมต่อ Server Middle	frmMain.CheckConnectMiddleAndSecuill
2024-10-24 01:15:09:955	Status	กำลังเชื่อมต่อใหม่อีกครั้ง Server Middle	frmMain.CheckConnectMiddleAndSecuill
2024-10-24 01:15:26:267	_Error	A network-related or instance-specific error occurred while establishing a connection to SQL Server. The server was not found or was not accessible. Verify that the instance name is correct and that SQL Server is configured to allow remote connections. (provider: Named Pipes Provider, error: 40 - Could not open a connection to SQL Server)	cls_condbsecuill.chk_connect_db
2024-10-24 01:15:28:182	_Error	ไม่สามารถเชื่อมต่อ Server secuill	frmMain.CheckConnectMiddleAndSecuill
2024-10-24 01:15:30:095	Status	กำลังเชื่อมต่อใหม่อีกครั้ง Server secuill	frmMain.CheckConnectMiddleAndSecuill
2024-10-24 01:15:53:534	ERROR	A network-related or instance-specific error occurred while establishing a connection to SQL Server. The server was not found or was not accessible. Verify that the instance name is correct and that SQL Server is configured to allow remote connections. (provider: Named Pipes Provider, error: 40 - Could not open a connection to SQL Server)	cls_condbmiddle.chk_connect_db()
2024-10-24 01:15:55:094	_Error	ไม่สามารถเชื่อมต่อ Server Middle	frmMain.CheckConnectMiddleAndSecuill
2024-10-24 01:15:57:038	Status	กำลังเชื่อมต่อใหม่อีกครั้ง Server Middle	frmMain.CheckConnectMiddleAndSecuill
2024-10-24 01:16:13:843	_Error	A network-related or instance-specific error occurred while establishing a connection to SQL Server. The server was not found or was not accessible. Verify that the instance name is correct and that SQL Server is configured to allow remote connections. (provider: Named Pipes Provider, error: 40 - Could not open a connection to SQL Server)	cls_condbsecuill.chk_connect_db
2024-10-24 01:16:15:756	_Error	ไม่สามารถเชื่อมต่อ Server secuill	frmMain.CheckConnectMiddleAndSecuill
2024-10-24 01:16:17:669	Status	กำลังเชื่อมต่อใหม่อีกครั้ง Server secuill	frmMain.CheckConnectMiddleAndSecuill
2024-10-24 01:16:30:970	ERROR	A network-related or instance-specific error occurred while establishing a connection to SQL Server. The server was not found or was not accessible. Verify that the instance name is correct and that SQL Server is configured to allow remote connections. (provider: SQL Network Interfaces, error: 26 - Error Locating Server/Instance Specified)	 (cls_condbserver.ExecuteNonQuery())
2024-10-24 01:16:40:978	ERROR	A network-related or instance-specific error occurred while establishing a connection to SQL Server. The server was not found or was not accessible. Verify that the instance name is correct and that SQL Server is configured to allow remote connections. (provider: Named Pipes Provider, error: 40 - Could not open a connection to SQL Server)	cls_condbmiddle.chk_connect_db()
2024-10-24 01:16:42:733	_Error	ไม่สามารถเชื่อมต่อ Server Middle	frmMain.CheckConnectMiddleAndSecuill
2024-10-24 01:16:44:679	Status	กำลังเชื่อมต่อใหม่อีกครั้ง Server Middle	frmMain.CheckConnectMiddleAndSecuill
2024-10-24 01:17:01:483	_Error	A network-related or instance-specific error occurred while establishing a connection to SQL Server. The server was not found or was not accessible. Verify that the instance name is correct and that SQL Server is configured to allow remote connections. (provider: Named Pipes Provider, error: 40 - Could not open a connection to SQL Server)	cls_condbsecuill.chk_connect_db
2024-10-24 01:17:03:403	_Error	ไม่สามารถเชื่อมต่อ Server secuill	frmMain.CheckConnectMiddleAndSecuill
2024-10-24 01:17:05:312	Status	กำลังเชื่อมต่อใหม่อีกครั้ง Server secuill	frmMain.CheckConnectMiddleAndSecuill
2024-10-24 01:17:28:448	ERROR	A network-related or instance-specific error occurred while establishing a connection to SQL Server. The server was not found or was not accessible. Verify that the instance name is correct and that SQL Server is configured to allow remote connections. (provider: Named Pipes Provider, error: 40 - Could not open a connection to SQL Server)	cls_condbmiddle.chk_connect_db()
2024-10-24 01:17:30:346	_Error	ไม่สามารถเชื่อมต่อ Server Middle	frmMain.CheckConnectMiddleAndSecuill
2024-10-24 01:17:32:297	Status	กำลังเชื่อมต่อใหม่อีกครั้ง Server Middle	frmMain.CheckConnectMiddleAndSecuill
2024-10-24 01:17:49:106	_Error	A network-related or instance-specific error occurred while establishing a connection to SQL Server. The server was not found or was not accessible. Verify that the instance name is correct and that SQL Server is configured to allow remote connections. (provider: Named Pipes Provider, error: 40 - Could not open a connection to SQL Server)	cls_condbsecuill.chk_connect_db
2024-10-24 01:17:51:022	_Error	ไม่สามารถเชื่อมต่อ Server secuill	frmMain.CheckConnectMiddleAndSecuill
2024-10-24 01:17:52:937	Status	กำลังเชื่อมต่อใหม่อีกครั้ง Server secuill	frmMain.CheckConnectMiddleAndSecuill
2024-10-24 01:18:15:914	ERROR	A network-related or instance-specific error occurred while establishing a connection to SQL Server. The server was not found or was not accessible. Verify that the instance name is correct and that SQL Server is configured to allow remote connections. (provider: Named Pipes Provider, error: 40 - Could not open a connection to SQL Server)	cls_condbmiddle.chk_connect_db()
2024-10-24 01:18:17:904	_Error	ไม่สามารถเชื่อมต่อ Server Middle	frmMain.CheckConnectMiddleAndSecuill
2024-10-24 01:18:19:850	Status	กำลังเชื่อมต่อใหม่อีกครั้ง Server Middle	frmMain.CheckConnectMiddleAndSecuill
2024-10-24 01:18:36:158	_Error	A network-related or instance-specific error occurred while establishing a connection to SQL Server. The server was not found or was not accessible. Verify that the instance name is correct and that SQL Server is configured to allow remote connections. (provider: Named Pipes Provider, error: 40 - Could not open a connection to SQL Server)	cls_condbsecuill.chk_connect_db
2024-10-24 01:18:38:077	_Error	ไม่สามารถเชื่อมต่อ Server secuill	frmMain.CheckConnectMiddleAndSecuill
2024-10-24 01:18:39:995	Status	กำลังเชื่อมต่อใหม่อีกครั้ง Server secuill	frmMain.CheckConnectMiddleAndSecuill
2024-10-24 01:19:03:403	ERROR	A network-related or instance-specific error occurred while establishing a connection to SQL Server. The server was not found or was not accessible. Verify that the instance name is correct and that SQL Server is configured to allow remote connections. (provider: Named Pipes Provider, error: 40 - Could not open a connection to SQL Server)	cls_condbmiddle.chk_connect_db()
2024-10-24 01:19:05:031	_Error	ไม่สามารถเชื่อมต่อ Server Middle	frmMain.CheckConnectMiddleAndSecuill
2024-10-24 01:19:06:979	Status	กำลังเชื่อมต่อใหม่อีกครั้ง Server Middle	frmMain.CheckConnectMiddleAndSecuill
2024-10-24 01:19:23:768	_Error	A network-related or instance-specific error occurred while establishing a connection to SQL Server. The server was not found or was not accessible. Verify that the instance name is correct and that SQL Server is configured to allow remote connections. (provider: Named Pipes Provider, error: 40 - Could not open a connection to SQL Server)	cls_condbsecuill.chk_connect_db
2024-10-24 01:19:25:682	_Error	ไม่สามารถเชื่อมต่อ Server secuill	frmMain.CheckConnectMiddleAndSecuill
2024-10-24 01:19:27:593	Status	กำลังเชื่อมต่อใหม่อีกครั้ง Server secuill	frmMain.CheckConnectMiddleAndSecuill
2024-10-24 01:19:50:914	ERROR	A network-related or instance-specific error occurred while establishing a connection to SQL Server. The server was not found or was not accessible. Verify that the instance name is correct and that SQL Server is configured to allow remote connections. (provider: Named Pipes Provider, error: 40 - Could not open a connection to SQL Server)	cls_condbmiddle.chk_connect_db()
2024-10-24 01:19:52:638	_Error	ไม่สามารถเชื่อมต่อ Server Middle	frmMain.CheckConnectMiddleAndSecuill
2024-10-24 01:19:54:591	Status	กำลังเชื่อมต่อใหม่อีกครั้ง Server Middle	frmMain.CheckConnectMiddleAndSecuill
2024-10-24 01:20:11:417	_Error	A network-related or instance-specific error occurred while establishing a connection to SQL Server. The server was not found or was not accessible. Verify that the instance name is correct and that SQL Server is configured to allow remote connections. (provider: Named Pipes Provider, error: 40 - Could not open a connection to SQL Server)	cls_condbsecuill.chk_connect_db
2024-10-24 01:20:13:344	_Error	ไม่สามารถเชื่อมต่อ Server secuill	frmMain.CheckConnectMiddleAndSecuill
2024-10-24 01:20:15:257	Status	กำลังเชื่อมต่อใหม่อีกครั้ง Server secuill	frmMain.CheckConnectMiddleAndSecuill
2024-10-24 01:20:38:395	ERROR	A network-related or instance-specific error occurred while establishing a connection to SQL Server. The server was not found or was not accessible. Verify that the instance name is correct and that SQL Server is configured to allow remote connections. (provider: Named Pipes Provider, error: 40 - Could not open a connection to SQL Server)	cls_condbmiddle.chk_connect_db()
2024-10-24 01:20:40:282	_Error	ไม่สามารถเชื่อมต่อ Server Middle	frmMain.CheckConnectMiddleAndSecuill
2024-10-24 01:20:42:225	Status	กำลังเชื่อมต่อใหม่อีกครั้ง Server Middle	frmMain.CheckConnectMiddleAndSecuill
2024-10-24 01:20:59:062	_Error	A network-related or instance-specific error occurred while establishing a connection to SQL Server. The server was not found or was not accessible. Verify that the instance name is correct and that SQL Server is configured to allow remote connections. (provider: Named Pipes Provider, error: 40 - Could not open a connection to SQL Server)	cls_condbsecuill.chk_connect_db
2024-10-24 01:21:00:978	_Error	ไม่สามารถเชื่อมต่อ Server secuill	frmMain.CheckConnectMiddleAndSecuill
2024-10-24 01:21:02:892	Status	กำลังเชื่อมต่อใหม่อีกครั้ง Server secuill	frmMain.CheckConnectMiddleAndSecuill
2024-10-24 01:21:15:842	ERROR	A network-related or instance-specific error occurred while establishing a connection to SQL Server. The server was not found or was not accessible. Verify that the instance name is correct and that SQL Server is configured to allow remote connections. (provider: SQL Network Interfaces, error: 26 - Error Locating Server/Instance Specified)	 (cls_condbserver.ExecuteNonQuery())
2024-10-24 01:21:25:876	ERROR	A network-related or instance-specific error occurred while establishing a connection to SQL Server. The server was not found or was not accessible. Verify that the instance name is correct and that SQL Server is configured to allow remote connections. (provider: Named Pipes Provider, error: 40 - Could not open a connection to SQL Server)	cls_condbmiddle.chk_connect_db()
2024-10-24 01:21:27:391	_Error	ไม่สามารถเชื่อมต่อ Server Middle	frmMain.CheckConnectMiddleAndSecuill
2024-10-24 01:21:29:851	Status	กำลังเชื่อมต่อใหม่อีกครั้ง Server Middle	frmMain.CheckConnectMiddleAndSecuill
2024-10-24 01:21:46:172	_Error	A network-related or instance-specific error occurred while establishing a connection to SQL Server. The server was not found or was not accessible. Verify that the instance name is correct and that SQL Server is configured to allow remote connections. (provider: Named Pipes Provider, error: 40 - Could not open a connection to SQL Server)	cls_condbsecuill.chk_connect_db
2024-10-24 01:21:48:094	_Error	ไม่สามารถเชื่อมต่อ Server secuill	frmMain.CheckConnectMiddleAndSecuill
2024-10-24 01:21:50:007	Status	กำลังเชื่อมต่อใหม่อีกครั้ง Server secuill	frmMain.CheckConnectMiddleAndSecuill
2024-10-24 01:22:13:362	ERROR	A network-related or instance-specific error occurred while establishing a connection to SQL Server. The server was not found or was not accessible. Verify that the instance name is correct and that SQL Server is configured to allow remote connections. (provider: Named Pipes Provider, error: 40 - Could not open a connection to SQL Server)	cls_condbmiddle.chk_connect_db()
2024-10-24 01:22:15:028	_Error	ไม่สามารถเชื่อมต่อ Server Middle	frmMain.CheckConnectMiddleAndSecuill
2024-10-24 01:22:16:971	Status	กำลังเชื่อมต่อใหม่อีกครั้ง Server Middle	frmMain.CheckConnectMiddleAndSecuill
2024-10-24 01:22:33:750	_Error	A network-related or instance-specific error occurred while establishing a connection to SQL Server. The server was not found or was not accessible. Verify that the instance name is correct and that SQL Server is configured to allow remote connections. (provider: Named Pipes Provider, error: 40 - Could not open a connection to SQL Server)	cls_condbsecuill.chk_connect_db
2024-10-24 01:22:35:663	_Error	ไม่สามารถเชื่อมต่อ Server secuill	frmMain.CheckConnectMiddleAndSecuill
2024-10-24 01:22:37:580	Status	กำลังเชื่อมต่อใหม่อีกครั้ง Server secuill	frmMain.CheckConnectMiddleAndSecuill
2024-10-24 01:23:00:846	ERROR	A network-related or instance-specific error occurred while establishing a connection to SQL Server. The server was not found or was not accessible. Verify that the instance name is correct and that SQL Server is configured to allow remote connections. (provider: Named Pipes Provider, error: 40 - Could not open a connection to SQL Server)	cls_condbmiddle.chk_connect_db()
2024-10-24 01:23:02:607	_Error	ไม่สามารถเชื่อมต่อ Server Middle	frmMain.CheckConnectMiddleAndSecuill
2024-10-24 01:23:04:556	Status	กำลังเชื่อมต่อใหม่อีกครั้ง Server Middle	frmMain.CheckConnectMiddleAndSecuill
2024-10-24 01:23:21:361	_Error	A network-related or instance-specific error occurred while establishing a connection to SQL Server. The server was not found or was not accessible. Verify that the instance name is correct and that SQL Server is configured to allow remote connections. (provider: Named Pipes Provider, error: 40 - Could not open a connection to SQL Server)	cls_condbsecuill.chk_connect_db
2024-10-24 01:23:23:280	_Error	ไม่สามารถเชื่อมต่อ Server secuill	frmMain.CheckConnectMiddleAndSecuill
2024-10-24 01:23:25:190	Status	กำลังเชื่อมต่อใหม่อีกครั้ง Server secuill	frmMain.CheckConnectMiddleAndSecuill
2024-10-24 01:23:48:297	ERROR	A network-related or instance-specific error occurred while establishing a connection to SQL Server. The server was not found or was not accessible. Verify that the instance name is correct and that SQL Server is configured to allow remote connections. (provider: Named Pipes Provider, error: 40 - Could not open a connection to SQL Server)	cls_condbmiddle.chk_connect_db()
2024-10-24 01:23:50:150	_Error	ไม่สามารถเชื่อมต่อ Server Middle	frmMain.CheckConnectMiddleAndSecuill
2024-10-24 01:23:52:102	Status	กำลังเชื่อมต่อใหม่อีกครั้ง Server Middle	frmMain.CheckConnectMiddleAndSecuill
2024-10-24 01:24:08:872	_Error	A network-related or instance-specific error occurred while establishing a connection to SQL Server. The server was not found or was not accessible. Verify that the instance name is correct and that SQL Server is configured to allow remote connections. (provider: Named Pipes Provider, error: 40 - Could not open a connection to SQL Server)	cls_condbsecuill.chk_connect_db
2024-10-24 01:24:10:793	_Error	ไม่สามารถเชื่อมต่อ Server secuill	frmMain.CheckConnectMiddleAndSecuill
2024-10-24 01:24:12:707	Status	กำลังเชื่อมต่อใหม่อีกครั้ง Server secuill	frmMain.CheckConnectMiddleAndSecuill
2024-10-24 01:24:35:730	ERROR	A network-related or instance-specific error occurred while establishing a connection to SQL Server. The server was not found or was not accessible. Verify that the instance name is correct and that SQL Server is configured to allow remote connections. (provider: Named Pipes Provider, error: 40 - Could not open a connection to SQL Server)	cls_condbmiddle.chk_connect_db()
2024-10-24 01:24:37:190	_Error	ไม่สามารถเชื่อมต่อ Server Middle	frmMain.CheckConnectMiddleAndSecuill
2024-10-24 01:24:39:640	Status	กำลังเชื่อมต่อใหม่อีกครั้ง Server Middle	frmMain.CheckConnectMiddleAndSecuill
2024-10-24 01:24:55:957	_Error	A network-related or instance-specific error occurred while establishing a connection to SQL Server. The server was not found or was not accessible. Verify that the instance name is correct and that SQL Server is configured to allow remote connections. (provider: Named Pipes Provider, error: 40 - Could not open a connection to SQL Server)	cls_condbsecuill.chk_connect_db
2024-10-24 01:24:57:876	_Error	ไม่สามารถเชื่อมต่อ Server secuill	frmMain.CheckConnectMiddleAndSecuill
2024-10-24 01:24:59:788	Status	กำลังเชื่อมต่อใหม่อีกครั้ง Server secuill	frmMain.CheckConnectMiddleAndSecuill
2024-10-24 01:25:23:197	ERROR	A network-related or instance-specific error occurred while establishing a connection to SQL Server. The server was not found or was not accessible. Verify that the instance name is correct and that SQL Server is configured to allow remote connections. (provider: Named Pipes Provider, error: 40 - Could not open a connection to SQL Server)	cls_condbmiddle.chk_connect_db()
2024-10-24 01:25:24:764	_Error	ไม่สามารถเชื่อมต่อ Server Middle	frmMain.CheckConnectMiddleAndSecuill
2024-10-24 01:25:26:706	Status	กำลังเชื่อมต่อใหม่อีกครั้ง Server Middle	frmMain.CheckConnectMiddleAndSecuill
2024-10-24 01:25:43:522	_Error	A network-related or instance-specific error occurred while establishing a connection to SQL Server. The server was not found or was not accessible. Verify that the instance name is correct and that SQL Server is configured to allow remote connections. (provider: Named Pipes Provider, error: 40 - Could not open a connection to SQL Server)	cls_condbsecuill.chk_connect_db
2024-10-24 01:25:45:444	_Error	ไม่สามารถเชื่อมต่อ Server secuill	frmMain.CheckConnectMiddleAndSecuill
2024-10-24 01:25:47:366	Status	กำลังเชื่อมต่อใหม่อีกครั้ง Server secuill	frmMain.CheckConnectMiddleAndSecuill
2024-10-24 01:26:00:650	ERROR	A network-related or instance-specific error occurred while establishing a connection to SQL Server. The server was not found or was not accessible. Verify that the instance name is correct and that SQL Server is configured to allow remote connections. (provider: SQL Network Interfaces, error: 26 - Error Locating Server/Instance Specified)	 (cls_condbserver.ExecuteNonQuery())
2024-10-24 01:26:10:682	ERROR	A network-related or instance-specific error occurred while establishing a connection to SQL Server. The server was not found or was not accessible. Verify that the instance name is correct and that SQL Server is configured to allow remote connections. (provider: Named Pipes Provider, error: 40 - Could not open a connection to SQL Server)	cls_condbmiddle.chk_connect_db()
2024-10-24 01:26:12:375	_Error	ไม่สามารถเชื่อมต่อ Server Middle	frmMain.CheckConnectMiddleAndSecuill
2024-10-24 01:26:14:319	Status	กำลังเชื่อมต่อใหม่อีกครั้ง Server Middle	frmMain.CheckConnectMiddleAndSecuill
2024-10-24 01:26:31:140	_Error	A network-related or instance-specific error occurred while establishing a connection to SQL Server. The server was not found or was not accessible. Verify that the instance name is correct and that SQL Server is configured to allow remote connections. (provider: Named Pipes Provider, error: 40 - Could not open a connection to SQL Server)	cls_condbsecuill.chk_connect_db
2024-10-24 01:26:33:047	_Error	ไม่สามารถเชื่อมต่อ Server secuill	frmMain.CheckConnectMiddleAndSecuill
2024-10-24 01:26:34:959	Status	กำลังเชื่อมต่อใหม่อีกครั้ง Server secuill	frmMain.CheckConnectMiddleAndSecuill
2024-10-24 01:26:58:135	ERROR	A network-related or instance-specific error occurred while establishing a connection to SQL Server. The server was not found or was not accessible. Verify that the instance name is correct and that SQL Server is configured to allow remote connections. (provider: Named Pipes Provider, error: 40 - Could not open a connection to SQL Server)	cls_condbmiddle.chk_connect_db()
2024-10-24 01:26:59:988	_Error	ไม่สามารถเชื่อมต่อ Server Middle	frmMain.CheckConnectMiddleAndSecuill
2024-10-24 01:27:01:932	Status	กำลังเชื่อมต่อใหม่อีกครั้ง Server Middle	frmMain.CheckConnectMiddleAndSecuill
2024-10-24 01:27:18:763	_Error	A network-related or instance-specific error occurred while establishing a connection to SQL Server. The server was not found or was not accessible. Verify that the instance name is correct and that SQL Server is configured to allow remote connections. (provider: Named Pipes Provider, error: 40 - Could not open a connection to SQL Server)	cls_condbsecuill.chk_connect_db
2024-10-24 01:27:20:681	_Error	ไม่สามารถเชื่อมต่อ Server secuill	frmMain.CheckConnectMiddleAndSecuill
2024-10-24 01:27:22:592	Status	กำลังเชื่อมต่อใหม่อีกครั้ง Server secuill	frmMain.CheckConnectMiddleAndSecuill
2024-10-24 01:27:45:607	ERROR	A network-related or instance-specific error occurred while establishing a connection to SQL Server. The server was not found or was not accessible. Verify that the instance name is correct and that SQL Server is configured to allow remote connections. (provider: Named Pipes Provider, error: 40 - Could not open a connection to SQL Server)	cls_condbmiddle.chk_connect_db()
2024-10-24 01:27:47:108	_Error	ไม่สามารถเชื่อมต่อ Server Middle	frmMain.CheckConnectMiddleAndSecuill
2024-10-24 01:27:49:570	Status	กำลังเชื่อมต่อใหม่อีกครั้ง Server Middle	frmMain.CheckConnectMiddleAndSecuill
2024-10-24 01:28:05:860	_Error	A network-related or instance-specific error occurred while establishing a connection to SQL Server. The server was not found or was not accessible. Verify that the instance name is correct and that SQL Server is configured to allow remote connections. (provider: Named Pipes Provider, error: 40 - Could not open a connection to SQL Server)	cls_condbsecuill.chk_connect_db
2024-10-24 01:28:07:775	_Error	ไม่สามารถเชื่อมต่อ Server secuill	frmMain.CheckConnectMiddleAndSecuill
2024-10-24 01:28:09:682	Status	กำลังเชื่อมต่อใหม่อีกครั้ง Server secuill	frmMain.CheckConnectMiddleAndSecuill
2024-10-24 01:28:33:108	ERROR	A network-related or instance-specific error occurred while establishing a connection to SQL Server. The server was not found or was not accessible. Verify that the instance name is correct and that SQL Server is configured to allow remote connections. (provider: Named Pipes Provider, error: 40 - Could not open a connection to SQL Server)	cls_condbmiddle.chk_connect_db()
2024-10-24 01:28:34:726	_Error	ไม่สามารถเชื่อมต่อ Server Middle	frmMain.CheckConnectMiddleAndSecuill
2024-10-24 01:28:36:654	Status	กำลังเชื่อมต่อใหม่อีกครั้ง Server Middle	frmMain.CheckConnectMiddleAndSecuill
2024-10-24 01:28:53:477	_Error	A network-related or instance-specific error occurred while establishing a connection to SQL Server. The server was not found or was not accessible. Verify that the instance name is correct and that SQL Server is configured to allow remote connections. (provider: Named Pipes Provider, error: 40 - Could not open a connection to SQL Server)	cls_condbsecuill.chk_connect_db
2024-10-24 01:28:55:386	_Error	ไม่สามารถเชื่อมต่อ Server secuill	frmMain.CheckConnectMiddleAndSecuill
2024-10-24 01:28:57:299	Status	กำลังเชื่อมต่อใหม่อีกครั้ง Server secuill	frmMain.CheckConnectMiddleAndSecuill
2024-10-24 01:29:20:577	ERROR	A network-related or instance-specific error occurred while establishing a connection to SQL Server. The server was not found or was not accessible. Verify that the instance name is correct and that SQL Server is configured to allow remote connections. (provider: Named Pipes Provider, error: 40 - Could not open a connection to SQL Server)	cls_condbmiddle.chk_connect_db()
2024-10-24 01:29:22:284	_Error	ไม่สามารถเชื่อมต่อ Server Middle	frmMain.CheckConnectMiddleAndSecuill
2024-10-24 01:29:24:230	Status	กำลังเชื่อมต่อใหม่อีกครั้ง Server Middle	frmMain.CheckConnectMiddleAndSecuill
2024-10-24 01:29:41:053	_Error	A network-related or instance-specific error occurred while establishing a connection to SQL Server. The server was not found or was not accessible. Verify that the instance name is correct and that SQL Server is configured to allow remote connections. (provider: Named Pipes Provider, error: 40 - Could not open a connection to SQL Server)	cls_condbsecuill.chk_connect_db
2024-10-24 01:29:42:965	_Error	ไม่สามารถเชื่อมต่อ Server secuill	frmMain.CheckConnectMiddleAndSecuill
2024-10-24 01:29:44:886	Status	กำลังเชื่อมต่อใหม่อีกครั้ง Server secuill	frmMain.CheckConnectMiddleAndSecuill
2024-10-24 01:30:08:045	ERROR	A network-related or instance-specific error occurred while establishing a connection to SQL Server. The server was not found or was not accessible. Verify that the instance name is correct and that SQL Server is configured to allow remote connections. (provider: Named Pipes Provider, error: 40 - Could not open a connection to SQL Server)	cls_condbmiddle.chk_connect_db()
2024-10-24 01:30:09:881	_Error	ไม่สามารถเชื่อมต่อ Server Middle	frmMain.CheckConnectMiddleAndSecuill
2024-10-24 01:30:11:828	Status	กำลังเชื่อมต่อใหม่อีกครั้ง Server Middle	frmMain.CheckConnectMiddleAndSecuill
2024-10-24 01:30:28:635	_Error	A network-related or instance-specific error occurred while establishing a connection to SQL Server. The server was not found or was not accessible. Verify that the instance name is correct and that SQL Server is configured to allow remote connections. (provider: Named Pipes Provider, error: 40 - Could not open a connection to SQL Server)	cls_condbsecuill.chk_connect_db
2024-10-24 01:30:30:548	_Error	ไม่สามารถเชื่อมต่อ Server secuill	frmMain.CheckConnectMiddleAndSecuill
2024-10-24 01:30:32:463	Status	กำลังเชื่อมต่อใหม่อีกครั้ง Server secuill	frmMain.CheckConnectMiddleAndSecuill
2024-10-24 01:30:45:500	ERROR	A network-related or instance-specific error occurred while establishing a connection to SQL Server. The server was not found or was not accessible. Verify that the instance name is correct and that SQL Server is configured to allow remote connections. (provider: SQL Network Interfaces, error: 26 - Error Locating Server/Instance Specified)	 (cls_condbserver.ExecuteNonQuery())
2024-10-24 01:30:55:525	ERROR	A network-related or instance-specific error occurred while establishing a connection to SQL Server. The server was not found or was not accessible. Verify that the instance name is correct and that SQL Server is configured to allow remote connections. (provider: Named Pipes Provider, error: 40 - Could not open a connection to SQL Server)	cls_condbmiddle.chk_connect_db()
2024-10-24 01:30:56:970	_Error	ไม่สามารถเชื่อมต่อ Server Middle	frmMain.CheckConnectMiddleAndSecuill
2024-10-24 01:30:59:437	Status	กำลังเชื่อมต่อใหม่อีกครั้ง Server Middle	frmMain.CheckConnectMiddleAndSecuill
2024-10-24 01:31:15:693	_Error	A network-related or instance-specific error occurred while establishing a connection to SQL Server. The server was not found or was not accessible. Verify that the instance name is correct and that SQL Server is configured to allow remote connections. (provider: Named Pipes Provider, error: 40 - Could not open a connection to SQL Server)	cls_condbsecuill.chk_connect_db
2024-10-24 01:31:17:606	_Error	ไม่สามารถเชื่อมต่อ Server secuill	frmMain.CheckConnectMiddleAndSecuill
2024-10-24 01:31:19:522	Status	กำลังเชื่อมต่อใหม่อีกครั้ง Server secuill	frmMain.CheckConnectMiddleAndSecuill
2024-10-24 01:31:42:989	ERROR	A network-related or instance-specific error occurred while establishing a connection to SQL Server. The server was not found or was not accessible. Verify that the instance name is correct and that SQL Server is configured to allow remote connections. (provider: Named Pipes Provider, error: 40 - Could not open a connection to SQL Server)	cls_condbmiddle.chk_connect_db()
2024-10-24 01:31:44:533	_Error	ไม่สามารถเชื่อมต่อ Server Middle	frmMain.CheckConnectMiddleAndSecuill
2024-10-24 01:31:46:479	Status	กำลังเชื่อมต่อใหม่อีกครั้ง Server Middle	frmMain.CheckConnectMiddleAndSecuill
2024-10-24 01:32:03:300	_Error	A network-related or instance-specific error occurred while establishing a connection to SQL Server. The server was not found or was not accessible. Verify that the instance name is correct and that SQL Server is configured to allow remote connections. (provider: Named Pipes Provider, error: 40 - Could not open a connection to SQL Server)	cls_condbsecuill.chk_connect_db
2024-10-24 01:32:05:215	_Error	ไม่สามารถเชื่อมต่อ Server secuill	frmMain.CheckConnectMiddleAndSecuill
2024-10-24 01:32:07:140	Status	กำลังเชื่อมต่อใหม่อีกครั้ง Server secuill	frmMain.CheckConnectMiddleAndSecuill
2024-10-24 01:32:30:436	ERROR	A network-related or instance-specific error occurred while establishing a connection to SQL Server. The server was not found or was not accessible. Verify that the instance name is correct and that SQL Server is configured to allow remote connections. (provider: Named Pipes Provider, error: 40 - Could not open a connection to SQL Server)	cls_condbmiddle.chk_connect_db()
2024-10-24 01:32:32:150	_Error	ไม่สามารถเชื่อมต่อ Server Middle	frmMain.CheckConnectMiddleAndSecuill
2024-10-24 01:32:34:098	Status	กำลังเชื่อมต่อใหม่อีกครั้ง Server Middle	frmMain.CheckConnectMiddleAndSecuill
2024-10-24 01:32:50:923	_Error	A network-related or instance-specific error occurred while establishing a connection to SQL Server. The server was not found or was not accessible. Verify that the instance name is correct and that SQL Server is configured to allow remote connections. (provider: Named Pipes Provider, error: 40 - Could not open a connection to SQL Server)	cls_condbsecuill.chk_connect_db
2024-10-24 01:32:52:833	_Error	ไม่สามารถเชื่อมต่อ Server secuill	frmMain.CheckConnectMiddleAndSecuill
2024-10-24 01:32:54:750	Status	กำลังเชื่อมต่อใหม่อีกครั้ง Server secuill	frmMain.CheckConnectMiddleAndSecuill
2024-10-24 01:33:17:905	ERROR	A network-related or instance-specific error occurred while establishing a connection to SQL Server. The server was not found or was not accessible. Verify that the instance name is correct and that SQL Server is configured to allow remote connections. (provider: Named Pipes Provider, error: 40 - Could not open a connection to SQL Server)	cls_condbmiddle.chk_connect_db()
2024-10-24 01:33:19:754	_Error	ไม่สามารถเชื่อมต่อ Server Middle	frmMain.CheckConnectMiddleAndSecuill
2024-10-24 01:33:21:700	Status	กำลังเชื่อมต่อใหม่อีกครั้ง Server Middle	frmMain.CheckConnectMiddleAndSecuill
2024-10-24 01:33:38:503	_Error	A network-related or instance-specific error occurred while establishing a connection to SQL Server. The server was not found or was not accessible. Verify that the instance name is correct and that SQL Server is configured to allow remote connections. (provider: Named Pipes Provider, error: 40 - Could not open a connection to SQL Server)	cls_condbsecuill.chk_connect_db
2024-10-24 01:33:40:414	_Error	ไม่สามารถเชื่อมต่อ Server secuill	frmMain.CheckConnectMiddleAndSecuill
2024-10-24 01:33:42:331	Status	กำลังเชื่อมต่อใหม่อีกครั้ง Server secuill	frmMain.CheckConnectMiddleAndSecuill
2024-10-24 01:34:05:358	ERROR	A network-related or instance-specific error occurred while establishing a connection to SQL Server. The server was not found or was not accessible. Verify that the instance name is correct and that SQL Server is configured to allow remote connections. (provider: Named Pipes Provider, error: 40 - Could not open a connection to SQL Server)	cls_condbmiddle.chk_connect_db()
2024-10-24 01:34:07:337	_Error	ไม่สามารถเชื่อมต่อ Server Middle	frmMain.CheckConnectMiddleAndSecuill
2024-10-24 01:34:09:285	Status	กำลังเชื่อมต่อใหม่อีกครั้ง Server Middle	frmMain.CheckConnectMiddleAndSecuill
2024-10-24 01:34:25:574	_Error	A network-related or instance-specific error occurred while establishing a connection to SQL Server. The server was not found or was not accessible. Verify that the instance name is correct and that SQL Server is configured to allow remote connections. (provider: Named Pipes Provider, error: 40 - Could not open a connection to SQL Server)	cls_condbsecuill.chk_connect_db
2024-10-24 01:34:27:496	_Error	ไม่สามารถเชื่อมต่อ Server secuill	frmMain.CheckConnectMiddleAndSecuill
2024-10-24 01:34:29:431	Status	กำลังเชื่อมต่อใหม่อีกครั้ง Server secuill	frmMain.CheckConnectMiddleAndSecuill
2024-10-24 01:34:52:805	ERROR	A network-related or instance-specific error occurred while establishing a connection to SQL Server. The server was not found or was not accessible. Verify that the instance name is correct and that SQL Server is configured to allow remote connections. (provider: Named Pipes Provider, error: 40 - Could not open a connection to SQL Server)	cls_condbmiddle.chk_connect_db()
2024-10-24 01:34:54:391	_Error	ไม่สามารถเชื่อมต่อ Server Middle	frmMain.CheckConnectMiddleAndSecuill
2024-10-24 01:34:56:340	Status	กำลังเชื่อมต่อใหม่อีกครั้ง Server Middle	frmMain.CheckConnectMiddleAndSecuill
2024-10-24 01:35:13:097	_Error	A network-related or instance-specific error occurred while establishing a connection to SQL Server. The server was not found or was not accessible. Verify that the instance name is correct and that SQL Server is configured to allow remote connections. (provider: Named Pipes Provider, error: 40 - Could not open a connection to SQL Server)	cls_condbsecuill.chk_connect_db
2024-10-24 01:35:15:001	_Error	ไม่สามารถเชื่อมต่อ Server secuill	frmMain.CheckConnectMiddleAndSecuill
2024-10-24 01:35:16:920	Status	กำลังเชื่อมต่อใหม่อีกครั้ง Server secuill	frmMain.CheckConnectMiddleAndSecuill
2024-10-24 01:35:30:245	ERROR	A network-related or instance-specific error occurred while establishing a connection to SQL Server. The server was not found or was not accessible. Verify that the instance name is correct and that SQL Server is configured to allow remote connections. (provider: SQL Network Interfaces, error: 26 - Error Locating Server/Instance Specified)	 (cls_condbserver.ExecuteNonQuery())
2024-10-24 01:35:40:274	ERROR	A network-related or instance-specific error occurred while establishing a connection to SQL Server. The server was not found or was not accessible. Verify that the instance name is correct and that SQL Server is configured to allow remote connections. (provider: Named Pipes Provider, error: 40 - Could not open a connection to SQL Server)	cls_condbmiddle.chk_connect_db()
2024-10-24 01:35:41:936	_Error	ไม่สามารถเชื่อมต่อ Server Middle	frmMain.CheckConnectMiddleAndSecuill
2024-10-24 01:35:43:870	Status	กำลังเชื่อมต่อใหม่อีกครั้ง Server Middle	frmMain.CheckConnectMiddleAndSecuill
2024-10-24 01:36:00:712	_Error	A network-related or instance-specific error occurred while establishing a connection to SQL Server. The server was not found or was not accessible. Verify that the instance name is correct and that SQL Server is configured to allow remote connections. (provider: Named Pipes Provider, error: 40 - Could not open a connection to SQL Server)	cls_condbsecuill.chk_connect_db
2024-10-24 01:36:02:633	_Error	ไม่สามารถเชื่อมต่อ Server secuill	frmMain.CheckConnectMiddleAndSecuill
2024-10-24 01:36:04:546	Status	กำลังเชื่อมต่อใหม่อีกครั้ง Server secuill	frmMain.CheckConnectMiddleAndSecuill
2024-10-24 01:36:27:758	ERROR	A network-related or instance-specific error occurred while establishing a connection to SQL Server. The server was not found or was not accessible. Verify that the instance name is correct and that SQL Server is configured to allow remote connections. (provider: Named Pipes Provider, error: 40 - Could not open a connection to SQL Server)	cls_condbmiddle.chk_connect_db()
2024-10-24 01:36:29:597	_Error	ไม่สามารถเชื่อมต่อ Server Middle	frmMain.CheckConnectMiddleAndSecuill
2024-10-24 01:36:31:540	Status	กำลังเชื่อมต่อใหม่อีกครั้ง Server Middle	frmMain.CheckConnectMiddleAndSecuill
2024-10-24 01:36:48:294	_Error	A network-related or instance-specific error occurred while establishing a connection to SQL Server. The server was not found or was not accessible. Verify that the instance name is correct and that SQL Server is configured to allow remote connections. (provider: Named Pipes Provider, error: 40 - Could not open a connection to SQL Server)	cls_condbsecuill.chk_connect_db
2024-10-24 01:36:50:220	_Error	ไม่สามารถเชื่อมต่อ Server secuill	frmMain.CheckConnectMiddleAndSecuill
2024-10-24 01:36:52:134	Status	กำลังเชื่อมต่อใหม่อีกครั้ง Server secuill	frmMain.CheckConnectMiddleAndSecuill
2024-10-24 01:37:15:191	ERROR	A network-related or instance-specific error occurred while establishing a connection to SQL Server. The server was not found or was not accessible. Verify that the instance name is correct and that SQL Server is configured to allow remote connections. (provider: Named Pipes Provider, error: 40 - Could not open a connection to SQL Server)	cls_condbmiddle.chk_connect_db()
2024-10-24 01:37:16:650	_Error	ไม่สามารถเชื่อมต่อ Server Middle	frmMain.CheckConnectMiddleAndSecuill
2024-10-24 01:37:19:114	Status	กำลังเชื่อมต่อใหม่อีกครั้ง Server Middle	frmMain.CheckConnectMiddleAndSecuill
2024-10-24 01:37:35:410	_Error	A network-related or instance-specific error occurred while establishing a connection to SQL Server. The server was not found or was not accessible. Verify that the instance name is correct and that SQL Server is configured to allow remote connections. (provider: Named Pipes Provider, error: 40 - Could not open a connection to SQL Server)	cls_condbsecuill.chk_connect_db
2024-10-24 01:37:37:325	_Error	ไม่สามารถเชื่อมต่อ Server secuill	frmMain.CheckConnectMiddleAndSecuill
2024-10-24 01:37:39:247	Status	กำลังเชื่อมต่อใหม่อีกครั้ง Server secuill	frmMain.CheckConnectMiddleAndSecuill
2024-10-24 01:38:02:650	ERROR	A network-related or instance-specific error occurred while establishing a connection to SQL Server. The server was not found or was not accessible. Verify that the instance name is correct and that SQL Server is configured to allow remote connections. (provider: Named Pipes Provider, error: 40 - Could not open a connection to SQL Server)	cls_condbmiddle.chk_connect_db()
2024-10-24 01:38:04:233	_Error	ไม่สามารถเชื่อมต่อ Server Middle	frmMain.CheckConnectMiddleAndSecuill
2024-10-24 01:38:06:178	Status	กำลังเชื่อมต่อใหม่อีกครั้ง Server Middle	frmMain.CheckConnectMiddleAndSecuill
2024-10-24 01:38:23:033	_Error	A network-related or instance-specific error occurred while establishing a connection to SQL Server. The server was not found or was not accessible. Verify that the instance name is correct and that SQL Server is configured to allow remote connections. (provider: Named Pipes Provider, error: 40 - Could not open a connection to SQL Server)	cls_condbsecuill.chk_connect_db
2024-10-24 01:38:24:952	_Error	ไม่สามารถเชื่อมต่อ Server secuill	frmMain.CheckConnectMiddleAndSecuill
2024-10-24 01:38:26:866	Status	กำลังเชื่อมต่อใหม่อีกครั้ง Server secuill	frmMain.CheckConnectMiddleAndSecuill
2024-10-24 01:38:50:154	ERROR	A network-related or instance-specific error occurred while establishing a connection to SQL Server. The server was not found or was not accessible. Verify that the instance name is correct and that SQL Server is configured to allow remote connections. (provider: Named Pipes Provider, error: 40 - Could not open a connection to SQL Server)	cls_condbmiddle.chk_connect_db()
2024-10-24 01:38:51:879	_Error	ไม่สามารถเชื่อมต่อ Server Middle	frmMain.CheckConnectMiddleAndSecuill
2024-10-24 01:38:53:825	Status	กำลังเชื่อมต่อใหม่อีกครั้ง Server Middle	frmMain.CheckConnectMiddleAndSecuill
2024-10-24 01:39:10:647	_Error	A network-related or instance-specific error occurred while establishing a connection to SQL Server. The server was not found or was not accessible. Verify that the instance name is correct and that SQL Server is configured to allow remote connections. (provider: Named Pipes Provider, error: 40 - Could not open a connection to SQL Server)	cls_condbsecuill.chk_connect_db
2024-10-24 01:39:12:557	_Error	ไม่สามารถเชื่อมต่อ Server secuill	frmMain.CheckConnectMiddleAndSecuill
2024-10-24 01:39:14:468	Status	กำลังเชื่อมต่อใหม่อีกครั้ง Server secuill	frmMain.CheckConnectMiddleAndSecuill
2024-10-24 01:39:37:572	ERROR	A network-related or instance-specific error occurred while establishing a connection to SQL Server. The server was not found or was not accessible. Verify that the instance name is correct and that SQL Server is configured to allow remote connections. (provider: Named Pipes Provider, error: 40 - Could not open a connection to SQL Server)	cls_condbmiddle.chk_connect_db()
2024-10-24 01:39:39:485	_Error	ไม่สามารถเชื่อมต่อ Server Middle	frmMain.CheckConnectMiddleAndSecuill
2024-10-24 01:39:41:432	Status	กำลังเชื่อมต่อใหม่อีกครั้ง Server Middle	frmMain.CheckConnectMiddleAndSecuill
2024-10-24 01:39:57:734	_Error	A network-related or instance-specific error occurred while establishing a connection to SQL Server. The server was not found or was not accessible. Verify that the instance name is correct and that SQL Server is configured to allow remote connections. (provider: Named Pipes Provider, error: 40 - Could not open a connection to SQL Server)	cls_condbsecuill.chk_connect_db
2024-10-24 01:39:59:651	_Error	ไม่สามารถเชื่อมต่อ Server secuill	frmMain.CheckConnectMiddleAndSecuill
2024-10-24 01:40:01:577	Status	กำลังเชื่อมต่อใหม่อีกครั้ง Server secuill	frmMain.CheckConnectMiddleAndSecuill
2024-10-24 01:40:03:489	_Error	A network-related or instance-specific error occurred while establishing a connection to SQL Server. The server was not found or was not accessible. Verify that the instance name is correct and that SQL Server is configured to allow remote connections. (provider: Named Pipes Provider, error: 40 - Could not open a connection to SQL Server)	cls_condbsecuill.chk_connect_db
2024-10-24 01:40:15:009	ERROR	A network-related or instance-specific error occurred while establishing a connection to SQL Server. The server was not found or was not accessible. Verify that the instance name is correct and that SQL Server is configured to allow remote connections. (provider: SQL Network Interfaces, error: 26 - Error Locating Server/Instance Specified)	 (cls_condbserver.ExecuteNonQuery())
2024-10-24 01:40:25:050	ERROR	A network-related or instance-specific error occurred while establishing a connection to SQL Server. The server was not found or was not accessible. Verify that the instance name is correct and that SQL Server is configured to allow remote connections. (provider: Named Pipes Provider, error: 40 - Could not open a connection to SQL Server)	cls_condbmiddle.chk_connect_db()
2024-10-24 01:40:26:961	_Error	ไม่สามารถเชื่อมต่อ Server Middle	frmMain.CheckConnectMiddleAndSecuill
2024-10-24 01:40:28:900	Status	กำลังเชื่อมต่อใหม่อีกครั้ง Server Middle	frmMain.CheckConnectMiddleAndSecuill
2024-10-24 01:40:45:705	_Error	A network-related or instance-specific error occurred while establishing a connection to SQL Server. The server was not found or was not accessible. Verify that the instance name is correct and that SQL Server is configured to allow remote connections. (provider: Named Pipes Provider, error: 40 - Could not open a connection to SQL Server)	cls_condbsecuill.chk_connect_db
2024-10-24 01:40:47:613	_Error	ไม่สามารถเชื่อมต่อ Server secuill	frmMain.CheckConnectMiddleAndSecuill
2024-10-24 01:40:49:545	Status	กำลังเชื่อมต่อใหม่อีกครั้ง Server secuill	frmMain.CheckConnectMiddleAndSecuill
2024-10-24 01:41:02:455	ERROR	A network-related or instance-specific error occurred while establishing a connection to SQL Server. The server was not found or was not accessible. Verify that the instance name is correct and that SQL Server is configured to allow remote connections. (provider: SQL Network Interfaces, error: 26 - Error Locating Server/Instance Specified)	 (cls_condbserver.ExecuteNonQuery())
2024-10-24 01:41:12:531	ERROR	A network-related or instance-specific error occurred while establishing a connection to SQL Server. The server was not found or was not accessible. Verify that the instance name is correct and that SQL Server is configured to allow remote connections. (provider: Named Pipes Provider, error: 40 - Could not open a connection to SQL Server)	cls_condbmiddle.chk_connect_db()
2024-10-24 01:41:13:989	_Error	ไม่สามารถเชื่อมต่อ Server Middle	frmMain.CheckConnectMiddleAndSecuill
2024-10-24 01:41:16:442	Status	กำลังเชื่อมต่อใหม่อีกครั้ง Server Middle	frmMain.CheckConnectMiddleAndSecuill
2024-10-24 01:41:32:742	_Error	A network-related or instance-specific error occurred while establishing a connection to SQL Server. The server was not found or was not accessible. Verify that the instance name is correct and that SQL Server is configured to allow remote connections. (provider: Named Pipes Provider, error: 40 - Could not open a connection to SQL Server)	cls_condbsecuill.chk_connect_db
2024-10-24 01:41:34:654	_Error	ไม่สามารถเชื่อมต่อ Server secuill	frmMain.CheckConnectMiddleAndSecuill
2024-10-24 01:41:36:568	Status	กำลังเชื่อมต่อใหม่อีกครั้ง Server secuill	frmMain.CheckConnectMiddleAndSecuill
2024-10-24 01:42:00:040	ERROR	A network-related or instance-specific error occurred while establishing a connection to SQL Server. The server was not found or was not accessible. Verify that the instance name is correct and that SQL Server is configured to allow remote connections. (provider: Named Pipes Provider, error: 40 - Could not open a connection to SQL Server)	cls_condbmiddle.chk_connect_db()
2024-10-24 01:42:01:632	_Error	ไม่สามารถเชื่อมต่อ Server Middle	frmMain.CheckConnectMiddleAndSecuill
2024-10-24 01:42:03:582	Status	กำลังเชื่อมต่อใหม่อีกครั้ง Server Middle	frmMain.CheckConnectMiddleAndSecuill
2024-10-24 01:42:20:405	_Error	A network-related or instance-specific error occurred while establishing a connection to SQL Server. The server was not found or was not accessible. Verify that the instance name is correct and that SQL Server is configured to allow remote connections. (provider: Named Pipes Provider, error: 40 - Could not open a connection to SQL Server)	cls_condbsecuill.chk_connect_db
2024-10-24 01:42:22:312	_Error	ไม่สามารถเชื่อมต่อ Server secuill	frmMain.CheckConnectMiddleAndSecuill
2024-10-24 01:42:24:232	Status	กำลังเชื่อมต่อใหม่อีกครั้ง Server secuill	frmMain.CheckConnectMiddleAndSecuill
2024-10-24 01:42:47:528	ERROR	A network-related or instance-specific error occurred while establishing a connection to SQL Server. The server was not found or was not accessible. Verify that the instance name is correct and that SQL Server is configured to allow remote connections. (provider: Named Pipes Provider, error: 40 - Could not open a connection to SQL Server)	cls_condbmiddle.chk_connect_db()
2024-10-24 01:42:49:226	_Error	ไม่สามารถเชื่อมต่อ Server Middle	frmMain.CheckConnectMiddleAndSecuill
2024-10-24 01:42:51:170	Status	กำลังเชื่อมต่อใหม่อีกครั้ง Server Middle	frmMain.CheckConnectMiddleAndSecuill
2024-10-24 01:43:07:963	_Error	A network-related or instance-specific error occurred while establishing a connection to SQL Server. The server was not found or was not accessible. Verify that the instance name is correct and that SQL Server is configured to allow remote connections. (provider: Named Pipes Provider, error: 40 - Could not open a connection to SQL Server)	cls_condbsecuill.chk_connect_db
2024-10-24 01:43:09:874	_Error	ไม่สามารถเชื่อมต่อ Server secuill	frmMain.CheckConnectMiddleAndSecuill
2024-10-24 01:43:11:784	Status	กำลังเชื่อมต่อใหม่อีกครั้ง Server secuill	frmMain.CheckConnectMiddleAndSecuill
2024-10-24 01:43:34:975	ERROR	A network-related or instance-specific error occurred while establishing a connection to SQL Server. The server was not found or was not accessible. Verify that the instance name is correct and that SQL Server is configured to allow remote connections. (provider: Named Pipes Provider, error: 40 - Could not open a connection to SQL Server)	cls_condbmiddle.chk_connect_db()
2024-10-24 01:43:36:795	_Error	ไม่สามารถเชื่อมต่อ Server Middle	frmMain.CheckConnectMiddleAndSecuill
2024-10-24 01:43:38:742	Status	กำลังเชื่อมต่อใหม่อีกครั้ง Server Middle	frmMain.CheckConnectMiddleAndSecuill
2024-10-24 01:43:55:554	_Error	A network-related or instance-specific error occurred while establishing a connection to SQL Server. The server was not found or was not accessible. Verify that the instance name is correct and that SQL Server is configured to allow remote connections. (provider: Named Pipes Provider, error: 40 - Could not open a connection to SQL Server)	cls_condbsecuill.chk_connect_db
2024-10-24 01:43:57:468	_Error	ไม่สามารถเชื่อมต่อ Server secuill	frmMain.CheckConnectMiddleAndSecuill
2024-10-24 01:43:59:383	Status	กำลังเชื่อมต่อใหม่อีกครั้ง Server secuill	frmMain.CheckConnectMiddleAndSecuill
2024-10-24 01:44:22:448	ERROR	A network-related or instance-specific error occurred while establishing a connection to SQL Server. The server was not found or was not accessible. Verify that the instance name is correct and that SQL Server is configured to allow remote connections. (provider: Named Pipes Provider, error: 40 - Could not open a connection to SQL Server)	cls_condbmiddle.chk_connect_db()
2024-10-24 01:44:24:341	_Error	ไม่สามารถเชื่อมต่อ Server Middle	frmMain.CheckConnectMiddleAndSecuill
2024-10-24 01:44:26:278	Status	กำลังเชื่อมต่อใหม่อีกครั้ง Server Middle	frmMain.CheckConnectMiddleAndSecuill
2024-10-24 01:44:43:076	_Error	A network-related or instance-specific error occurred while establishing a connection to SQL Server. The server was not found or was not accessible. Verify that the instance name is correct and that SQL Server is configured to allow remote connections. (provider: Named Pipes Provider, error: 40 - Could not open a connection to SQL Server)	cls_condbsecuill.chk_connect_db
2024-10-24 01:44:44:989	_Error	ไม่สามารถเชื่อมต่อ Server secuill	frmMain.CheckConnectMiddleAndSecuill
2024-10-24 01:44:46:905	Status	กำลังเชื่อมต่อใหม่อีกครั้ง Server secuill	frmMain.CheckConnectMiddleAndSecuill
2024-10-24 01:45:09:887	ERROR	A network-related or instance-specific error occurred while establishing a connection to SQL Server. The server was not found or was not accessible. Verify that the instance name is correct and that SQL Server is configured to allow remote connections. (provider: Named Pipes Provider, error: 40 - Could not open a connection to SQL Server)	cls_condbmiddle.chk_connect_db()
2024-10-24 01:45:11:426	_Error	ไม่สามารถเชื่อมต่อ Server Middle	frmMain.CheckConnectMiddleAndSecuill
2024-10-24 01:45:13:377	Status	กำลังเชื่อมต่อใหม่อีกครั้ง Server Middle	frmMain.CheckConnectMiddleAndSecuill
2024-10-24 01:45:30:184	_Error	A network-related or instance-specific error occurred while establishing a connection to SQL Server. The server was not found or was not accessible. Verify that the instance name is correct and that SQL Server is configured to allow remote connections. (provider: Named Pipes Provider, error: 40 - Could not open a connection to SQL Server)	cls_condbsecuill.chk_connect_db
2024-10-24 01:45:32:098	_Error	ไม่สามารถเชื่อมต่อ Server secuill	frmMain.CheckConnectMiddleAndSecuill
2024-10-24 01:45:34:015	Status	กำลังเชื่อมต่อใหม่อีกครั้ง Server secuill	frmMain.CheckConnectMiddleAndSecuill
2024-10-24 01:45:47:327	ERROR	A network-related or instance-specific error occurred while establishing a connection to SQL Server. The server was not found or was not accessible. Verify that the instance name is correct and that SQL Server is configured to allow remote connections. (provider: SQL Network Interfaces, error: 26 - Error Locating Server/Instance Specified)	 (cls_condbserver.ExecuteNonQuery())
2024-10-24 01:45:57:359	ERROR	A network-related or instance-specific error occurred while establishing a connection to SQL Server. The server was not found or was not accessible. Verify that the instance name is correct and that SQL Server is configured to allow remote connections. (provider: Named Pipes Provider, error: 40 - Could not open a connection to SQL Server)	cls_condbmiddle.chk_connect_db()
2024-10-24 01:45:59:018	_Error	ไม่สามารถเชื่อมต่อ Server Middle	frmMain.CheckConnectMiddleAndSecuill
2024-10-24 01:46:00:965	Status	กำลังเชื่อมต่อใหม่อีกครั้ง Server Middle	frmMain.CheckConnectMiddleAndSecuill
2024-10-24 01:46:17:779	_Error	A network-related or instance-specific error occurred while establishing a connection to SQL Server. The server was not found or was not accessible. Verify that the instance name is correct and that SQL Server is configured to allow remote connections. (provider: Named Pipes Provider, error: 40 - Could not open a connection to SQL Server)	cls_condbsecuill.chk_connect_db
2024-10-24 01:46:19:695	_Error	ไม่สามารถเชื่อมต่อ Server secuill	frmMain.CheckConnectMiddleAndSecuill
2024-10-24 01:46:21:609	Status	กำลังเชื่อมต่อใหม่อีกครั้ง Server secuill	frmMain.CheckConnectMiddleAndSecuill
2024-10-24 01:46:44:798	ERROR	A network-related or instance-specific error occurred while establishing a connection to SQL Server. The server was not found or was not accessible. Verify that the instance name is correct and that SQL Server is configured to allow remote connections. (provider: Named Pipes Provider, error: 40 - Could not open a connection to SQL Server)	cls_condbmiddle.chk_connect_db()
2024-10-24 01:46:46:571	_Error	ไม่สามารถเชื่อมต่อ Server Middle	frmMain.CheckConnectMiddleAndSecuill
2024-10-24 01:46:48:516	Status	กำลังเชื่อมต่อใหม่อีกครั้ง Server Middle	frmMain.CheckConnectMiddleAndSecuill
2024-10-24 01:47:05:333	_Error	A network-related or instance-specific error occurred while establishing a connection to SQL Server. The server was not found or was not accessible. Verify that the instance name is correct and that SQL Server is configured to allow remote connections. (provider: Named Pipes Provider, error: 40 - Could not open a connection to SQL Server)	cls_condbsecuill.chk_connect_db
2024-10-24 01:47:07:245	_Error	ไม่สามารถเชื่อมต่อ Server secuill	frmMain.CheckConnectMiddleAndSecuill
2024-10-24 01:47:09:161	Status	กำลังเชื่อมต่อใหม่อีกครั้ง Server secuill	frmMain.CheckConnectMiddleAndSecuill
2024-10-24 01:47:32:279	ERROR	A network-related or instance-specific error occurred while establishing a connection to SQL Server. The server was not found or was not accessible. Verify that the instance name is correct and that SQL Server is configured to allow remote connections. (provider: Named Pipes Provider, error: 40 - Could not open a connection to SQL Server)	cls_condbmiddle.chk_connect_db()
2024-10-24 01:47:34:203	_Error	ไม่สามารถเชื่อมต่อ Server Middle	frmMain.CheckConnectMiddleAndSecuill
2024-10-24 01:47:36:158	Status	กำลังเชื่อมต่อใหม่อีกครั้ง Server Middle	frmMain.CheckConnectMiddleAndSecuill
2024-10-24 01:47:52:914	_Error	A network-related or instance-specific error occurred while establishing a connection to SQL Server. The server was not found or was not accessible. Verify that the instance name is correct and that SQL Server is configured to allow remote connections. (provider: Named Pipes Provider, error: 40 - Could not open a connection to SQL Server)	cls_condbsecuill.chk_connect_db
2024-10-24 01:47:54:827	_Error	ไม่สามารถเชื่อมต่อ Server secuill	frmMain.CheckConnectMiddleAndSecuill
2024-10-24 01:47:56:748	Status	กำลังเชื่อมต่อใหม่อีกครั้ง Server secuill	frmMain.CheckConnectMiddleAndSecuill
2024-10-24 01:48:19:768	ERROR	A network-related or instance-specific error occurred while establishing a connection to SQL Server. The server was not found or was not accessible. Verify that the instance name is correct and that SQL Server is configured to allow remote connections. (provider: Named Pipes Provider, error: 40 - Could not open a connection to SQL Server)	cls_condbmiddle.chk_connect_db()
2024-10-24 01:48:21:278	_Error	ไม่สามารถเชื่อมต่อ Server Middle	frmMain.CheckConnectMiddleAndSecuill
2024-10-24 01:48:23:733	Status	กำลังเชื่อมต่อใหม่อีกครั้ง Server Middle	frmMain.CheckConnectMiddleAndSecuill
2024-10-24 01:48:40:042	_Error	A network-related or instance-specific error occurred while establishing a connection to SQL Server. The server was not found or was not accessible. Verify that the instance name is correct and that SQL Server is configured to allow remote connections. (provider: Named Pipes Provider, error: 40 - Could not open a connection to SQL Server)	cls_condbsecuill.chk_connect_db
2024-10-24 01:48:41:968	_Error	ไม่สามารถเชื่อมต่อ Server secuill	frmMain.CheckConnectMiddleAndSecuill
2024-10-24 01:48:43:878	Status	กำลังเชื่อมต่อใหม่อีกครั้ง Server secuill	frmMain.CheckConnectMiddleAndSecuill
2024-10-24 01:49:07:195	ERROR	A network-related or instance-specific error occurred while establishing a connection to SQL Server. The server was not found or was not accessible. Verify that the instance name is correct and that SQL Server is configured to allow remote connections. (provider: Named Pipes Provider, error: 40 - Could not open a connection to SQL Server)	cls_condbmiddle.chk_connect_db()
2024-10-24 01:49:08:876	_Error	ไม่สามารถเชื่อมต่อ Server Middle	frmMain.CheckConnectMiddleAndSecuill
2024-10-24 01:49:10:816	Status	กำลังเชื่อมต่อใหม่อีกครั้ง Server Middle	frmMain.CheckConnectMiddleAndSecuill
2024-10-24 01:49:27:645	_Error	A network-related or instance-specific error occurred while establishing a connection to SQL Server. The server was not found or was not accessible. Verify that the instance name is correct and that SQL Server is configured to allow remote connections. (provider: Named Pipes Provider, error: 40 - Could not open a connection to SQL Server)	cls_condbsecuill.chk_connect_db
2024-10-24 01:49:29:556	_Error	ไม่สามารถเชื่อมต่อ Server secuill	frmMain.CheckConnectMiddleAndSecuill
2024-10-24 01:49:31:468	Status	กำลังเชื่อมต่อใหม่อีกครั้ง Server secuill	frmMain.CheckConnectMiddleAndSecuill
2024-10-24 01:49:54:674	ERROR	A network-related or instance-specific error occurred while establishing a connection to SQL Server. The server was not found or was not accessible. Verify that the instance name is correct and that SQL Server is configured to allow remote connections. (provider: Named Pipes Provider, error: 40 - Could not open a connection to SQL Server)	cls_condbmiddle.chk_connect_db()
2024-10-24 01:49:56:435	_Error	ไม่สามารถเชื่อมต่อ Server Middle	frmMain.CheckConnectMiddleAndSecuill
2024-10-24 01:49:58:376	Status	กำลังเชื่อมต่อใหม่อีกครั้ง Server Middle	frmMain.CheckConnectMiddleAndSecuill
2024-10-24 01:50:15:183	_Error	A network-related or instance-specific error occurred while establishing a connection to SQL Server. The server was not found or was not accessible. Verify that the instance name is correct and that SQL Server is configured to allow remote connections. (provider: Named Pipes Provider, error: 40 - Could not open a connection to SQL Server)	cls_condbsecuill.chk_connect_db
2024-10-24 01:50:17:090	_Error	ไม่สามารถเชื่อมต่อ Server secuill	frmMain.CheckConnectMiddleAndSecuill
2024-10-24 01:50:19:007	Status	กำลังเชื่อมต่อใหม่อีกครั้ง Server secuill	frmMain.CheckConnectMiddleAndSecuill
2024-10-24 01:50:32:166	ERROR	A network-related or instance-specific error occurred while establishing a connection to SQL Server. The server was not found or was not accessible. Verify that the instance name is correct and that SQL Server is configured to allow remote connections. (provider: SQL Network Interfaces, error: 26 - Error Locating Server/Instance Specified)	 (cls_condbserver.ExecuteNonQuery())
2024-10-24 01:50:42:166	ERROR	A network-related or instance-specific error occurred while establishing a connection to SQL Server. The server was not found or was not accessible. Verify that the instance name is correct and that SQL Server is configured to allow remote connections. (provider: Named Pipes Provider, error: 40 - Could not open a connection to SQL Server)	cls_condbmiddle.chk_connect_db()
2024-10-24 01:50:44:026	_Error	ไม่สามารถเชื่อมต่อ Server Middle	frmMain.CheckConnectMiddleAndSecuill
2024-10-24 01:50:45:966	Status	กำลังเชื่อมต่อใหม่อีกครั้ง Server Middle	frmMain.CheckConnectMiddleAndSecuill
2024-10-24 01:51:02:744	_Error	A network-related or instance-specific error occurred while establishing a connection to SQL Server. The server was not found or was not accessible. Verify that the instance name is correct and that SQL Server is configured to allow remote connections. (provider: Named Pipes Provider, error: 40 - Could not open a connection to SQL Server)	cls_condbsecuill.chk_connect_db
2024-10-24 01:51:04:663	_Error	ไม่สามารถเชื่อมต่อ Server secuill	frmMain.CheckConnectMiddleAndSecuill
2024-10-24 01:51:06:577	Status	กำลังเชื่อมต่อใหม่อีกครั้ง Server secuill	frmMain.CheckConnectMiddleAndSecuill
2024-10-24 01:51:29:611	ERROR	A network-related or instance-specific error occurred while establishing a connection to SQL Server. The server was not found or was not accessible. Verify that the instance name is correct and that SQL Server is configured to allow remote connections. (provider: Named Pipes Provider, error: 40 - Could not open a connection to SQL Server)	cls_condbmiddle.chk_connect_db()
2024-10-24 01:51:31:566	_Error	ไม่สามารถเชื่อมต่อ Server Middle	frmMain.CheckConnectMiddleAndSecuill
2024-10-24 01:51:33:512	Status	กำลังเชื่อมต่อใหม่อีกครั้ง Server Middle	frmMain.CheckConnectMiddleAndSecuill
2024-10-24 01:51:49:800	_Error	A network-related or instance-specific error occurred while establishing a connection to SQL Server. The server was not found or was not accessible. Verify that the instance name is correct and that SQL Server is configured to allow remote connections. (provider: Named Pipes Provider, error: 40 - Could not open a connection to SQL Server)	cls_condbsecuill.chk_connect_db
2024-10-24 01:51:51:715	_Error	ไม่สามารถเชื่อมต่อ Server secuill	frmMain.CheckConnectMiddleAndSecuill
2024-10-24 01:51:53:632	Status	กำลังเชื่อมต่อใหม่อีกครั้ง Server secuill	frmMain.CheckConnectMiddleAndSecuill
2024-10-24 01:52:17:088	ERROR	A network-related or instance-specific error occurred while establishing a connection to SQL Server. The server was not found or was not accessible. Verify that the instance name is correct and that SQL Server is configured to allow remote connections. (provider: Named Pipes Provider, error: 40 - Could not open a connection to SQL Server)	cls_condbmiddle.chk_connect_db()
2024-10-24 01:52:18:642	_Error	ไม่สามารถเชื่อมต่อ Server Middle	frmMain.CheckConnectMiddleAndSecuill
2024-10-24 01:52:20:584	Status	กำลังเชื่อมต่อใหม่อีกครั้ง Server Middle	frmMain.CheckConnectMiddleAndSecuill
2024-10-24 01:52:37:413	_Error	A network-related or instance-specific error occurred while establishing a connection to SQL Server. The server was not found or was not accessible. Verify that the instance name is correct and that SQL Server is configured to allow remote connections. (provider: Named Pipes Provider, error: 40 - Could not open a connection to SQL Server)	cls_condbsecuill.chk_connect_db
2024-10-24 01:52:39:324	_Error	ไม่สามารถเชื่อมต่อ Server secuill	frmMain.CheckConnectMiddleAndSecuill
2024-10-24 01:52:41:239	Status	กำลังเชื่อมต่อใหม่อีกครั้ง Server secuill	frmMain.CheckConnectMiddleAndSecuill
2024-10-24 01:53:04:559	ERROR	A network-related or instance-specific error occurred while establishing a connection to SQL Server. The server was not found or was not accessible. Verify that the instance name is correct and that SQL Server is configured to allow remote connections. (provider: Named Pipes Provider, error: 40 - Could not open a connection to SQL Server)	cls_condbmiddle.chk_connect_db()
2024-10-24 01:53:06:274	_Error	ไม่สามารถเชื่อมต่อ Server Middle	frmMain.CheckConnectMiddleAndSecuill
2024-10-24 01:53:08:220	Status	กำลังเชื่อมต่อใหม่อีกครั้ง Server Middle	frmMain.CheckConnectMiddleAndSecuill
2024-10-24 01:53:25:004	_Error	A network-related or instance-specific error occurred while establishing a connection to SQL Server. The server was not found or was not accessible. Verify that the instance name is correct and that SQL Server is configured to allow remote connections. (provider: Named Pipes Provider, error: 40 - Could not open a connection to SQL Server)	cls_condbsecuill.chk_connect_db
2024-10-24 01:53:26:916	_Error	ไม่สามารถเชื่อมต่อ Server secuill	frmMain.CheckConnectMiddleAndSecuill
2024-10-24 01:53:28:836	Status	กำลังเชื่อมต่อใหม่อีกครั้ง Server secuill	frmMain.CheckConnectMiddleAndSecuill
2024-10-24 01:53:52:039	ERROR	A network-related or instance-specific error occurred while establishing a connection to SQL Server. The server was not found or was not accessible. Verify that the instance name is correct and that SQL Server is configured to allow remote connections. (provider: Named Pipes Provider, error: 40 - Could not open a connection to SQL Server)	cls_condbmiddle.chk_connect_db()
2024-10-24 01:53:53:811	_Error	ไม่สามารถเชื่อมต่อ Server Middle	frmMain.CheckConnectMiddleAndSecuill
2024-10-24 01:53:55:774	Status	กำลังเชื่อมต่อใหม่อีกครั้ง Server Middle	frmMain.CheckConnectMiddleAndSecuill
2024-10-24 01:54:12:597	_Error	A network-related or instance-specific error occurred while establishing a connection to SQL Server. The server was not found or was not accessible. Verify that the instance name is correct and that SQL Server is configured to allow remote connections. (provider: Named Pipes Provider, error: 40 - Could not open a connection to SQL Server)	cls_condbsecuill.chk_connect_db
2024-10-24 01:54:14:516	_Error	ไม่สามารถเชื่อมต่อ Server secuill	frmMain.CheckConnectMiddleAndSecuill
2024-10-24 01:54:16:435	Status	กำลังเชื่อมต่อใหม่อีกครั้ง Server secuill	frmMain.CheckConnectMiddleAndSecuill
2024-10-24 01:54:39:504	ERROR	A network-related or instance-specific error occurred while establishing a connection to SQL Server. The server was not found or was not accessible. Verify that the instance name is correct and that SQL Server is configured to allow remote connections. (provider: Named Pipes Provider, error: 40 - Could not open a connection to SQL Server)	cls_condbmiddle.chk_connect_db()
2024-10-24 01:54:41:446	_Error	ไม่สามารถเชื่อมต่อ Server Middle	frmMain.CheckConnectMiddleAndSecuill
2024-10-24 01:54:43:394	Status	กำลังเชื่อมต่อใหม่อีกครั้ง Server Middle	frmMain.CheckConnectMiddleAndSecuill
2024-10-24 01:54:59:686	_Error	A network-related or instance-specific error occurred while establishing a connection to SQL Server. The server was not found or was not accessible. Verify that the instance name is correct and that SQL Server is configured to allow remote connections. (provider: Named Pipes Provider, error: 40 - Could not open a connection to SQL Server)	cls_condbsecuill.chk_connect_db
2024-10-24 01:55:01:603	_Error	ไม่สามารถเชื่อมต่อ Server secuill	frmMain.CheckConnectMiddleAndSecuill
2024-10-24 01:55:03:517	Status	กำลังเชื่อมต่อใหม่อีกครั้ง Server secuill	frmMain.CheckConnectMiddleAndSecuill
2024-10-24 01:55:16:910	ERROR	A network-related or instance-specific error occurred while establishing a connection to SQL Server. The server was not found or was not accessible. Verify that the instance name is correct and that SQL Server is configured to allow remote connections. (provider: SQL Network Interfaces, error: 26 - Error Locating Server/Instance Specified)	 (cls_condbserver.ExecuteNonQuery())
2024-10-24 01:55:26:936	ERROR	A network-related or instance-specific error occurred while establishing a connection to SQL Server. The server was not found or was not accessible. Verify that the instance name is correct and that SQL Server is configured to allow remote connections. (provider: Named Pipes Provider, error: 40 - Could not open a connection to SQL Server)	cls_condbmiddle.chk_connect_db()
2024-10-24 01:55:28:532	_Error	ไม่สามารถเชื่อมต่อ Server Middle	frmMain.CheckConnectMiddleAndSecuill
2024-10-24 01:55:30:482	Status	กำลังเชื่อมต่อใหม่อีกครั้ง Server Middle	frmMain.CheckConnectMiddleAndSecuill
2024-10-24 01:55:47:262	_Error	A network-related or instance-specific error occurred while establishing a connection to SQL Server. The server was not found or was not accessible. Verify that the instance name is correct and that SQL Server is configured to allow remote connections. (provider: Named Pipes Provider, error: 40 - Could not open a connection to SQL Server)	cls_condbsecuill.chk_connect_db
2024-10-24 01:55:49:178	_Error	ไม่สามารถเชื่อมต่อ Server secuill	frmMain.CheckConnectMiddleAndSecuill
2024-10-24 01:55:51:114	Status	กำลังเชื่อมต่อใหม่อีกครั้ง Server secuill	frmMain.CheckConnectMiddleAndSecuill
2024-10-24 01:56:14:386	ERROR	A network-related or instance-specific error occurred while establishing a connection to SQL Server. The server was not found or was not accessible. Verify that the instance name is correct and that SQL Server is configured to allow remote connections. (provider: Named Pipes Provider, error: 40 - Could not open a connection to SQL Server)	cls_condbmiddle.chk_connect_db()
2024-10-24 01:56:16:177	_Error	ไม่สามารถเชื่อมต่อ Server Middle	frmMain.CheckConnectMiddleAndSecuill
2024-10-24 01:56:18:118	Status	กำลังเชื่อมต่อใหม่อีกครั้ง Server Middle	frmMain.CheckConnectMiddleAndSecuill
2024-10-24 01:56:34:912	_Error	A network-related or instance-specific error occurred while establishing a connection to SQL Server. The server was not found or was not accessible. Verify that the instance name is correct and that SQL Server is configured to allow remote connections. (provider: Named Pipes Provider, error: 40 - Could not open a connection to SQL Server)	cls_condbsecuill.chk_connect_db
2024-10-24 01:56:36:826	_Error	ไม่สามารถเชื่อมต่อ Server secuill	frmMain.CheckConnectMiddleAndSecuill
2024-10-24 01:56:38:741	Status	กำลังเชื่อมต่อใหม่อีกครั้ง Server secuill	frmMain.CheckConnectMiddleAndSecuill
2024-10-24 01:57:01:828	ERROR	A network-related or instance-specific error occurred while establishing a connection to SQL Server. The server was not found or was not accessible. Verify that the instance name is correct and that SQL Server is configured to allow remote connections. (provider: Named Pipes Provider, error: 40 - Could not open a connection to SQL Server)	cls_condbmiddle.chk_connect_db()
2024-10-24 01:57:03:275	_Error	ไม่สามารถเชื่อมต่อ Server Middle	frmMain.CheckConnectMiddleAndSecuill
2024-10-24 01:57:05:735	Status	กำลังเชื่อมต่อใหม่อีกครั้ง Server Middle	frmMain.CheckConnectMiddleAndSecuill
2024-10-24 01:57:22:045	_Error	A network-related or instance-specific error occurred while establishing a connection to SQL Server. The server was not found or was not accessible. Verify that the instance name is correct and that SQL Server is configured to allow remote connections. (provider: Named Pipes Provider, error: 40 - Could not open a connection to SQL Server)	cls_condbsecuill.chk_connect_db
2024-10-24 01:57:23:961	_Error	ไม่สามารถเชื่อมต่อ Server secuill	frmMain.CheckConnectMiddleAndSecuill
2024-10-24 01:57:25:877	Status	กำลังเชื่อมต่อใหม่อีกครั้ง Server secuill	frmMain.CheckConnectMiddleAndSecuill
2024-10-24 01:57:49:282	ERROR	A network-related or instance-specific error occurred while establishing a connection to SQL Server. The server was not found or was not accessible. Verify that the instance name is correct and that SQL Server is configured to allow remote connections. (provider: Named Pipes Provider, error: 40 - Could not open a connection to SQL Server)	cls_condbmiddle.chk_connect_db()
2024-10-24 01:57:50:869	_Error	ไม่สามารถเชื่อมต่อ Server Middle	frmMain.CheckConnectMiddleAndSecuill
2024-10-24 01:57:52:816	Status	กำลังเชื่อมต่อใหม่อีกครั้ง Server Middle	frmMain.CheckConnectMiddleAndSecuill
2024-10-24 01:58:09:633	_Error	A network-related or instance-specific error occurred while establishing a connection to SQL Server. The server was not found or was not accessible. Verify that the instance name is correct and that SQL Server is configured to allow remote connections. (provider: Named Pipes Provider, error: 40 - Could not open a connection to SQL Server)	cls_condbsecuill.chk_connect_db
2024-10-24 01:58:11:551	_Error	ไม่สามารถเชื่อมต่อ Server secuill	frmMain.CheckConnectMiddleAndSecuill
2024-10-24 01:58:13:460	Status	กำลังเชื่อมต่อใหม่อีกครั้ง Server secuill	frmMain.CheckConnectMiddleAndSecuill
2024-10-24 01:58:36:763	ERROR	A network-related or instance-specific error occurred while establishing a connection to SQL Server. The server was not found or was not accessible. Verify that the instance name is correct and that SQL Server is configured to allow remote connections. (provider: Named Pipes Provider, error: 40 - Could not open a connection to SQL Server)	cls_condbmiddle.chk_connect_db()
2024-10-24 01:58:38:463	_Error	ไม่สามารถเชื่อมต่อ Server Middle	frmMain.CheckConnectMiddleAndSecuill
2024-10-24 01:58:40:402	Status	กำลังเชื่อมต่อใหม่อีกครั้ง Server Middle	frmMain.CheckConnectMiddleAndSecuill
2024-10-24 01:58:57:202	_Error	A network-related or instance-specific error occurred while establishing a connection to SQL Server. The server was not found or was not accessible. Verify that the instance name is correct and that SQL Server is configured to allow remote connections. (provider: Named Pipes Provider, error: 40 - Could not open a connection to SQL Server)	cls_condbsecuill.chk_connect_db
2024-10-24 01:58:59:120	_Error	ไม่สามารถเชื่อมต่อ Server secuill	frmMain.CheckConnectMiddleAndSecuill
2024-10-24 01:59:01:037	Status	กำลังเชื่อมต่อใหม่อีกครั้ง Server secuill	frmMain.CheckConnectMiddleAndSecuill
2024-10-24 01:59:24:244	ERROR	A network-related or instance-specific error occurred while establishing a connection to SQL Server. The server was not found or was not accessible. Verify that the instance name is correct and that SQL Server is configured to allow remote connections. (provider: Named Pipes Provider, error: 40 - Could not open a connection to SQL Server)	cls_condbmiddle.chk_connect_db()
2024-10-24 01:59:26:046	_Error	ไม่สามารถเชื่อมต่อ Server Middle	frmMain.CheckConnectMiddleAndSecuill
2024-10-24 01:59:27:997	Status	กำลังเชื่อมต่อใหม่อีกครั้ง Server Middle	frmMain.CheckConnectMiddleAndSecuill
2024-10-24 01:59:44:810	_Error	A network-related or instance-specific error occurred while establishing a connection to SQL Server. The server was not found or was not accessible. Verify that the instance name is correct and that SQL Server is configured to allow remote connections. (provider: Named Pipes Provider, error: 40 - Could not open a connection to SQL Server)	cls_condbsecuill.chk_connect_db
2024-10-24 01:59:46:729	_Error	ไม่สามารถเชื่อมต่อ Server secuill	frmMain.CheckConnectMiddleAndSecuill
2024-10-24 01:59:48:664	Status	กำลังเชื่อมต่อใหม่อีกครั้ง Server secuill	frmMain.CheckConnectMiddleAndSecuill
2024-10-24 02:00:01:710	ERROR	A network-related or instance-specific error occurred while establishing a connection to SQL Server. The server was not found or was not accessible. Verify that the instance name is correct and that SQL Server is configured to allow remote connections. (provider: SQL Network Interfaces, error: 26 - Error Locating Server/Instance Specified)	 (cls_condbserver.ExecuteNonQuery())
2024-10-24 02:00:11:696	ERROR	A network-related or instance-specific error occurred while establishing a connection to SQL Server. The server was not found or was not accessible. Verify that the instance name is correct and that SQL Server is configured to allow remote connections. (provider: Named Pipes Provider, error: 40 - Could not open a connection to SQL Server)	cls_condbmiddle.chk_connect_db()
2024-10-24 02:00:13:171	_Error	ไม่สามารถเชื่อมต่อ Server Middle	frmMain.CheckConnectMiddleAndSecuill
2024-10-24 02:00:15:626	Status	กำลังเชื่อมต่อใหม่อีกครั้ง Server Middle	frmMain.CheckConnectMiddleAndSecuill
2024-10-24 02:00:31:905	_Error	A network-related or instance-specific error occurred while establishing a connection to SQL Server. The server was not found or was not accessible. Verify that the instance name is correct and that SQL Server is configured to allow remote connections. (provider: Named Pipes Provider, error: 40 - Could not open a connection to SQL Server)	cls_condbsecuill.chk_connect_db
2024-10-24 02:00:33:818	_Error	ไม่สามารถเชื่อมต่อ Server secuill	frmMain.CheckConnectMiddleAndSecuill
2024-10-24 02:00:35:729	Status	กำลังเชื่อมต่อใหม่อีกครั้ง Server secuill	frmMain.CheckConnectMiddleAndSecuill
2024-10-24 02:00:59:162	ERROR	A network-related or instance-specific error occurred while establishing a connection to SQL Server. The server was not found or was not accessible. Verify that the instance name is correct and that SQL Server is configured to allow remote connections. (provider: Named Pipes Provider, error: 40 - Could not open a connection to SQL Server)	cls_condbmiddle.chk_connect_db()
2024-10-24 02:01:00:718	_Error	ไม่สามารถเชื่อมต่อ Server Middle	frmMain.CheckConnectMiddleAndSecuill
2024-10-24 02:01:02:664	Status	กำลังเชื่อมต่อใหม่อีกครั้ง Server Middle	frmMain.CheckConnectMiddleAndSecuill
2024-10-24 02:01:19:445	_Error	A network-related or instance-specific error occurred while establishing a connection to SQL Server. The server was not found or was not accessible. Verify that the instance name is correct and that SQL Server is configured to allow remote connections. (provider: Named Pipes Provider, error: 40 - Could not open a connection to SQL Server)	cls_condbsecuill.chk_connect_db
2024-10-24 02:01:21:356	_Error	ไม่สามารถเชื่อมต่อ Server secuill	frmMain.CheckConnectMiddleAndSecuill
2024-10-24 02:01:23:258	Status	กำลังเชื่อมต่อใหม่อีกครั้ง Server secuill	frmMain.CheckConnectMiddleAndSecuill
2024-10-24 02:01:46:637	ERROR	A network-related or instance-specific error occurred while establishing a connection to SQL Server. The server was not found or was not accessible. Verify that the instance name is correct and that SQL Server is configured to allow remote connections. (provider: Named Pipes Provider, error: 40 - Could not open a connection to SQL Server)	cls_condbmiddle.chk_connect_db()
2024-10-24 02:01:48:255	_Error	ไม่สามารถเชื่อมต่อ Server Middle	frmMain.CheckConnectMiddleAndSecuill
2024-10-24 02:01:50:200	Status	กำลังเชื่อมต่อใหม่อีกครั้ง Server Middle	frmMain.CheckConnectMiddleAndSecuill
2024-10-24 02:02:07:021	_Error	A network-related or instance-specific error occurred while establishing a connection to SQL Server. The server was not found or was not accessible. Verify that the instance name is correct and that SQL Server is configured to allow remote connections. (provider: Named Pipes Provider, error: 40 - Could not open a connection to SQL Server)	cls_condbsecuill.chk_connect_db
2024-10-24 02:02:08:936	_Error	ไม่สามารถเชื่อมต่อ Server secuill	frmMain.CheckConnectMiddleAndSecuill
2024-10-24 02:02:10:853	Status	กำลังเชื่อมต่อใหม่อีกครั้ง Server secuill	frmMain.CheckConnectMiddleAndSecuill
2024-10-24 02:02:34:131	ERROR	A network-related or instance-specific error occurred while establishing a connection to SQL Server. The server was not found or was not accessible. Verify that the instance name is correct and that SQL Server is configured to allow remote connections. (provider: Named Pipes Provider, error: 40 - Could not open a connection to SQL Server)	cls_condbmiddle.chk_connect_db()
2024-10-24 02:02:35:781	_Error	ไม่สามารถเชื่อมต่อ Server Middle	frmMain.CheckConnectMiddleAndSecuill
2024-10-24 02:02:37:730	Status	กำลังเชื่อมต่อใหม่อีกครั้ง Server Middle	frmMain.CheckConnectMiddleAndSecuill
2024-10-24 02:02:54:536	_Error	A network-related or instance-specific error occurred while establishing a connection to SQL Server. The server was not found or was not accessible. Verify that the instance name is correct and that SQL Server is configured to allow remote connections. (provider: Named Pipes Provider, error: 40 - Could not open a connection to SQL Server)	cls_condbsecuill.chk_connect_db
2024-10-24 02:02:56:450	_Error	ไม่สามารถเชื่อมต่อ Server secuill	frmMain.CheckConnectMiddleAndSecuill
2024-10-24 02:02:58:372	Status	กำลังเชื่อมต่อใหม่อีกครั้ง Server secuill	frmMain.CheckConnectMiddleAndSecuill
2024-10-24 02:03:21:570	ERROR	A network-related or instance-specific error occurred while establishing a connection to SQL Server. The server was not found or was not accessible. Verify that the instance name is correct and that SQL Server is configured to allow remote connections. (provider: Named Pipes Provider, error: 40 - Could not open a connection to SQL Server)	cls_condbmiddle.chk_connect_db()
2024-10-24 02:03:23:325	_Error	ไม่สามารถเชื่อมต่อ Server Middle	frmMain.CheckConnectMiddleAndSecuill
2024-10-24 02:03:25:268	Status	กำลังเชื่อมต่อใหม่อีกครั้ง Server Middle	frmMain.CheckConnectMiddleAndSecuill
2024-10-24 02:03:42:071	_Error	A network-related or instance-specific error occurred while establishing a connection to SQL Server. The server was not found or was not accessible. Verify that the instance name is correct and that SQL Server is configured to allow remote connections. (provider: Named Pipes Provider, error: 40 - Could not open a connection to SQL Server)	cls_condbsecuill.chk_connect_db
2024-10-24 02:03:43:988	_Error	ไม่สามารถเชื่อมต่อ Server secuill	frmMain.CheckConnectMiddleAndSecuill
2024-10-24 02:03:45:907	Status	กำลังเชื่อมต่อใหม่อีกครั้ง Server secuill	frmMain.CheckConnectMiddleAndSecuill
2024-10-24 02:04:09:008	ERROR	A network-related or instance-specific error occurred while establishing a connection to SQL Server. The server was not found or was not accessible. Verify that the instance name is correct and that SQL Server is configured to allow remote connections. (provider: Named Pipes Provider, error: 40 - Could not open a connection to SQL Server)	cls_condbmiddle.chk_connect_db()
2024-10-24 02:04:10:938	_Error	ไม่สามารถเชื่อมต่อ Server Middle	frmMain.CheckConnectMiddleAndSecuill
2024-10-24 02:04:12:880	Status	กำลังเชื่อมต่อใหม่อีกครั้ง Server Middle	frmMain.CheckConnectMiddleAndSecuill
2024-10-24 02:04:29:170	_Error	A network-related or instance-specific error occurred while establishing a connection to SQL Server. The server was not found or was not accessible. Verify that the instance name is correct and that SQL Server is configured to allow remote connections. (provider: Named Pipes Provider, error: 40 - Could not open a connection to SQL Server)	cls_condbsecuill.chk_connect_db
2024-10-24 02:04:31:088	_Error	ไม่สามารถเชื่อมต่อ Server secuill	frmMain.CheckConnectMiddleAndSecuill
2024-10-24 02:04:32:999	Status	กำลังเชื่อมต่อใหม่อีกครั้ง Server secuill	frmMain.CheckConnectMiddleAndSecuill
2024-10-24 02:04:46:454	ERROR	A network-related or instance-specific error occurred while establishing a connection to SQL Server. The server was not found or was not accessible. Verify that the instance name is correct and that SQL Server is configured to allow remote connections. (provider: SQL Network Interfaces, error: 26 - Error Locating Server/Instance Specified)	 (cls_condbserver.ExecuteNonQuery())
2024-10-24 02:04:56:469	ERROR	A network-related or instance-specific error occurred while establishing a connection to SQL Server. The server was not found or was not accessible. Verify that the instance name is correct and that SQL Server is configured to allow remote connections. (provider: Named Pipes Provider, error: 40 - Could not open a connection to SQL Server)	cls_condbmiddle.chk_connect_db()
2024-10-24 02:04:58:023	_Error	ไม่สามารถเชื่อมต่อ Server Middle	frmMain.CheckConnectMiddleAndSecuill
2024-10-24 02:04:59:966	Status	กำลังเชื่อมต่อใหม่อีกครั้ง Server Middle	frmMain.CheckConnectMiddleAndSecuill
2024-10-24 02:05:16:769	_Error	A network-related or instance-specific error occurred while establishing a connection to SQL Server. The server was not found or was not accessible. Verify that the instance name is correct and that SQL Server is configured to allow remote connections. (provider: Named Pipes Provider, error: 40 - Could not open a connection to SQL Server)	cls_condbsecuill.chk_connect_db
2024-10-24 02:05:18:693	_Error	ไม่สามารถเชื่อมต่อ Server secuill	frmMain.CheckConnectMiddleAndSecuill
2024-10-24 02:05:20:610	Status	กำลังเชื่อมต่อใหม่อีกครั้ง Server secuill	frmMain.CheckConnectMiddleAndSecuill
2024-10-24 02:05:43:939	ERROR	A network-related or instance-specific error occurred while establishing a connection to SQL Server. The server was not found or was not accessible. Verify that the instance name is correct and that SQL Server is configured to allow remote connections. (provider: Named Pipes Provider, error: 40 - Could not open a connection to SQL Server)	cls_condbmiddle.chk_connect_db()
2024-10-24 02:05:45:586	_Error	ไม่สามารถเชื่อมต่อ Server Middle	frmMain.CheckConnectMiddleAndSecuill
2024-10-24 02:05:47:533	Status	กำลังเชื่อมต่อใหม่อีกครั้ง Server Middle	frmMain.CheckConnectMiddleAndSecuill
2024-10-24 02:06:04:338	_Error	A network-related or instance-specific error occurred while establishing a connection to SQL Server. The server was not found or was not accessible. Verify that the instance name is correct and that SQL Server is configured to allow remote connections. (provider: Named Pipes Provider, error: 40 - Could not open a connection to SQL Server)	cls_condbsecuill.chk_connect_db
2024-10-24 02:06:06:248	_Error	ไม่สามารถเชื่อมต่อ Server secuill	frmMain.CheckConnectMiddleAndSecuill
2024-10-24 02:06:08:161	Status	กำลังเชื่อมต่อใหม่อีกครั้ง Server secuill	frmMain.CheckConnectMiddleAndSecuill
2024-10-24 02:06:31:407	ERROR	A network-related or instance-specific error occurred while establishing a connection to SQL Server. The server was not found or was not accessible. Verify that the instance name is correct and that SQL Server is configured to allow remote connections. (provider: Named Pipes Provider, error: 40 - Could not open a connection to SQL Server)	cls_condbmiddle.chk_connect_db()
2024-10-24 02:06:33:186	_Error	ไม่สามารถเชื่อมต่อ Server Middle	frmMain.CheckConnectMiddleAndSecuill
2024-10-24 02:06:35:132	Status	กำลังเชื่อมต่อใหม่อีกครั้ง Server Middle	frmMain.CheckConnectMiddleAndSecuill
2024-10-24 02:06:51:942	_Error	A network-related or instance-specific error occurred while establishing a connection to SQL Server. The server was not found or was not accessible. Verify that the instance name is correct and that SQL Server is configured to allow remote connections. (provider: Named Pipes Provider, error: 40 - Could not open a connection to SQL Server)	cls_condbsecuill.chk_connect_db
2024-10-24 02:06:53:852	_Error	ไม่สามารถเชื่อมต่อ Server secuill	frmMain.CheckConnectMiddleAndSecuill
2024-10-24 02:06:55:763	Status	กำลังเชื่อมต่อใหม่อีกครั้ง Server secuill	frmMain.CheckConnectMiddleAndSecuill
2024-10-24 02:07:18:878	ERROR	A network-related or instance-specific error occurred while establishing a connection to SQL Server. The server was not found or was not accessible. Verify that the instance name is correct and that SQL Server is configured to allow remote connections. (provider: Named Pipes Provider, error: 40 - Could not open a connection to SQL Server)	cls_condbmiddle.chk_connect_db()
2024-10-24 02:07:20:758	_Error	ไม่สามารถเชื่อมต่อ Server Middle	frmMain.CheckConnectMiddleAndSecuill
2024-10-24 02:07:22:710	Status	กำลังเชื่อมต่อใหม่อีกครั้ง Server Middle	frmMain.CheckConnectMiddleAndSecuill
2024-10-24 02:07:39:503	_Error	A network-related or instance-specific error occurred while establishing a connection to SQL Server. The server was not found or was not accessible. Verify that the instance name is correct and that SQL Server is configured to allow remote connections. (provider: Named Pipes Provider, error: 40 - Could not open a connection to SQL Server)	cls_condbsecuill.chk_connect_db
2024-10-24 02:07:41:420	_Error	ไม่สามารถเชื่อมต่อ Server secuill	frmMain.CheckConnectMiddleAndSecuill
2024-10-24 02:07:43:323	Status	กำลังเชื่อมต่อใหม่อีกครั้ง Server secuill	frmMain.CheckConnectMiddleAndSecuill
2024-10-24 02:08:06:390	ERROR	A network-related or instance-specific error occurred while establishing a connection to SQL Server. The server was not found or was not accessible. Verify that the instance name is correct and that SQL Server is configured to allow remote connections. (provider: Named Pipes Provider, error: 40 - Could not open a connection to SQL Server)	cls_condbmiddle.chk_connect_db()
2024-10-24 02:08:08:319	_Error	ไม่สามารถเชื่อมต่อ Server Middle	frmMain.CheckConnectMiddleAndSecuill
2024-10-24 02:08:10:263	Status	กำลังเชื่อมต่อใหม่อีกครั้ง Server Middle	frmMain.CheckConnectMiddleAndSecuill
2024-10-24 02:08:27:073	_Error	A network-related or instance-specific error occurred while establishing a connection to SQL Server. The server was not found or was not accessible. Verify that the instance name is correct and that SQL Server is configured to allow remote connections. (provider: Named Pipes Provider, error: 40 - Could not open a connection to SQL Server)	cls_condbsecuill.chk_connect_db
2024-10-24 02:08:28:984	_Error	ไม่สามารถเชื่อมต่อ Server secuill	frmMain.CheckConnectMiddleAndSecuill
2024-10-24 02:08:30:904	Status	กำลังเชื่อมต่อใหม่อีกครั้ง Server secuill	frmMain.CheckConnectMiddleAndSecuill
2024-10-24 02:08:53:876	ERROR	A network-related or instance-specific error occurred while establishing a connection to SQL Server. The server was not found or was not accessible. Verify that the instance name is correct and that SQL Server is configured to allow remote connections. (provider: Named Pipes Provider, error: 40 - Could not open a connection to SQL Server)	cls_condbmiddle.chk_connect_db()
2024-10-24 02:08:55:382	_Error	ไม่สามารถเชื่อมต่อ Server Middle	frmMain.CheckConnectMiddleAndSecuill
2024-10-24 02:08:57:842	Status	กำลังเชื่อมต่อใหม่อีกครั้ง Server Middle	frmMain.CheckConnectMiddleAndSecuill
2024-10-24 02:09:14:160	_Error	A network-related or instance-specific error occurred while establishing a connection to SQL Server. The server was not found or was not accessible. Verify that the instance name is correct and that SQL Server is configured to allow remote connections. (provider: Named Pipes Provider, error: 40 - Could not open a connection to SQL Server)	cls_condbsecuill.chk_connect_db
2024-10-24 02:09:16:070	_Error	ไม่สามารถเชื่อมต่อ Server secuill	frmMain.CheckConnectMiddleAndSecuill
2024-10-24 02:09:17:984	Status	กำลังเชื่อมต่อใหม่อีกครั้ง Server secuill	frmMain.CheckConnectMiddleAndSecuill
2024-10-24 02:09:31:337	ERROR	A network-related or instance-specific error occurred while establishing a connection to SQL Server. The server was not found or was not accessible. Verify that the instance name is correct and that SQL Server is configured to allow remote connections. (provider: SQL Network Interfaces, error: 26 - Error Locating Server/Instance Specified)	 (cls_condbserver.ExecuteNonQuery())
2024-10-24 02:09:41:320	ERROR	A network-related or instance-specific error occurred while establishing a connection to SQL Server. The server was not found or was not accessible. Verify that the instance name is correct and that SQL Server is configured to allow remote connections. (provider: Named Pipes Provider, error: 40 - Could not open a connection to SQL Server)	cls_condbmiddle.chk_connect_db()
2024-10-24 02:09:42:967	_Error	ไม่สามารถเชื่อมต่อ Server Middle	frmMain.CheckConnectMiddleAndSecuill
2024-10-24 02:09:44:905	Status	กำลังเชื่อมต่อใหม่อีกครั้ง Server Middle	frmMain.CheckConnectMiddleAndSecuill
2024-10-24 02:10:01:654	_Error	A network-related or instance-specific error occurred while establishing a connection to SQL Server. The server was not found or was not accessible. Verify that the instance name is correct and that SQL Server is configured to allow remote connections. (provider: Named Pipes Provider, error: 40 - Could not open a connection to SQL Server)	cls_condbsecuill.chk_connect_db
2024-10-24 02:10:03:567	_Error	ไม่สามารถเชื่อมต่อ Server secuill	frmMain.CheckConnectMiddleAndSecuill
2024-10-24 02:10:05:484	Status	กำลังเชื่อมต่อใหม่อีกครั้ง Server secuill	frmMain.CheckConnectMiddleAndSecuill
2024-10-24 02:10:28:779	ERROR	A network-related or instance-specific error occurred while establishing a connection to SQL Server. The server was not found or was not accessible. Verify that the instance name is correct and that SQL Server is configured to allow remote connections. (provider: Named Pipes Provider, error: 40 - Could not open a connection to SQL Server)	cls_condbmiddle.chk_connect_db()
2024-10-24 02:10:30:518	_Error	ไม่สามารถเชื่อมต่อ Server Middle	frmMain.CheckConnectMiddleAndSecuill
2024-10-24 02:10:32:459	Status	กำลังเชื่อมต่อใหม่อีกครั้ง Server Middle	frmMain.CheckConnectMiddleAndSecuill
2024-10-24 02:10:49:243	_Error	A network-related or instance-specific error occurred while establishing a connection to SQL Server. The server was not found or was not accessible. Verify that the instance name is correct and that SQL Server is configured to allow remote connections. (provider: Named Pipes Provider, error: 40 - Could not open a connection to SQL Server)	cls_condbsecuill.chk_connect_db
2024-10-24 02:10:51:163	_Error	ไม่สามารถเชื่อมต่อ Server secuill	frmMain.CheckConnectMiddleAndSecuill
2024-10-24 02:10:53:088	Status	กำลังเชื่อมต่อใหม่อีกครั้ง Server secuill	frmMain.CheckConnectMiddleAndSecuill
2024-10-24 02:11:16:250	ERROR	A network-related or instance-specific error occurred while establishing a connection to SQL Server. The server was not found or was not accessible. Verify that the instance name is correct and that SQL Server is configured to allow remote connections. (provider: Named Pipes Provider, error: 40 - Could not open a connection to SQL Server)	cls_condbmiddle.chk_connect_db()
2024-10-24 02:11:18:093	_Error	ไม่สามารถเชื่อมต่อ Server Middle	frmMain.CheckConnectMiddleAndSecuill
2024-10-24 02:11:20:039	Status	กำลังเชื่อมต่อใหม่อีกครั้ง Server Middle	frmMain.CheckConnectMiddleAndSecuill
2024-10-24 02:11:36:791	_Error	A network-related or instance-specific error occurred while establishing a connection to SQL Server. The server was not found or was not accessible. Verify that the instance name is correct and that SQL Server is configured to allow remote connections. (provider: Named Pipes Provider, error: 40 - Could not open a connection to SQL Server)	cls_condbsecuill.chk_connect_db
2024-10-24 02:11:38:706	_Error	ไม่สามารถเชื่อมต่อ Server secuill	frmMain.CheckConnectMiddleAndSecuill
2024-10-24 02:11:40:617	Status	กำลังเชื่อมต่อใหม่อีกครั้ง Server secuill	frmMain.CheckConnectMiddleAndSecuill
2024-10-24 02:12:03:717	ERROR	A network-related or instance-specific error occurred while establishing a connection to SQL Server. The server was not found or was not accessible. Verify that the instance name is correct and that SQL Server is configured to allow remote connections. (provider: Named Pipes Provider, error: 40 - Could not open a connection to SQL Server)	cls_condbmiddle.chk_connect_db()
2024-10-24 02:12:05:552	_Error	ไม่สามารถเชื่อมต่อ Server Middle	frmMain.CheckConnectMiddleAndSecuill
2024-10-24 02:12:07:498	Status	กำลังเชื่อมต่อใหม่อีกครั้ง Server Middle	frmMain.CheckConnectMiddleAndSecuill
2024-10-24 02:12:24:290	_Error	A network-related or instance-specific error occurred while establishing a connection to SQL Server. The server was not found or was not accessible. Verify that the instance name is correct and that SQL Server is configured to allow remote connections. (provider: Named Pipes Provider, error: 40 - Could not open a connection to SQL Server)	cls_condbsecuill.chk_connect_db
2024-10-24 02:12:26:210	_Error	ไม่สามารถเชื่อมต่อ Server secuill	frmMain.CheckConnectMiddleAndSecuill
2024-10-24 02:12:28:122	Status	กำลังเชื่อมต่อใหม่อีกครั้ง Server secuill	frmMain.CheckConnectMiddleAndSecuill
2024-10-24 02:12:51:159	ERROR	A network-related or instance-specific error occurred while establishing a connection to SQL Server. The server was not found or was not accessible. Verify that the instance name is correct and that SQL Server is configured to allow remote connections. (provider: Named Pipes Provider, error: 40 - Could not open a connection to SQL Server)	cls_condbmiddle.chk_connect_db()
2024-10-24 02:12:52:618	_Error	ไม่สามารถเชื่อมต่อ Server Middle	frmMain.CheckConnectMiddleAndSecuill
2024-10-24 02:12:55:069	Status	กำลังเชื่อมต่อใหม่อีกครั้ง Server Middle	frmMain.CheckConnectMiddleAndSecuill
2024-10-24 02:13:11:367	_Error	A network-related or instance-specific error occurred while establishing a connection to SQL Server. The server was not found or was not accessible. Verify that the instance name is correct and that SQL Server is configured to allow remote connections. (provider: Named Pipes Provider, error: 40 - Could not open a connection to SQL Server)	cls_condbsecuill.chk_connect_db
2024-10-24 02:13:13:277	_Error	ไม่สามารถเชื่อมต่อ Server secuill	frmMain.CheckConnectMiddleAndSecuill
2024-10-24 02:13:15:195	Status	กำลังเชื่อมต่อใหม่อีกครั้ง Server secuill	frmMain.CheckConnectMiddleAndSecuill
2024-10-24 02:13:38:638	ERROR	A network-related or instance-specific error occurred while establishing a connection to SQL Server. The server was not found or was not accessible. Verify that the instance name is correct and that SQL Server is configured to allow remote connections. (provider: Named Pipes Provider, error: 40 - Could not open a connection to SQL Server)	cls_condbmiddle.chk_connect_db()
2024-10-24 02:13:40:224	_Error	ไม่สามารถเชื่อมต่อ Server Middle	frmMain.CheckConnectMiddleAndSecuill
2024-10-24 02:13:42:176	Status	กำลังเชื่อมต่อใหม่อีกครั้ง Server Middle	frmMain.CheckConnectMiddleAndSecuill
2024-10-24 02:13:58:985	_Error	A network-related or instance-specific error occurred while establishing a connection to SQL Server. The server was not found or was not accessible. Verify that the instance name is correct and that SQL Server is configured to allow remote connections. (provider: Named Pipes Provider, error: 40 - Could not open a connection to SQL Server)	cls_condbsecuill.chk_connect_db
2024-10-24 02:14:00:905	_Error	ไม่สามารถเชื่อมต่อ Server secuill	frmMain.CheckConnectMiddleAndSecuill
2024-10-24 02:14:02:828	Status	กำลังเชื่อมต่อใหม่อีกครั้ง Server secuill	frmMain.CheckConnectMiddleAndSecuill
2024-10-24 02:14:16:105	ERROR	A network-related or instance-specific error occurred while establishing a connection to SQL Server. The server was not found or was not accessible. Verify that the instance name is correct and that SQL Server is configured to allow remote connections. (provider: SQL Network Interfaces, error: 26 - Error Locating Server/Instance Specified)	 (cls_condbserver.ExecuteNonQuery())
2024-10-24 02:14:26:117	ERROR	A network-related or instance-specific error occurred while establishing a connection to SQL Server. The server was not found or was not accessible. Verify that the instance name is correct and that SQL Server is configured to allow remote connections. (provider: Named Pipes Provider, error: 40 - Could not open a connection to SQL Server)	cls_condbmiddle.chk_connect_db()
2024-10-24 02:14:27:813	_Error	ไม่สามารถเชื่อมต่อ Server Middle	frmMain.CheckConnectMiddleAndSecuill
2024-10-24 02:14:29:759	Status	กำลังเชื่อมต่อใหม่อีกครั้ง Server Middle	frmMain.CheckConnectMiddleAndSecuill
2024-10-24 02:14:46:598	_Error	A network-related or instance-specific error occurred while establishing a connection to SQL Server. The server was not found or was not accessible. Verify that the instance name is correct and that SQL Server is configured to allow remote connections. (provider: Named Pipes Provider, error: 40 - Could not open a connection to SQL Server)	cls_condbsecuill.chk_connect_db
2024-10-24 02:14:48:510	_Error	ไม่สามารถเชื่อมต่อ Server secuill	frmMain.CheckConnectMiddleAndSecuill
2024-10-24 02:14:50:425	Status	กำลังเชื่อมต่อใหม่อีกครั้ง Server secuill	frmMain.CheckConnectMiddleAndSecuill
2024-10-24 02:15:13:565	ERROR	A network-related or instance-specific error occurred while establishing a connection to SQL Server. The server was not found or was not accessible. Verify that the instance name is correct and that SQL Server is configured to allow remote connections. (provider: Named Pipes Provider, error: 40 - Could not open a connection to SQL Server)	cls_condbmiddle.chk_connect_db()
2024-10-24 02:15:15:414	_Error	ไม่สามารถเชื่อมต่อ Server Middle	frmMain.CheckConnectMiddleAndSecuill
2024-10-24 02:15:17:353	Status	กำลังเชื่อมต่อใหม่อีกครั้ง Server Middle	frmMain.CheckConnectMiddleAndSecuill
2024-10-24 02:15:34:172	_Error	A network-related or instance-specific error occurred while establishing a connection to SQL Server. The server was not found or was not accessible. Verify that the instance name is correct and that SQL Server is configured to allow remote connections. (provider: Named Pipes Provider, error: 40 - Could not open a connection to SQL Server)	cls_condbsecuill.chk_connect_db
2024-10-24 02:15:36:089	_Error	ไม่สามารถเชื่อมต่อ Server secuill	frmMain.CheckConnectMiddleAndSecuill
2024-10-24 02:15:38:000	Status	กำลังเชื่อมต่อใหม่อีกครั้ง Server secuill	frmMain.CheckConnectMiddleAndSecuill
2024-10-24 02:16:01:075	ERROR	A network-related or instance-specific error occurred while establishing a connection to SQL Server. The server was not found or was not accessible. Verify that the instance name is correct and that SQL Server is configured to allow remote connections. (provider: Named Pipes Provider, error: 40 - Could not open a connection to SQL Server)	cls_condbmiddle.chk_connect_db()
2024-10-24 02:16:02:997	_Error	ไม่สามารถเชื่อมต่อ Server Middle	frmMain.CheckConnectMiddleAndSecuill
2024-10-24 02:16:04:951	Status	กำลังเชื่อมต่อใหม่อีกครั้ง Server Middle	frmMain.CheckConnectMiddleAndSecuill
2024-10-24 02:16:21:251	_Error	A network-related or instance-specific error occurred while establishing a connection to SQL Server. The server was not found or was not accessible. Verify that the instance name is correct and that SQL Server is configured to allow remote connections. (provider: Named Pipes Provider, error: 40 - Could not open a connection to SQL Server)	cls_condbsecuill.chk_connect_db
2024-10-24 02:16:23:171	_Error	ไม่สามารถเชื่อมต่อ Server secuill	frmMain.CheckConnectMiddleAndSecuill
2024-10-24 02:16:25:076	Status	กำลังเชื่อมต่อใหม่อีกครั้ง Server secuill	frmMain.CheckConnectMiddleAndSecuill
2024-10-24 02:16:48:558	ERROR	A network-related or instance-specific error occurred while establishing a connection to SQL Server. The server was not found or was not accessible. Verify that the instance name is correct and that SQL Server is configured to allow remote connections. (provider: Named Pipes Provider, error: 40 - Could not open a connection to SQL Server)	cls_condbmiddle.chk_connect_db()
2024-10-24 02:16:50:133	_Error	ไม่สามารถเชื่อมต่อ Server Middle	frmMain.CheckConnectMiddleAndSecuill
2024-10-24 02:16:52:078	Status	กำลังเชื่อมต่อใหม่อีกครั้ง Server Middle	frmMain.CheckConnectMiddleAndSecuill
2024-10-24 02:17:08:879	_Error	A network-related or instance-specific error occurred while establishing a connection to SQL Server. The server was not found or was not accessible. Verify that the instance name is correct and that SQL Server is configured to allow remote connections. (provider: Named Pipes Provider, error: 40 - Could not open a connection to SQL Server)	cls_condbsecuill.chk_connect_db
2024-10-24 02:17:10:791	_Error	ไม่สามารถเชื่อมต่อ Server secuill	frmMain.CheckConnectMiddleAndSecuill
2024-10-24 02:17:12:707	Status	กำลังเชื่อมต่อใหม่อีกครั้ง Server secuill	frmMain.CheckConnectMiddleAndSecuill
2024-10-24 02:17:36:032	ERROR	A network-related or instance-specific error occurred while establishing a connection to SQL Server. The server was not found or was not accessible. Verify that the instance name is correct and that SQL Server is configured to allow remote connections. (provider: Named Pipes Provider, error: 40 - Could not open a connection to SQL Server)	cls_condbmiddle.chk_connect_db()
2024-10-24 02:17:37:698	_Error	ไม่สามารถเชื่อมต่อ Server Middle	frmMain.CheckConnectMiddleAndSecuill
2024-10-24 02:17:39:658	Status	กำลังเชื่อมต่อใหม่อีกครั้ง Server Middle	frmMain.CheckConnectMiddleAndSecuill
2024-10-24 02:17:56:461	_Error	A network-related or instance-specific error occurred while establishing a connection to SQL Server. The server was not found or was not accessible. Verify that the instance name is correct and that SQL Server is configured to allow remote connections. (provider: Named Pipes Provider, error: 40 - Could not open a connection to SQL Server)	cls_condbsecuill.chk_connect_db
2024-10-24 02:17:58:370	_Error	ไม่สามารถเชื่อมต่อ Server secuill	frmMain.CheckConnectMiddleAndSecuill
2024-10-24 02:18:00:287	Status	กำลังเชื่อมต่อใหม่อีกครั้ง Server secuill	frmMain.CheckConnectMiddleAndSecuill
2024-10-24 02:18:23:527	ERROR	A network-related or instance-specific error occurred while establishing a connection to SQL Server. The server was not found or was not accessible. Verify that the instance name is correct and that SQL Server is configured to allow remote connections. (provider: Named Pipes Provider, error: 40 - Could not open a connection to SQL Server)	cls_condbmiddle.chk_connect_db()
2024-10-24 02:18:25:315	_Error	ไม่สามารถเชื่อมต่อ Server Middle	frmMain.CheckConnectMiddleAndSecuill
2024-10-24 02:18:27:266	Status	กำลังเชื่อมต่อใหม่อีกครั้ง Server Middle	frmMain.CheckConnectMiddleAndSecuill
2024-10-24 02:18:44:065	_Error	A network-related or instance-specific error occurred while establishing a connection to SQL Server. The server was not found or was not accessible. Verify that the instance name is correct and that SQL Server is configured to allow remote connections. (provider: Named Pipes Provider, error: 40 - Could not open a connection to SQL Server)	cls_condbsecuill.chk_connect_db
2024-10-24 02:18:45:979	_Error	ไม่สามารถเชื่อมต่อ Server secuill	frmMain.CheckConnectMiddleAndSecuill
2024-10-24 02:18:47:897	Status	กำลังเชื่อมต่อใหม่อีกครั้ง Server secuill	frmMain.CheckConnectMiddleAndSecuill
2024-10-24 02:19:00:989	ERROR	A network-related or instance-specific error occurred while establishing a connection to SQL Server. The server was not found or was not accessible. Verify that the instance name is correct and that SQL Server is configured to allow remote connections. (provider: SQL Network Interfaces, error: 26 - Error Locating Server/Instance Specified)	 (cls_condbserver.ExecuteNonQuery())
2024-10-24 02:19:10:980	ERROR	A network-related or instance-specific error occurred while establishing a connection to SQL Server. The server was not found or was not accessible. Verify that the instance name is correct and that SQL Server is configured to allow remote connections. (provider: Named Pipes Provider, error: 40 - Could not open a connection to SQL Server)	cls_condbmiddle.chk_connect_db()
2024-10-24 02:19:12:909	_Error	ไม่สามารถเชื่อมต่อ Server Middle	frmMain.CheckConnectMiddleAndSecuill
2024-10-24 02:19:14:852	Status	กำลังเชื่อมต่อใหม่อีกครั้ง Server Middle	frmMain.CheckConnectMiddleAndSecuill
2024-10-24 02:19:31:124	_Error	A network-related or instance-specific error occurred while establishing a connection to SQL Server. The server was not found or was not accessible. Verify that the instance name is correct and that SQL Server is configured to allow remote connections. (provider: Named Pipes Provider, error: 40 - Could not open a connection to SQL Server)	cls_condbsecuill.chk_connect_db
2024-10-24 02:19:33:051	_Error	ไม่สามารถเชื่อมต่อ Server secuill	frmMain.CheckConnectMiddleAndSecuill
2024-10-24 02:19:34:971	Status	กำลังเชื่อมต่อใหม่อีกครั้ง Server secuill	frmMain.CheckConnectMiddleAndSecuill
2024-10-24 02:19:58:411	ERROR	A network-related or instance-specific error occurred while establishing a connection to SQL Server. The server was not found or was not accessible. Verify that the instance name is correct and that SQL Server is configured to allow remote connections. (provider: Named Pipes Provider, error: 40 - Could not open a connection to SQL Server)	cls_condbmiddle.chk_connect_db()
2024-10-24 02:19:59:970	_Error	ไม่สามารถเชื่อมต่อ Server Middle	frmMain.CheckConnectMiddleAndSecuill
2024-10-24 02:20:01:917	Status	กำลังเชื่อมต่อใหม่อีกครั้ง Server Middle	frmMain.CheckConnectMiddleAndSecuill
2024-10-24 02:20:18:706	_Error	A network-related or instance-specific error occurred while establishing a connection to SQL Server. The server was not found or was not accessible. Verify that the instance name is correct and that SQL Server is configured to allow remote connections. (provider: Named Pipes Provider, error: 40 - Could not open a connection to SQL Server)	cls_condbsecuill.chk_connect_db
2024-10-24 02:20:20:621	_Error	ไม่สามารถเชื่อมต่อ Server secuill	frmMain.CheckConnectMiddleAndSecuill
2024-10-24 02:20:22:540	Status	กำลังเชื่อมต่อใหม่อีกครั้ง Server secuill	frmMain.CheckConnectMiddleAndSecuill
2024-10-24 02:20:45:842	ERROR	A network-related or instance-specific error occurred while establishing a connection to SQL Server. The server was not found or was not accessible. Verify that the instance name is correct and that SQL Server is configured to allow remote connections. (provider: Named Pipes Provider, error: 40 - Could not open a connection to SQL Server)	cls_condbmiddle.chk_connect_db()
2024-10-24 02:20:47:555	_Error	ไม่สามารถเชื่อมต่อ Server Middle	frmMain.CheckConnectMiddleAndSecuill
2024-10-24 02:20:49:503	Status	กำลังเชื่อมต่อใหม่อีกครั้ง Server Middle	frmMain.CheckConnectMiddleAndSecuill
2024-10-24 02:21:06:298	_Error	A network-related or instance-specific error occurred while establishing a connection to SQL Server. The server was not found or was not accessible. Verify that the instance name is correct and that SQL Server is configured to allow remote connections. (provider: Named Pipes Provider, error: 40 - Could not open a connection to SQL Server)	cls_condbsecuill.chk_connect_db
2024-10-24 02:21:08:215	_Error	ไม่สามารถเชื่อมต่อ Server secuill	frmMain.CheckConnectMiddleAndSecuill
2024-10-24 02:21:10:132	Status	กำลังเชื่อมต่อใหม่อีกครั้ง Server secuill	frmMain.CheckConnectMiddleAndSecuill
2024-10-24 02:21:33:300	ERROR	A network-related or instance-specific error occurred while establishing a connection to SQL Server. The server was not found or was not accessible. Verify that the instance name is correct and that SQL Server is configured to allow remote connections. (provider: Named Pipes Provider, error: 40 - Could not open a connection to SQL Server)	cls_condbmiddle.chk_connect_db()
2024-10-24 02:21:35:124	_Error	ไม่สามารถเชื่อมต่อ Server Middle	frmMain.CheckConnectMiddleAndSecuill
2024-10-24 02:21:37:075	Status	กำลังเชื่อมต่อใหม่อีกครั้ง Server Middle	frmMain.CheckConnectMiddleAndSecuill
2024-10-24 02:21:53:854	_Error	A network-related or instance-specific error occurred while establishing a connection to SQL Server. The server was not found or was not accessible. Verify that the instance name is correct and that SQL Server is configured to allow remote connections. (provider: Named Pipes Provider, error: 40 - Could not open a connection to SQL Server)	cls_condbsecuill.chk_connect_db
2024-10-24 02:21:55:768	_Error	ไม่สามารถเชื่อมต่อ Server secuill	frmMain.CheckConnectMiddleAndSecuill
2024-10-24 02:21:57:679	Status	กำลังเชื่อมต่อใหม่อีกครั้ง Server secuill	frmMain.CheckConnectMiddleAndSecuill
2024-10-24 02:22:20:761	ERROR	A network-related or instance-specific error occurred while establishing a connection to SQL Server. The server was not found or was not accessible. Verify that the instance name is correct and that SQL Server is configured to allow remote connections. (provider: Named Pipes Provider, error: 40 - Could not open a connection to SQL Server)	cls_condbmiddle.chk_connect_db()
2024-10-24 02:22:22:693	_Error	ไม่สามารถเชื่อมต่อ Server Middle	frmMain.CheckConnectMiddleAndSecuill
2024-10-24 02:22:24:642	Status	กำลังเชื่อมต่อใหม่อีกครั้ง Server Middle	frmMain.CheckConnectMiddleAndSecuill
2024-10-24 02:22:41:414	_Error	A network-related or instance-specific error occurred while establishing a connection to SQL Server. The server was not found or was not accessible. Verify that the instance name is correct and that SQL Server is configured to allow remote connections. (provider: Named Pipes Provider, error: 40 - Could not open a connection to SQL Server)	cls_condbsecuill.chk_connect_db
2024-10-24 02:22:43:330	_Error	ไม่สามารถเชื่อมต่อ Server secuill	frmMain.CheckConnectMiddleAndSecuill
2024-10-24 02:22:45:252	Status	กำลังเชื่อมต่อใหม่อีกครั้ง Server secuill	frmMain.CheckConnectMiddleAndSecuill
2024-10-24 02:23:08:235	ERROR	A network-related or instance-specific error occurred while establishing a connection to SQL Server. The server was not found or was not accessible. Verify that the instance name is correct and that SQL Server is configured to allow remote connections. (provider: Named Pipes Provider, error: 40 - Could not open a connection to SQL Server)	cls_condbmiddle.chk_connect_db()
2024-10-24 02:23:09:795	_Error	ไม่สามารถเชื่อมต่อ Server Middle	frmMain.CheckConnectMiddleAndSecuill
2024-10-24 02:23:11:741	Status	กำลังเชื่อมต่อใหม่อีกครั้ง Server Middle	frmMain.CheckConnectMiddleAndSecuill
2024-10-24 02:23:28:589	_Error	A network-related or instance-specific error occurred while establishing a connection to SQL Server. The server was not found or was not accessible. Verify that the instance name is correct and that SQL Server is configured to allow remote connections. (provider: Named Pipes Provider, error: 40 - Could not open a connection to SQL Server)	cls_condbsecuill.chk_connect_db
2024-10-24 02:23:30:494	_Error	ไม่สามารถเชื่อมต่อ Server secuill	frmMain.CheckConnectMiddleAndSecuill
2024-10-24 02:23:32:409	Status	กำลังเชื่อมต่อใหม่อีกครั้ง Server secuill	frmMain.CheckConnectMiddleAndSecuill
2024-10-24 02:23:45:720	ERROR	A network-related or instance-specific error occurred while establishing a connection to SQL Server. The server was not found or was not accessible. Verify that the instance name is correct and that SQL Server is configured to allow remote connections. (provider: SQL Network Interfaces, error: 26 - Error Locating Server/Instance Specified)	 (cls_condbserver.ExecuteNonQuery())
2024-10-24 02:23:55:724	ERROR	A network-related or instance-specific error occurred while establishing a connection to SQL Server. The server was not found or was not accessible. Verify that the instance name is correct and that SQL Server is configured to allow remote connections. (provider: Named Pipes Provider, error: 40 - Could not open a connection to SQL Server)	cls_condbmiddle.chk_connect_db()
2024-10-24 02:23:57:388	_Error	ไม่สามารถเชื่อมต่อ Server Middle	frmMain.CheckConnectMiddleAndSecuill
2024-10-24 02:23:59:320	Status	กำลังเชื่อมต่อใหม่อีกครั้ง Server Middle	frmMain.CheckConnectMiddleAndSecuill
2024-10-24 02:24:16:157	_Error	A network-related or instance-specific error occurred while establishing a connection to SQL Server. The server was not found or was not accessible. Verify that the instance name is correct and that SQL Server is configured to allow remote connections. (provider: Named Pipes Provider, error: 40 - Could not open a connection to SQL Server)	cls_condbsecuill.chk_connect_db
2024-10-24 02:24:18:074	_Error	ไม่สามารถเชื่อมต่อ Server secuill	frmMain.CheckConnectMiddleAndSecuill
2024-10-24 02:24:19:988	Status	กำลังเชื่อมต่อใหม่อีกครั้ง Server secuill	frmMain.CheckConnectMiddleAndSecuill
2024-10-24 02:24:43:216	ERROR	A network-related or instance-specific error occurred while establishing a connection to SQL Server. The server was not found or was not accessible. Verify that the instance name is correct and that SQL Server is configured to allow remote connections. (provider: Named Pipes Provider, error: 40 - Could not open a connection to SQL Server)	cls_condbmiddle.chk_connect_db()
2024-10-24 02:24:44:998	_Error	ไม่สามารถเชื่อมต่อ Server Middle	frmMain.CheckConnectMiddleAndSecuill
2024-10-24 02:24:46:943	Status	กำลังเชื่อมต่อใหม่อีกครั้ง Server Middle	frmMain.CheckConnectMiddleAndSecuill
2024-10-24 02:25:03:747	_Error	A network-related or instance-specific error occurred while establishing a connection to SQL Server. The server was not found or was not accessible. Verify that the instance name is correct and that SQL Server is configured to allow remote connections. (provider: Named Pipes Provider, error: 40 - Could not open a connection to SQL Server)	cls_condbsecuill.chk_connect_db
2024-10-24 02:25:05:666	_Error	ไม่สามารถเชื่อมต่อ Server secuill	frmMain.CheckConnectMiddleAndSecuill
2024-10-24 02:25:07:582	Status	กำลังเชื่อมต่อใหม่อีกครั้ง Server secuill	frmMain.CheckConnectMiddleAndSecuill
2024-10-24 02:25:30:693	ERROR	A network-related or instance-specific error occurred while establishing a connection to SQL Server. The server was not found or was not accessible. Verify that the instance name is correct and that SQL Server is configured to allow remote connections. (provider: Named Pipes Provider, error: 40 - Could not open a connection to SQL Server)	cls_condbmiddle.chk_connect_db()
2024-10-24 02:25:32:499	_Error	ไม่สามารถเชื่อมต่อ Server Middle	frmMain.CheckConnectMiddleAndSecuill
2024-10-24 02:25:34:467	Status	กำลังเชื่อมต่อใหม่อีกครั้ง Server Middle	frmMain.CheckConnectMiddleAndSecuill
2024-10-24 02:25:51:305	_Error	A network-related or instance-specific error occurred while establishing a connection to SQL Server. The server was not found or was not accessible. Verify that the instance name is correct and that SQL Server is configured to allow remote connections. (provider: Named Pipes Provider, error: 40 - Could not open a connection to SQL Server)	cls_condbsecuill.chk_connect_db
2024-10-24 02:25:53:217	_Error	ไม่สามารถเชื่อมต่อ Server secuill	frmMain.CheckConnectMiddleAndSecuill
2024-10-24 02:25:55:141	Status	กำลังเชื่อมต่อใหม่อีกครั้ง Server secuill	frmMain.CheckConnectMiddleAndSecuill
2024-10-24 02:26:18:176	ERROR	A network-related or instance-specific error occurred while establishing a connection to SQL Server. The server was not found or was not accessible. Verify that the instance name is correct and that SQL Server is configured to allow remote connections. (provider: Named Pipes Provider, error: 40 - Could not open a connection to SQL Server)	cls_condbmiddle.chk_connect_db()
2024-10-24 02:26:20:135	_Error	ไม่สามารถเชื่อมต่อ Server Middle	frmMain.CheckConnectMiddleAndSecuill
2024-10-24 02:26:22:080	Status	กำลังเชื่อมต่อใหม่อีกครั้ง Server Middle	frmMain.CheckConnectMiddleAndSecuill
2024-10-24 02:26:38:382	_Error	A network-related or instance-specific error occurred while establishing a connection to SQL Server. The server was not found or was not accessible. Verify that the instance name is correct and that SQL Server is configured to allow remote connections. (provider: Named Pipes Provider, error: 40 - Could not open a connection to SQL Server)	cls_condbsecuill.chk_connect_db
2024-10-24 02:26:40:298	_Error	ไม่สามารถเชื่อมต่อ Server secuill	frmMain.CheckConnectMiddleAndSecuill
2024-10-24 02:26:42:214	Status	กำลังเชื่อมต่อใหม่อีกครั้ง Server secuill	frmMain.CheckConnectMiddleAndSecuill
2024-10-24 02:27:05:610	ERROR	A network-related or instance-specific error occurred while establishing a connection to SQL Server. The server was not found or was not accessible. Verify that the instance name is correct and that SQL Server is configured to allow remote connections. (provider: Named Pipes Provider, error: 40 - Could not open a connection to SQL Server)	cls_condbmiddle.chk_connect_db()
2024-10-24 02:27:07:168	_Error	ไม่สามารถเชื่อมต่อ Server Middle	frmMain.CheckConnectMiddleAndSecuill
2024-10-24 02:27:09:123	Status	กำลังเชื่อมต่อใหม่อีกครั้ง Server Middle	frmMain.CheckConnectMiddleAndSecuill
2024-10-24 02:27:25:923	_Error	A network-related or instance-specific error occurred while establishing a connection to SQL Server. The server was not found or was not accessible. Verify that the instance name is correct and that SQL Server is configured to allow remote connections. (provider: Named Pipes Provider, error: 40 - Could not open a connection to SQL Server)	cls_condbsecuill.chk_connect_db
2024-10-24 02:27:27:836	_Error	ไม่สามารถเชื่อมต่อ Server secuill	frmMain.CheckConnectMiddleAndSecuill
2024-10-24 02:27:29:752	Status	กำลังเชื่อมต่อใหม่อีกครั้ง Server secuill	frmMain.CheckConnectMiddleAndSecuill
2024-10-24 02:27:53:048	ERROR	A network-related or instance-specific error occurred while establishing a connection to SQL Server. The server was not found or was not accessible. Verify that the instance name is correct and that SQL Server is configured to allow remote connections. (provider: Named Pipes Provider, error: 40 - Could not open a connection to SQL Server)	cls_condbmiddle.chk_connect_db()
2024-10-24 02:27:54:769	_Error	ไม่สามารถเชื่อมต่อ Server Middle	frmMain.CheckConnectMiddleAndSecuill
2024-10-24 02:27:56:711	Status	กำลังเชื่อมต่อใหม่อีกครั้ง Server Middle	frmMain.CheckConnectMiddleAndSecuill
2024-10-24 02:28:13:540	_Error	A network-related or instance-specific error occurred while establishing a connection to SQL Server. The server was not found or was not accessible. Verify that the instance name is correct and that SQL Server is configured to allow remote connections. (provider: Named Pipes Provider, error: 40 - Could not open a connection to SQL Server)	cls_condbsecuill.chk_connect_db
2024-10-24 02:28:15:453	_Error	ไม่สามารถเชื่อมต่อ Server secuill	frmMain.CheckConnectMiddleAndSecuill
2024-10-24 02:28:17:375	Status	กำลังเชื่อมต่อใหม่อีกครั้ง Server secuill	frmMain.CheckConnectMiddleAndSecuill
2024-10-24 02:28:30:531	ERROR	A network-related or instance-specific error occurred while establishing a connection to SQL Server. The server was not found or was not accessible. Verify that the instance name is correct and that SQL Server is configured to allow remote connections. (provider: SQL Network Interfaces, error: 26 - Error Locating Server/Instance Specified)	 (cls_condbserver.ExecuteNonQuery())
2024-10-24 02:28:40:526	ERROR	A network-related or instance-specific error occurred while establishing a connection to SQL Server. The server was not found or was not accessible. Verify that the instance name is correct and that SQL Server is configured to allow remote connections. (provider: Named Pipes Provider, error: 40 - Could not open a connection to SQL Server)	cls_condbmiddle.chk_connect_db()
2024-10-24 02:28:42:389	_Error	ไม่สามารถเชื่อมต่อ Server Middle	frmMain.CheckConnectMiddleAndSecuill
2024-10-24 02:28:44:339	Status	กำลังเชื่อมต่อใหม่อีกครั้ง Server Middle	frmMain.CheckConnectMiddleAndSecuill
2024-10-24 02:29:01:141	_Error	A network-related or instance-specific error occurred while establishing a connection to SQL Server. The server was not found or was not accessible. Verify that the instance name is correct and that SQL Server is configured to allow remote connections. (provider: Named Pipes Provider, error: 40 - Could not open a connection to SQL Server)	cls_condbsecuill.chk_connect_db
2024-10-24 02:29:03:056	_Error	ไม่สามารถเชื่อมต่อ Server secuill	frmMain.CheckConnectMiddleAndSecuill
2024-10-24 02:29:04:973	Status	กำลังเชื่อมต่อใหม่อีกครั้ง Server secuill	frmMain.CheckConnectMiddleAndSecuill
2024-10-24 02:29:27:999	ERROR	A network-related or instance-specific error occurred while establishing a connection to SQL Server. The server was not found or was not accessible. Verify that the instance name is correct and that SQL Server is configured to allow remote connections. (provider: Named Pipes Provider, error: 40 - Could not open a connection to SQL Server)	cls_condbmiddle.chk_connect_db()
2024-10-24 02:29:29:446	_Error	ไม่สามารถเชื่อมต่อ Server Middle	frmMain.CheckConnectMiddleAndSecuill
2024-10-24 02:29:31:911	Status	กำลังเชื่อมต่อใหม่อีกครั้ง Server Middle	frmMain.CheckConnectMiddleAndSecuill
2024-10-24 02:29:48:216	_Error	A network-related or instance-specific error occurred while establishing a connection to SQL Server. The server was not found or was not accessible. Verify that the instance name is correct and that SQL Server is configured to allow remote connections. (provider: Named Pipes Provider, error: 40 - Could not open a connection to SQL Server)	cls_condbsecuill.chk_connect_db
2024-10-24 02:29:50:128	_Error	ไม่สามารถเชื่อมต่อ Server secuill	frmMain.CheckConnectMiddleAndSecuill
2024-10-24 02:29:52:040	Status	กำลังเชื่อมต่อใหม่อีกครั้ง Server secuill	frmMain.CheckConnectMiddleAndSecuill
2024-10-24 02:30:15:459	ERROR	A network-related or instance-specific error occurred while establishing a connection to SQL Server. The server was not found or was not accessible. Verify that the instance name is correct and that SQL Server is configured to allow remote connections. (provider: Named Pipes Provider, error: 40 - Could not open a connection to SQL Server)	cls_condbmiddle.chk_connect_db()
2024-10-24 02:30:17:064	_Error	ไม่สามารถเชื่อมต่อ Server Middle	frmMain.CheckConnectMiddleAndSecuill
2024-10-24 02:30:19:010	Status	กำลังเชื่อมต่อใหม่อีกครั้ง Server Middle	frmMain.CheckConnectMiddleAndSecuill
2024-10-24 02:30:35:810	_Error	A network-related or instance-specific error occurred while establishing a connection to SQL Server. The server was not found or was not accessible. Verify that the instance name is correct and that SQL Server is configured to allow remote connections. (provider: Named Pipes Provider, error: 40 - Could not open a connection to SQL Server)	cls_condbsecuill.chk_connect_db
2024-10-24 02:30:37:721	_Error	ไม่สามารถเชื่อมต่อ Server secuill	frmMain.CheckConnectMiddleAndSecuill
2024-10-24 02:30:39:638	Status	กำลังเชื่อมต่อใหม่อีกครั้ง Server secuill	frmMain.CheckConnectMiddleAndSecuill
2024-10-24 02:31:02:856	ERROR	A network-related or instance-specific error occurred while establishing a connection to SQL Server. The server was not found or was not accessible. Verify that the instance name is correct and that SQL Server is configured to allow remote connections. (provider: Named Pipes Provider, error: 40 - Could not open a connection to SQL Server)	cls_condbmiddle.chk_connect_db()
2024-10-24 02:31:04:643	_Error	ไม่สามารถเชื่อมต่อ Server Middle	frmMain.CheckConnectMiddleAndSecuill
2024-10-24 02:31:06:588	Status	กำลังเชื่อมต่อใหม่อีกครั้ง Server Middle	frmMain.CheckConnectMiddleAndSecuill
2024-10-24 02:31:23:406	_Error	A network-related or instance-specific error occurred while establishing a connection to SQL Server. The server was not found or was not accessible. Verify that the instance name is correct and that SQL Server is configured to allow remote connections. (provider: Named Pipes Provider, error: 40 - Could not open a connection to SQL Server)	cls_condbsecuill.chk_connect_db
2024-10-24 02:31:25:316	_Error	ไม่สามารถเชื่อมต่อ Server secuill	frmMain.CheckConnectMiddleAndSecuill
2024-10-24 02:31:27:239	Status	กำลังเชื่อมต่อใหม่อีกครั้ง Server secuill	frmMain.CheckConnectMiddleAndSecuill
2024-10-24 02:31:50:330	ERROR	A network-related or instance-specific error occurred while establishing a connection to SQL Server. The server was not found or was not accessible. Verify that the instance name is correct and that SQL Server is configured to allow remote connections. (provider: Named Pipes Provider, error: 40 - Could not open a connection to SQL Server)	cls_condbmiddle.chk_connect_db()
2024-10-24 02:31:52:226	_Error	ไม่สามารถเชื่อมต่อ Server Middle	frmMain.CheckConnectMiddleAndSecuill
2024-10-24 02:31:54:170	Status	กำลังเชื่อมต่อใหม่อีกครั้ง Server Middle	frmMain.CheckConnectMiddleAndSecuill
2024-10-24 02:32:10:960	_Error	A network-related or instance-specific error occurred while establishing a connection to SQL Server. The server was not found or was not accessible. Verify that the instance name is correct and that SQL Server is configured to allow remote connections. (provider: Named Pipes Provider, error: 40 - Could not open a connection to SQL Server)	cls_condbsecuill.chk_connect_db
2024-10-24 02:32:12:876	_Error	ไม่สามารถเชื่อมต่อ Server secuill	frmMain.CheckConnectMiddleAndSecuill
2024-10-24 02:32:14:793	Status	กำลังเชื่อมต่อใหม่อีกครั้ง Server secuill	frmMain.CheckConnectMiddleAndSecuill
2024-10-24 02:32:37:806	ERROR	A network-related or instance-specific error occurred while establishing a connection to SQL Server. The server was not found or was not accessible. Verify that the instance name is correct and that SQL Server is configured to allow remote connections. (provider: Named Pipes Provider, error: 40 - Could not open a connection to SQL Server)	cls_condbmiddle.chk_connect_db()
2024-10-24 02:32:39:327	_Error	ไม่สามารถเชื่อมต่อ Server Middle	frmMain.CheckConnectMiddleAndSecuill
2024-10-24 02:32:41:277	Status	กำลังเชื่อมต่อใหม่อีกครั้ง Server Middle	frmMain.CheckConnectMiddleAndSecuill
2024-10-24 02:32:58:106	_Error	A network-related or instance-specific error occurred while establishing a connection to SQL Server. The server was not found or was not accessible. Verify that the instance name is correct and that SQL Server is configured to allow remote connections. (provider: Named Pipes Provider, error: 40 - Could not open a connection to SQL Server)	cls_condbsecuill.chk_connect_db
2024-10-24 02:33:00:014	_Error	ไม่สามารถเชื่อมต่อ Server secuill	frmMain.CheckConnectMiddleAndSecuill
2024-10-24 02:33:01:924	Status	กำลังเชื่อมต่อใหม่อีกครั้ง Server secuill	frmMain.CheckConnectMiddleAndSecuill
2024-10-24 02:33:15:226	ERROR	A network-related or instance-specific error occurred while establishing a connection to SQL Server. The server was not found or was not accessible. Verify that the instance name is correct and that SQL Server is configured to allow remote connections. (provider: SQL Network Interfaces, error: 26 - Error Locating Server/Instance Specified)	 (cls_condbserver.ExecuteNonQuery())
2024-10-24 02:33:25:250	ERROR	A network-related or instance-specific error occurred while establishing a connection to SQL Server. The server was not found or was not accessible. Verify that the instance name is correct and that SQL Server is configured to allow remote connections. (provider: Named Pipes Provider, error: 40 - Could not open a connection to SQL Server)	cls_condbmiddle.chk_connect_db()
2024-10-24 02:33:26:925	_Error	ไม่สามารถเชื่อมต่อ Server Middle	frmMain.CheckConnectMiddleAndSecuill
2024-10-24 02:33:28:870	Status	กำลังเชื่อมต่อใหม่อีกครั้ง Server Middle	frmMain.CheckConnectMiddleAndSecuill
2024-10-24 02:33:45:689	_Error	A network-related or instance-specific error occurred while establishing a connection to SQL Server. The server was not found or was not accessible. Verify that the instance name is correct and that SQL Server is configured to allow remote connections. (provider: Named Pipes Provider, error: 40 - Could not open a connection to SQL Server)	cls_condbsecuill.chk_connect_db
2024-10-24 02:33:47:611	_Error	ไม่สามารถเชื่อมต่อ Server secuill	frmMain.CheckConnectMiddleAndSecuill
2024-10-24 02:33:49:530	Status	กำลังเชื่อมต่อใหม่อีกครั้ง Server secuill	frmMain.CheckConnectMiddleAndSecuill
2024-10-24 02:34:12:729	ERROR	A network-related or instance-specific error occurred while establishing a connection to SQL Server. The server was not found or was not accessible. Verify that the instance name is correct and that SQL Server is configured to allow remote connections. (provider: Named Pipes Provider, error: 40 - Could not open a connection to SQL Server)	cls_condbmiddle.chk_connect_db()
2024-10-24 02:34:14:559	_Error	ไม่สามารถเชื่อมต่อ Server Middle	frmMain.CheckConnectMiddleAndSecuill
2024-10-24 02:34:16:502	Status	กำลังเชื่อมต่อใหม่อีกครั้ง Server Middle	frmMain.CheckConnectMiddleAndSecuill
2024-10-24 02:34:33:303	_Error	A network-related or instance-specific error occurred while establishing a connection to SQL Server. The server was not found or was not accessible. Verify that the instance name is correct and that SQL Server is configured to allow remote connections. (provider: Named Pipes Provider, error: 40 - Could not open a connection to SQL Server)	cls_condbsecuill.chk_connect_db
2024-10-24 02:34:35:214	_Error	ไม่สามารถเชื่อมต่อ Server secuill	frmMain.CheckConnectMiddleAndSecuill
2024-10-24 02:34:37:126	Status	กำลังเชื่อมต่อใหม่อีกครั้ง Server secuill	frmMain.CheckConnectMiddleAndSecuill
2024-10-24 02:35:00:178	ERROR	A network-related or instance-specific error occurred while establishing a connection to SQL Server. The server was not found or was not accessible. Verify that the instance name is correct and that SQL Server is configured to allow remote connections. (provider: Named Pipes Provider, error: 40 - Could not open a connection to SQL Server)	cls_condbmiddle.chk_connect_db()
2024-10-24 02:35:02:135	_Error	ไม่สามารถเชื่อมต่อ Server Middle	frmMain.CheckConnectMiddleAndSecuill
2024-10-24 02:35:04:077	Status	กำลังเชื่อมต่อใหม่อีกครั้ง Server Middle	frmMain.CheckConnectMiddleAndSecuill
2024-10-24 02:35:20:395	_Error	A network-related or instance-specific error occurred while establishing a connection to SQL Server. The server was not found or was not accessible. Verify that the instance name is correct and that SQL Server is configured to allow remote connections. (provider: Named Pipes Provider, error: 40 - Could not open a connection to SQL Server)	cls_condbsecuill.chk_connect_db
2024-10-24 02:35:22:312	_Error	ไม่สามารถเชื่อมต่อ Server secuill	frmMain.CheckConnectMiddleAndSecuill
2024-10-24 02:35:24:230	Status	กำลังเชื่อมต่อใหม่อีกครั้ง Server secuill	frmMain.CheckConnectMiddleAndSecuill
2024-10-24 02:35:47:625	ERROR	A network-related or instance-specific error occurred while establishing a connection to SQL Server. The server was not found or was not accessible. Verify that the instance name is correct and that SQL Server is configured to allow remote connections. (provider: Named Pipes Provider, error: 40 - Could not open a connection to SQL Server)	cls_condbmiddle.chk_connect_db()
2024-10-24 02:35:49:243	_Error	ไม่สามารถเชื่อมต่อ Server Middle	frmMain.CheckConnectMiddleAndSecuill
2024-10-24 02:35:51:187	Status	กำลังเชื่อมต่อใหม่อีกครั้ง Server Middle	frmMain.CheckConnectMiddleAndSecuill
2024-10-24 02:36:07:977	_Error	A network-related or instance-specific error occurred while establishing a connection to SQL Server. The server was not found or was not accessible. Verify that the instance name is correct and that SQL Server is configured to allow remote connections. (provider: Named Pipes Provider, error: 40 - Could not open a connection to SQL Server)	cls_condbsecuill.chk_connect_db
2024-10-24 02:36:09:888	_Error	ไม่สามารถเชื่อมต่อ Server secuill	frmMain.CheckConnectMiddleAndSecuill
2024-10-24 02:36:11:803	Status	กำลังเชื่อมต่อใหม่อีกครั้ง Server secuill	frmMain.CheckConnectMiddleAndSecuill
2024-10-24 02:36:35:113	ERROR	A network-related or instance-specific error occurred while establishing a connection to SQL Server. The server was not found or was not accessible. Verify that the instance name is correct and that SQL Server is configured to allow remote connections. (provider: Named Pipes Provider, error: 40 - Could not open a connection to SQL Server)	cls_condbmiddle.chk_connect_db()
2024-10-24 02:36:36:813	_Error	ไม่สามารถเชื่อมต่อ Server Middle	frmMain.CheckConnectMiddleAndSecuill
2024-10-24 02:36:38:762	Status	กำลังเชื่อมต่อใหม่อีกครั้ง Server Middle	frmMain.CheckConnectMiddleAndSecuill
2024-10-24 02:36:55:580	_Error	A network-related or instance-specific error occurred while establishing a connection to SQL Server. The server was not found or was not accessible. Verify that the instance name is correct and that SQL Server is configured to allow remote connections. (provider: Named Pipes Provider, error: 40 - Could not open a connection to SQL Server)	cls_condbsecuill.chk_connect_db
2024-10-24 02:36:57:486	_Error	ไม่สามารถเชื่อมต่อ Server secuill	frmMain.CheckConnectMiddleAndSecuill
2024-10-24 02:36:59:404	Status	กำลังเชื่อมต่อใหม่อีกครั้ง Server secuill	frmMain.CheckConnectMiddleAndSecuill
2024-10-24 02:37:22:606	ERROR	A network-related or instance-specific error occurred while establishing a connection to SQL Server. The server was not found or was not accessible. Verify that the instance name is correct and that SQL Server is configured to allow remote connections. (provider: Named Pipes Provider, error: 40 - Could not open a connection to SQL Server)	cls_condbmiddle.chk_connect_db()
2024-10-24 02:37:24:454	_Error	ไม่สามารถเชื่อมต่อ Server Middle	frmMain.CheckConnectMiddleAndSecuill
2024-10-24 02:37:26:405	Status	กำลังเชื่อมต่อใหม่อีกครั้ง Server Middle	frmMain.CheckConnectMiddleAndSecuill
2024-10-24 02:37:43:217	_Error	A network-related or instance-specific error occurred while establishing a connection to SQL Server. The server was not found or was not accessible. Verify that the instance name is correct and that SQL Server is configured to allow remote connections. (provider: Named Pipes Provider, error: 40 - Could not open a connection to SQL Server)	cls_condbsecuill.chk_connect_db
2024-10-24 02:37:45:133	_Error	ไม่สามารถเชื่อมต่อ Server secuill	frmMain.CheckConnectMiddleAndSecuill
2024-10-24 02:37:47:048	Status	กำลังเชื่อมต่อใหม่อีกครั้ง Server secuill	frmMain.CheckConnectMiddleAndSecuill
2024-10-24 02:38:00:052	ERROR	A network-related or instance-specific error occurred while establishing a connection to SQL Server. The server was not found or was not accessible. Verify that the instance name is correct and that SQL Server is configured to allow remote connections. (provider: SQL Network Interfaces, error: 26 - Error Locating Server/Instance Specified)	 (cls_condbserver.ExecuteNonQuery())
2024-10-24 02:38:10:074	ERROR	A network-related or instance-specific error occurred while establishing a connection to SQL Server. The server was not found or was not accessible. Verify that the instance name is correct and that SQL Server is configured to allow remote connections. (provider: Named Pipes Provider, error: 40 - Could not open a connection to SQL Server)	cls_condbmiddle.chk_connect_db()
2024-10-24 02:38:11:578	_Error	ไม่สามารถเชื่อมต่อ Server Middle	frmMain.CheckConnectMiddleAndSecuill
2024-10-24 02:38:14:035	Status	กำลังเชื่อมต่อใหม่อีกครั้ง Server Middle	frmMain.CheckConnectMiddleAndSecuill
2024-10-24 02:38:30:343	_Error	A network-related or instance-specific error occurred while establishing a connection to SQL Server. The server was not found or was not accessible. Verify that the instance name is correct and that SQL Server is configured to allow remote connections. (provider: Named Pipes Provider, error: 40 - Could not open a connection to SQL Server)	cls_condbsecuill.chk_connect_db
2024-10-24 02:38:32:255	_Error	ไม่สามารถเชื่อมต่อ Server secuill	frmMain.CheckConnectMiddleAndSecuill
2024-10-24 02:38:34:176	Status	กำลังเชื่อมต่อใหม่อีกครั้ง Server secuill	frmMain.CheckConnectMiddleAndSecuill
2024-10-24 02:38:57:548	ERROR	A network-related or instance-specific error occurred while establishing a connection to SQL Server. The server was not found or was not accessible. Verify that the instance name is correct and that SQL Server is configured to allow remote connections. (provider: Named Pipes Provider, error: 40 - Could not open a connection to SQL Server)	cls_condbmiddle.chk_connect_db()
2024-10-24 02:38:59:176	_Error	ไม่สามารถเชื่อมต่อ Server Middle	frmMain.CheckConnectMiddleAndSecuill
2024-10-24 02:39:01:123	Status	กำลังเชื่อมต่อใหม่อีกครั้ง Server Middle	frmMain.CheckConnectMiddleAndSecuill
2024-10-24 02:39:17:949	_Error	A network-related or instance-specific error occurred while establishing a connection to SQL Server. The server was not found or was not accessible. Verify that the instance name is correct and that SQL Server is configured to allow remote connections. (provider: Named Pipes Provider, error: 40 - Could not open a connection to SQL Server)	cls_condbsecuill.chk_connect_db
2024-10-24 02:39:19:873	_Error	ไม่สามารถเชื่อมต่อ Server secuill	frmMain.CheckConnectMiddleAndSecuill
2024-10-24 02:39:21:783	Status	กำลังเชื่อมต่อใหม่อีกครั้ง Server secuill	frmMain.CheckConnectMiddleAndSecuill
2024-10-24 02:39:45:042	ERROR	A network-related or instance-specific error occurred while establishing a connection to SQL Server. The server was not found or was not accessible. Verify that the instance name is correct and that SQL Server is configured to allow remote connections. (provider: Named Pipes Provider, error: 40 - Could not open a connection to SQL Server)	cls_condbmiddle.chk_connect_db()
2024-10-24 02:39:46:816	_Error	ไม่สามารถเชื่อมต่อ Server Middle	frmMain.CheckConnectMiddleAndSecuill
2024-10-24 02:39:48:765	Status	กำลังเชื่อมต่อใหม่อีกครั้ง Server Middle	frmMain.CheckConnectMiddleAndSecuill
2024-10-24 02:40:05:574	_Error	A network-related or instance-specific error occurred while establishing a connection to SQL Server. The server was not found or was not accessible. Verify that the instance name is correct and that SQL Server is configured to allow remote connections. (provider: Named Pipes Provider, error: 40 - Could not open a connection to SQL Server)	cls_condbsecuill.chk_connect_db
2024-10-24 02:40:07:494	_Error	ไม่สามารถเชื่อมต่อ Server secuill	frmMain.CheckConnectMiddleAndSecuill
2024-10-24 02:40:09:414	Status	กำลังเชื่อมต่อใหม่อีกครั้ง Server secuill	frmMain.CheckConnectMiddleAndSecuill
2024-10-24 02:40:32:503	ERROR	A network-related or instance-specific error occurred while establishing a connection to SQL Server. The server was not found or was not accessible. Verify that the instance name is correct and that SQL Server is configured to allow remote connections. (provider: Named Pipes Provider, error: 40 - Could not open a connection to SQL Server)	cls_condbmiddle.chk_connect_db()
2024-10-24 02:40:34:425	_Error	ไม่สามารถเชื่อมต่อ Server Middle	frmMain.CheckConnectMiddleAndSecuill
2024-10-24 02:40:36:366	Status	กำลังเชื่อมต่อใหม่อีกครั้ง Server Middle	frmMain.CheckConnectMiddleAndSecuill
2024-10-24 02:40:52:699	_Error	A network-related or instance-specific error occurred while establishing a connection to SQL Server. The server was not found or was not accessible. Verify that the instance name is correct and that SQL Server is configured to allow remote connections. (provider: Named Pipes Provider, error: 40 - Could not open a connection to SQL Server)	cls_condbsecuill.chk_connect_db
2024-10-24 02:40:54:624	_Error	ไม่สามารถเชื่อมต่อ Server secuill	frmMain.CheckConnectMiddleAndSecuill
2024-10-24 02:40:56:558	Status	กำลังเชื่อมต่อใหม่อีกครั้ง Server secuill	frmMain.CheckConnectMiddleAndSecuill
2024-10-24 02:41:19:988	ERROR	A network-related or instance-specific error occurred while establishing a connection to SQL Server. The server was not found or was not accessible. Verify that the instance name is correct and that SQL Server is configured to allow remote connections. (provider: Named Pipes Provider, error: 40 - Could not open a connection to SQL Server)	cls_condbmiddle.chk_connect_db()
2024-10-24 02:41:21:552	_Error	ไม่สามารถเชื่อมต่อ Server Middle	frmMain.CheckConnectMiddleAndSecuill
2024-10-24 02:41:23:500	Status	กำลังเชื่อมต่อใหม่อีกครั้ง Server Middle	frmMain.CheckConnectMiddleAndSecuill
2024-10-24 02:41:40:301	_Error	A network-related or instance-specific error occurred while establishing a connection to SQL Server. The server was not found or was not accessible. Verify that the instance name is correct and that SQL Server is configured to allow remote connections. (provider: Named Pipes Provider, error: 40 - Could not open a connection to SQL Server)	cls_condbsecuill.chk_connect_db
2024-10-24 02:41:42:215	_Error	ไม่สามารถเชื่อมต่อ Server secuill	frmMain.CheckConnectMiddleAndSecuill
2024-10-24 02:41:44:126	Status	กำลังเชื่อมต่อใหม่อีกครั้ง Server secuill	frmMain.CheckConnectMiddleAndSecuill
2024-10-24 02:42:07:468	ERROR	A network-related or instance-specific error occurred while establishing a connection to SQL Server. The server was not found or was not accessible. Verify that the instance name is correct and that SQL Server is configured to allow remote connections. (provider: Named Pipes Provider, error: 40 - Could not open a connection to SQL Server)	cls_condbmiddle.chk_connect_db()
2024-10-24 02:42:09:160	_Error	ไม่สามารถเชื่อมต่อ Server Middle	frmMain.CheckConnectMiddleAndSecuill
2024-10-24 02:42:11:103	Status	กำลังเชื่อมต่อใหม่อีกครั้ง Server Middle	frmMain.CheckConnectMiddleAndSecuill
2024-10-24 02:42:27:927	_Error	A network-related or instance-specific error occurred while establishing a connection to SQL Server. The server was not found or was not accessible. Verify that the instance name is correct and that SQL Server is configured to allow remote connections. (provider: Named Pipes Provider, error: 40 - Could not open a connection to SQL Server)	cls_condbsecuill.chk_connect_db
2024-10-24 02:42:29:841	_Error	ไม่สามารถเชื่อมต่อ Server secuill	frmMain.CheckConnectMiddleAndSecuill
2024-10-24 02:42:31:755	Status	กำลังเชื่อมต่อใหม่อีกครั้ง Server secuill	frmMain.CheckConnectMiddleAndSecuill
2024-10-24 02:42:44:944	ERROR	A network-related or instance-specific error occurred while establishing a connection to SQL Server. The server was not found or was not accessible. Verify that the instance name is correct and that SQL Server is configured to allow remote connections. (provider: SQL Network Interfaces, error: 26 - Error Locating Server/Instance Specified)	 (cls_condbserver.ExecuteNonQuery())
2024-10-24 02:42:54:980	ERROR	A network-related or instance-specific error occurred while establishing a connection to SQL Server. The server was not found or was not accessible. Verify that the instance name is correct and that SQL Server is configured to allow remote connections. (provider: Named Pipes Provider, error: 40 - Could not open a connection to SQL Server)	cls_condbmiddle.chk_connect_db()
2024-10-24 02:42:56:758	_Error	ไม่สามารถเชื่อมต่อ Server Middle	frmMain.CheckConnectMiddleAndSecuill
2024-10-24 02:42:58:705	Status	กำลังเชื่อมต่อใหม่อีกครั้ง Server Middle	frmMain.CheckConnectMiddleAndSecuill
2024-10-24 02:43:15:526	_Error	A network-related or instance-specific error occurred while establishing a connection to SQL Server. The server was not found or was not accessible. Verify that the instance name is correct and that SQL Server is configured to allow remote connections. (provider: Named Pipes Provider, error: 40 - Could not open a connection to SQL Server)	cls_condbsecuill.chk_connect_db
2024-10-24 02:43:17:437	_Error	ไม่สามารถเชื่อมต่อ Server secuill	frmMain.CheckConnectMiddleAndSecuill
2024-10-24 02:43:19:355	Status	กำลังเชื่อมต่อใหม่อีกครั้ง Server secuill	frmMain.CheckConnectMiddleAndSecuill
2024-10-24 02:43:42:434	ERROR	A network-related or instance-specific error occurred while establishing a connection to SQL Server. The server was not found or was not accessible. Verify that the instance name is correct and that SQL Server is configured to allow remote connections. (provider: Named Pipes Provider, error: 40 - Could not open a connection to SQL Server)	cls_condbmiddle.chk_connect_db()
2024-10-24 02:43:44:356	_Error	ไม่สามารถเชื่อมต่อ Server Middle	frmMain.CheckConnectMiddleAndSecuill
2024-10-24 02:43:46:304	Status	กำลังเชื่อมต่อใหม่อีกครั้ง Server Middle	frmMain.CheckConnectMiddleAndSecuill
2024-10-24 02:44:02:592	_Error	A network-related or instance-specific error occurred while establishing a connection to SQL Server. The server was not found or was not accessible. Verify that the instance name is correct and that SQL Server is configured to allow remote connections. (provider: Named Pipes Provider, error: 40 - Could not open a connection to SQL Server)	cls_condbsecuill.chk_connect_db
2024-10-24 02:44:04:505	_Error	ไม่สามารถเชื่อมต่อ Server secuill	frmMain.CheckConnectMiddleAndSecuill
2024-10-24 02:44:06:420	Status	กำลังเชื่อมต่อใหม่อีกครั้ง Server secuill	frmMain.CheckConnectMiddleAndSecuill
2024-10-24 02:44:29:890	ERROR	A network-related or instance-specific error occurred while establishing a connection to SQL Server. The server was not found or was not accessible. Verify that the instance name is correct and that SQL Server is configured to allow remote connections. (provider: Named Pipes Provider, error: 40 - Could not open a connection to SQL Server)	cls_condbmiddle.chk_connect_db()
2024-10-24 02:44:31:428	_Error	ไม่สามารถเชื่อมต่อ Server Middle	frmMain.CheckConnectMiddleAndSecuill
2024-10-24 02:44:33:365	Status	กำลังเชื่อมต่อใหม่อีกครั้ง Server Middle	frmMain.CheckConnectMiddleAndSecuill
2024-10-24 02:44:50:151	_Error	A network-related or instance-specific error occurred while establishing a connection to SQL Server. The server was not found or was not accessible. Verify that the instance name is correct and that SQL Server is configured to allow remote connections. (provider: Named Pipes Provider, error: 40 - Could not open a connection to SQL Server)	cls_condbsecuill.chk_connect_db
2024-10-24 02:44:52:067	_Error	ไม่สามารถเชื่อมต่อ Server secuill	frmMain.CheckConnectMiddleAndSecuill
2024-10-24 02:44:53:982	Status	กำลังเชื่อมต่อใหม่อีกครั้ง Server secuill	frmMain.CheckConnectMiddleAndSecuill
2024-10-24 02:45:17:342	ERROR	A network-related or instance-specific error occurred while establishing a connection to SQL Server. The server was not found or was not accessible. Verify that the instance name is correct and that SQL Server is configured to allow remote connections. (provider: Named Pipes Provider, error: 40 - Could not open a connection to SQL Server)	cls_condbmiddle.chk_connect_db()
2024-10-24 02:45:18:992	_Error	ไม่สามารถเชื่อมต่อ Server Middle	frmMain.CheckConnectMiddleAndSecuill
2024-10-24 02:45:20:940	Status	กำลังเชื่อมต่อใหม่อีกครั้ง Server Middle	frmMain.CheckConnectMiddleAndSecuill
2024-10-24 02:45:37:781	_Error	A network-related or instance-specific error occurred while establishing a connection to SQL Server. The server was not found or was not accessible. Verify that the instance name is correct and that SQL Server is configured to allow remote connections. (provider: Named Pipes Provider, error: 40 - Could not open a connection to SQL Server)	cls_condbsecuill.chk_connect_db
2024-10-24 02:45:39:698	_Error	ไม่สามารถเชื่อมต่อ Server secuill	frmMain.CheckConnectMiddleAndSecuill
2024-10-24 02:45:41:615	Status	กำลังเชื่อมต่อใหม่อีกครั้ง Server secuill	frmMain.CheckConnectMiddleAndSecuill
2024-10-24 02:46:04:829	ERROR	A network-related or instance-specific error occurred while establishing a connection to SQL Server. The server was not found or was not accessible. Verify that the instance name is correct and that SQL Server is configured to allow remote connections. (provider: Named Pipes Provider, error: 40 - Could not open a connection to SQL Server)	cls_condbmiddle.chk_connect_db()
2024-10-24 02:46:06:621	_Error	ไม่สามารถเชื่อมต่อ Server Middle	frmMain.CheckConnectMiddleAndSecuill
2024-10-24 02:46:08:566	Status	กำลังเชื่อมต่อใหม่อีกครั้ง Server Middle	frmMain.CheckConnectMiddleAndSecuill
2024-10-24 02:46:25:357	_Error	A network-related or instance-specific error occurred while establishing a connection to SQL Server. The server was not found or was not accessible. Verify that the instance name is correct and that SQL Server is configured to allow remote connections. (provider: Named Pipes Provider, error: 40 - Could not open a connection to SQL Server)	cls_condbsecuill.chk_connect_db
2024-10-24 02:46:27:275	_Error	ไม่สามารถเชื่อมต่อ Server secuill	frmMain.CheckConnectMiddleAndSecuill
2024-10-24 02:46:29:198	Status	กำลังเชื่อมต่อใหม่อีกครั้ง Server secuill	frmMain.CheckConnectMiddleAndSecuill
2024-10-24 02:46:52:291	ERROR	A network-related or instance-specific error occurred while establishing a connection to SQL Server. The server was not found or was not accessible. Verify that the instance name is correct and that SQL Server is configured to allow remote connections. (provider: Named Pipes Provider, error: 40 - Could not open a connection to SQL Server)	cls_condbmiddle.chk_connect_db()
2024-10-24 02:46:54:204	_Error	ไม่สามารถเชื่อมต่อ Server Middle	frmMain.CheckConnectMiddleAndSecuill
2024-10-24 02:46:56:151	Status	กำลังเชื่อมต่อใหม่อีกครั้ง Server Middle	frmMain.CheckConnectMiddleAndSecuill
2024-10-24 02:47:12:922	_Error	A network-related or instance-specific error occurred while establishing a connection to SQL Server. The server was not found or was not accessible. Verify that the instance name is correct and that SQL Server is configured to allow remote connections. (provider: Named Pipes Provider, error: 40 - Could not open a connection to SQL Server)	cls_condbsecuill.chk_connect_db
2024-10-24 02:47:14:839	_Error	ไม่สามารถเชื่อมต่อ Server secuill	frmMain.CheckConnectMiddleAndSecuill
2024-10-24 02:47:16:752	Status	กำลังเชื่อมต่อใหม่อีกครั้ง Server secuill	frmMain.CheckConnectMiddleAndSecuill
2024-10-24 02:47:29:752	ERROR	A network-related or instance-specific error occurred while establishing a connection to SQL Server. The server was not found or was not accessible. Verify that the instance name is correct and that SQL Server is configured to allow remote connections. (provider: SQL Network Interfaces, error: 26 - Error Locating Server/Instance Specified)	 (cls_condbserver.ExecuteNonQuery())
2024-10-24 02:47:39:766	ERROR	A network-related or instance-specific error occurred while establishing a connection to SQL Server. The server was not found or was not accessible. Verify that the instance name is correct and that SQL Server is configured to allow remote connections. (provider: Named Pipes Provider, error: 40 - Could not open a connection to SQL Server)	cls_condbmiddle.chk_connect_db()
2024-10-24 02:47:41:278	_Error	ไม่สามารถเชื่อมต่อ Server Middle	frmMain.CheckConnectMiddleAndSecuill
2024-10-24 02:47:43:737	Status	กำลังเชื่อมต่อใหม่อีกครั้ง Server Middle	frmMain.CheckConnectMiddleAndSecuill
2024-10-24 02:48:00:040	_Error	A network-related or instance-specific error occurred while establishing a connection to SQL Server. The server was not found or was not accessible. Verify that the instance name is correct and that SQL Server is configured to allow remote connections. (provider: Named Pipes Provider, error: 40 - Could not open a connection to SQL Server)	cls_condbsecuill.chk_connect_db
2024-10-24 02:48:01:951	_Error	ไม่สามารถเชื่อมต่อ Server secuill	frmMain.CheckConnectMiddleAndSecuill
2024-10-24 02:48:03:863	Status	กำลังเชื่อมต่อใหม่อีกครั้ง Server secuill	frmMain.CheckConnectMiddleAndSecuill
2024-10-24 02:48:27:209	ERROR	A network-related or instance-specific error occurred while establishing a connection to SQL Server. The server was not found or was not accessible. Verify that the instance name is correct and that SQL Server is configured to allow remote connections. (provider: Named Pipes Provider, error: 40 - Could not open a connection to SQL Server)	cls_condbmiddle.chk_connect_db()
2024-10-24 02:48:28:886	_Error	ไม่สามารถเชื่อมต่อ Server Middle	frmMain.CheckConnectMiddleAndSecuill
2024-10-24 02:48:30:838	Status	กำลังเชื่อมต่อใหม่อีกครั้ง Server Middle	frmMain.CheckConnectMiddleAndSecuill
2024-10-24 02:48:47:655	_Error	A network-related or instance-specific error occurred while establishing a connection to SQL Server. The server was not found or was not accessible. Verify that the instance name is correct and that SQL Server is configured to allow remote connections. (provider: Named Pipes Provider, error: 40 - Could not open a connection to SQL Server)	cls_condbsecuill.chk_connect_db
2024-10-24 02:48:49:569	_Error	ไม่สามารถเชื่อมต่อ Server secuill	frmMain.CheckConnectMiddleAndSecuill
2024-10-24 02:48:51:484	Status	กำลังเชื่อมต่อใหม่อีกครั้ง Server secuill	frmMain.CheckConnectMiddleAndSecuill
2024-10-24 02:49:14:668	ERROR	A network-related or instance-specific error occurred while establishing a connection to SQL Server. The server was not found or was not accessible. Verify that the instance name is correct and that SQL Server is configured to allow remote connections. (provider: Named Pipes Provider, error: 40 - Could not open a connection to SQL Server)	cls_condbmiddle.chk_connect_db()
2024-10-24 02:49:16:474	_Error	ไม่สามารถเชื่อมต่อ Server Middle	frmMain.CheckConnectMiddleAndSecuill
2024-10-24 02:49:18:414	Status	กำลังเชื่อมต่อใหม่อีกครั้ง Server Middle	frmMain.CheckConnectMiddleAndSecuill
2024-10-24 02:49:35:196	_Error	A network-related or instance-specific error occurred while establishing a connection to SQL Server. The server was not found or was not accessible. Verify that the instance name is correct and that SQL Server is configured to allow remote connections. (provider: Named Pipes Provider, error: 40 - Could not open a connection to SQL Server)	cls_condbsecuill.chk_connect_db
2024-10-24 02:49:37:108	_Error	ไม่สามารถเชื่อมต่อ Server secuill	frmMain.CheckConnectMiddleAndSecuill
2024-10-24 02:49:39:021	Status	กำลังเชื่อมต่อใหม่อีกครั้ง Server secuill	frmMain.CheckConnectMiddleAndSecuill
2024-10-24 02:50:02:168	ERROR	A network-related or instance-specific error occurred while establishing a connection to SQL Server. The server was not found or was not accessible. Verify that the instance name is correct and that SQL Server is configured to allow remote connections. (provider: Named Pipes Provider, error: 40 - Could not open a connection to SQL Server)	cls_condbmiddle.chk_connect_db()
2024-10-24 02:50:04:056	_Error	ไม่สามารถเชื่อมต่อ Server Middle	frmMain.CheckConnectMiddleAndSecuill
2024-10-24 02:50:06:005	Status	กำลังเชื่อมต่อใหม่อีกครั้ง Server Middle	frmMain.CheckConnectMiddleAndSecuill
2024-10-24 02:50:22:755	_Error	A network-related or instance-specific error occurred while establishing a connection to SQL Server. The server was not found or was not accessible. Verify that the instance name is correct and that SQL Server is configured to allow remote connections. (provider: Named Pipes Provider, error: 40 - Could not open a connection to SQL Server)	cls_condbsecuill.chk_connect_db
2024-10-24 02:50:24:669	_Error	ไม่สามารถเชื่อมต่อ Server secuill	frmMain.CheckConnectMiddleAndSecuill
2024-10-24 02:50:26:581	Status	กำลังเชื่อมต่อใหม่อีกครั้ง Server secuill	frmMain.CheckConnectMiddleAndSecuill
2024-10-24 02:50:49:626	ERROR	A network-related or instance-specific error occurred while establishing a connection to SQL Server. The server was not found or was not accessible. Verify that the instance name is correct and that SQL Server is configured to allow remote connections. (provider: Named Pipes Provider, error: 40 - Could not open a connection to SQL Server)	cls_condbmiddle.chk_connect_db()
2024-10-24 02:50:51:584	_Error	ไม่สามารถเชื่อมต่อ Server Middle	frmMain.CheckConnectMiddleAndSecuill
2024-10-24 02:50:53:529	Status	กำลังเชื่อมต่อใหม่อีกครั้ง Server Middle	frmMain.CheckConnectMiddleAndSecuill
2024-10-24 02:51:09:853	_Error	A network-related or instance-specific error occurred while establishing a connection to SQL Server. The server was not found or was not accessible. Verify that the instance name is correct and that SQL Server is configured to allow remote connections. (provider: Named Pipes Provider, error: 40 - Could not open a connection to SQL Server)	cls_condbsecuill.chk_connect_db
2024-10-24 02:51:11:772	_Error	ไม่สามารถเชื่อมต่อ Server secuill	frmMain.CheckConnectMiddleAndSecuill
2024-10-24 02:51:13:688	Status	กำลังเชื่อมต่อใหม่อีกครั้ง Server secuill	frmMain.CheckConnectMiddleAndSecuill
2024-10-24 02:51:37:088	ERROR	A network-related or instance-specific error occurred while establishing a connection to SQL Server. The server was not found or was not accessible. Verify that the instance name is correct and that SQL Server is configured to allow remote connections. (provider: Named Pipes Provider, error: 40 - Could not open a connection to SQL Server)	cls_condbmiddle.chk_connect_db()
2024-10-24 02:51:38:691	_Error	ไม่สามารถเชื่อมต่อ Server Middle	frmMain.CheckConnectMiddleAndSecuill
2024-10-24 02:51:40:643	Status	กำลังเชื่อมต่อใหม่อีกครั้ง Server Middle	frmMain.CheckConnectMiddleAndSecuill
2024-10-24 02:51:57:451	_Error	A network-related or instance-specific error occurred while establishing a connection to SQL Server. The server was not found or was not accessible. Verify that the instance name is correct and that SQL Server is configured to allow remote connections. (provider: Named Pipes Provider, error: 40 - Could not open a connection to SQL Server)	cls_condbsecuill.chk_connect_db
2024-10-24 02:51:59:371	_Error	ไม่สามารถเชื่อมต่อ Server secuill	frmMain.CheckConnectMiddleAndSecuill
2024-10-24 02:52:01:270	Status	กำลังเชื่อมต่อใหม่อีกครั้ง Server secuill	frmMain.CheckConnectMiddleAndSecuill
2024-10-24 02:52:14:519	ERROR	A network-related or instance-specific error occurred while establishing a connection to SQL Server. The server was not found or was not accessible. Verify that the instance name is correct and that SQL Server is configured to allow remote connections. (provider: SQL Network Interfaces, error: 26 - Error Locating Server/Instance Specified)	 (cls_condbserver.ExecuteNonQuery())
2024-10-24 02:52:24:541	ERROR	A network-related or instance-specific error occurred while establishing a connection to SQL Server. The server was not found or was not accessible. Verify that the instance name is correct and that SQL Server is configured to allow remote connections. (provider: Named Pipes Provider, error: 40 - Could not open a connection to SQL Server)	cls_condbmiddle.chk_connect_db()
2024-10-24 02:52:26:278	_Error	ไม่สามารถเชื่อมต่อ Server Middle	frmMain.CheckConnectMiddleAndSecuill
2024-10-24 02:52:28:224	Status	กำลังเชื่อมต่อใหม่อีกครั้ง Server Middle	frmMain.CheckConnectMiddleAndSecuill
2024-10-24 02:52:45:010	_Error	A network-related or instance-specific error occurred while establishing a connection to SQL Server. The server was not found or was not accessible. Verify that the instance name is correct and that SQL Server is configured to allow remote connections. (provider: Named Pipes Provider, error: 40 - Could not open a connection to SQL Server)	cls_condbsecuill.chk_connect_db
2024-10-24 02:52:46:926	_Error	ไม่สามารถเชื่อมต่อ Server secuill	frmMain.CheckConnectMiddleAndSecuill
2024-10-24 02:52:48:838	Status	กำลังเชื่อมต่อใหม่อีกครั้ง Server secuill	frmMain.CheckConnectMiddleAndSecuill
2024-10-24 02:53:12:020	ERROR	A network-related or instance-specific error occurred while establishing a connection to SQL Server. The server was not found or was not accessible. Verify that the instance name is correct and that SQL Server is configured to allow remote connections. (provider: Named Pipes Provider, error: 40 - Could not open a connection to SQL Server)	cls_condbmiddle.chk_connect_db()
2024-10-24 02:53:13:881	_Error	ไม่สามารถเชื่อมต่อ Server Middle	frmMain.CheckConnectMiddleAndSecuill
2024-10-24 02:53:15:830	Status	กำลังเชื่อมต่อใหม่อีกครั้ง Server Middle	frmMain.CheckConnectMiddleAndSecuill
2024-10-24 02:53:32:656	_Error	A network-related or instance-specific error occurred while establishing a connection to SQL Server. The server was not found or was not accessible. Verify that the instance name is correct and that SQL Server is configured to allow remote connections. (provider: Named Pipes Provider, error: 40 - Could not open a connection to SQL Server)	cls_condbsecuill.chk_connect_db
2024-10-24 02:53:34:580	_Error	ไม่สามารถเชื่อมต่อ Server secuill	frmMain.CheckConnectMiddleAndSecuill
2024-10-24 02:53:36:493	Status	กำลังเชื่อมต่อใหม่อีกครั้ง Server secuill	frmMain.CheckConnectMiddleAndSecuill
2024-10-24 02:53:59:479	ERROR	A network-related or instance-specific error occurred while establishing a connection to SQL Server. The server was not found or was not accessible. Verify that the instance name is correct and that SQL Server is configured to allow remote connections. (provider: Named Pipes Provider, error: 40 - Could not open a connection to SQL Server)	cls_condbmiddle.chk_connect_db()
2024-10-24 02:54:00:983	_Error	ไม่สามารถเชื่อมต่อ Server Middle	frmMain.CheckConnectMiddleAndSecuill
2024-10-24 02:54:03:436	Status	กำลังเชื่อมต่อใหม่อีกครั้ง Server Middle	frmMain.CheckConnectMiddleAndSecuill
2024-10-24 02:54:19:734	_Error	A network-related or instance-specific error occurred while establishing a connection to SQL Server. The server was not found or was not accessible. Verify that the instance name is correct and that SQL Server is configured to allow remote connections. (provider: Named Pipes Provider, error: 40 - Could not open a connection to SQL Server)	cls_condbsecuill.chk_connect_db
2024-10-24 02:54:21:650	_Error	ไม่สามารถเชื่อมต่อ Server secuill	frmMain.CheckConnectMiddleAndSecuill
2024-10-24 02:54:23:567	Status	กำลังเชื่อมต่อใหม่อีกครั้ง Server secuill	frmMain.CheckConnectMiddleAndSecuill
2024-10-24 02:54:46:940	ERROR	A network-related or instance-specific error occurred while establishing a connection to SQL Server. The server was not found or was not accessible. Verify that the instance name is correct and that SQL Server is configured to allow remote connections. (provider: Named Pipes Provider, error: 40 - Could not open a connection to SQL Server)	cls_condbmiddle.chk_connect_db()
2024-10-24 02:54:48:542	_Error	ไม่สามารถเชื่อมต่อ Server Middle	frmMain.CheckConnectMiddleAndSecuill
2024-10-24 02:54:50:492	Status	กำลังเชื่อมต่อใหม่อีกครั้ง Server Middle	frmMain.CheckConnectMiddleAndSecuill
2024-10-24 02:55:07:334	_Error	A network-related or instance-specific error occurred while establishing a connection to SQL Server. The server was not found or was not accessible. Verify that the instance name is correct and that SQL Server is configured to allow remote connections. (provider: Named Pipes Provider, error: 40 - Could not open a connection to SQL Server)	cls_condbsecuill.chk_connect_db
2024-10-24 02:55:09:246	_Error	ไม่สามารถเชื่อมต่อ Server secuill	frmMain.CheckConnectMiddleAndSecuill
2024-10-24 02:55:11:158	Status	กำลังเชื่อมต่อใหม่อีกครั้ง Server secuill	frmMain.CheckConnectMiddleAndSecuill
2024-10-24 02:55:34:409	ERROR	A network-related or instance-specific error occurred while establishing a connection to SQL Server. The server was not found or was not accessible. Verify that the instance name is correct and that SQL Server is configured to allow remote connections. (provider: Named Pipes Provider, error: 40 - Could not open a connection to SQL Server)	cls_condbmiddle.chk_connect_db()
2024-10-24 02:55:36:182	_Error	ไม่สามารถเชื่อมต่อ Server Middle	frmMain.CheckConnectMiddleAndSecuill
2024-10-24 02:55:38:127	Status	กำลังเชื่อมต่อใหม่อีกครั้ง Server Middle	frmMain.CheckConnectMiddleAndSecuill
2024-10-24 02:55:54:937	_Error	A network-related or instance-specific error occurred while establishing a connection to SQL Server. The server was not found or was not accessible. Verify that the instance name is correct and that SQL Server is configured to allow remote connections. (provider: Named Pipes Provider, error: 40 - Could not open a connection to SQL Server)	cls_condbsecuill.chk_connect_db
2024-10-24 02:55:56:848	_Error	ไม่สามารถเชื่อมต่อ Server secuill	frmMain.CheckConnectMiddleAndSecuill
2024-10-24 02:55:58:775	Status	กำลังเชื่อมต่อใหม่อีกครั้ง Server secuill	frmMain.CheckConnectMiddleAndSecuill
2024-10-24 02:56:21:846	ERROR	A network-related or instance-specific error occurred while establishing a connection to SQL Server. The server was not found or was not accessible. Verify that the instance name is correct and that SQL Server is configured to allow remote connections. (provider: Named Pipes Provider, error: 40 - Could not open a connection to SQL Server)	cls_condbmiddle.chk_connect_db()
2024-10-24 02:56:23:766	_Error	ไม่สามารถเชื่อมต่อ Server Middle	frmMain.CheckConnectMiddleAndSecuill
2024-10-24 02:56:25:710	Status	กำลังเชื่อมต่อใหม่อีกครั้ง Server Middle	frmMain.CheckConnectMiddleAndSecuill
2024-10-24 02:56:42:020	_Error	A network-related or instance-specific error occurred while establishing a connection to SQL Server. The server was not found or was not accessible. Verify that the instance name is correct and that SQL Server is configured to allow remote connections. (provider: Named Pipes Provider, error: 40 - Could not open a connection to SQL Server)	cls_condbsecuill.chk_connect_db
2024-10-24 02:56:43:932	_Error	ไม่สามารถเชื่อมต่อ Server secuill	frmMain.CheckConnectMiddleAndSecuill
2024-10-24 02:56:45:842	Status	กำลังเชื่อมต่อใหม่อีกครั้ง Server secuill	frmMain.CheckConnectMiddleAndSecuill
2024-10-24 02:56:59:279	ERROR	A network-related or instance-specific error occurred while establishing a connection to SQL Server. The server was not found or was not accessible. Verify that the instance name is correct and that SQL Server is configured to allow remote connections. (provider: SQL Network Interfaces, error: 26 - Error Locating Server/Instance Specified)	 (cls_condbserver.ExecuteNonQuery())
2024-10-24 02:57:09:295	ERROR	A network-related or instance-specific error occurred while establishing a connection to SQL Server. The server was not found or was not accessible. Verify that the instance name is correct and that SQL Server is configured to allow remote connections. (provider: Named Pipes Provider, error: 40 - Could not open a connection to SQL Server)	cls_condbmiddle.chk_connect_db()
2024-10-24 02:57:10:816	_Error	ไม่สามารถเชื่อมต่อ Server Middle	frmMain.CheckConnectMiddleAndSecuill
2024-10-24 02:57:13:282	Status	กำลังเชื่อมต่อใหม่อีกครั้ง Server Middle	frmMain.CheckConnectMiddleAndSecuill
2024-10-24 02:57:29:586	_Error	A network-related or instance-specific error occurred while establishing a connection to SQL Server. The server was not found or was not accessible. Verify that the instance name is correct and that SQL Server is configured to allow remote connections. (provider: Named Pipes Provider, error: 40 - Could not open a connection to SQL Server)	cls_condbsecuill.chk_connect_db
2024-10-24 02:57:31:501	_Error	ไม่สามารถเชื่อมต่อ Server secuill	frmMain.CheckConnectMiddleAndSecuill
2024-10-24 02:57:33:424	Status	กำลังเชื่อมต่อใหม่อีกครั้ง Server secuill	frmMain.CheckConnectMiddleAndSecuill
2024-10-24 02:57:56:767	ERROR	A network-related or instance-specific error occurred while establishing a connection to SQL Server. The server was not found or was not accessible. Verify that the instance name is correct and that SQL Server is configured to allow remote connections. (provider: Named Pipes Provider, error: 40 - Could not open a connection to SQL Server)	cls_condbmiddle.chk_connect_db()
2024-10-24 02:57:58:440	_Error	ไม่สามารถเชื่อมต่อ Server Middle	frmMain.CheckConnectMiddleAndSecuill
2024-10-24 02:58:00:394	Status	กำลังเชื่อมต่อใหม่อีกครั้ง Server Middle	frmMain.CheckConnectMiddleAndSecuill
2024-10-24 02:58:17:176	_Error	A network-related or instance-specific error occurred while establishing a connection to SQL Server. The server was not found or was not accessible. Verify that the instance name is correct and that SQL Server is configured to allow remote connections. (provider: Named Pipes Provider, error: 40 - Could not open a connection to SQL Server)	cls_condbsecuill.chk_connect_db
2024-10-24 02:58:19:091	_Error	ไม่สามารถเชื่อมต่อ Server secuill	frmMain.CheckConnectMiddleAndSecuill
2024-10-24 02:58:21:003	Status	กำลังเชื่อมต่อใหม่อีกครั้ง Server secuill	frmMain.CheckConnectMiddleAndSecuill
2024-10-24 02:58:44:253	ERROR	A network-related or instance-specific error occurred while establishing a connection to SQL Server. The server was not found or was not accessible. Verify that the instance name is correct and that SQL Server is configured to allow remote connections. (provider: Named Pipes Provider, error: 40 - Could not open a connection to SQL Server)	cls_condbmiddle.chk_connect_db()
2024-10-24 02:58:46:041	_Error	ไม่สามารถเชื่อมต่อ Server Middle	frmMain.CheckConnectMiddleAndSecuill
2024-10-24 02:58:47:983	Status	กำลังเชื่อมต่อใหม่อีกครั้ง Server Middle	frmMain.CheckConnectMiddleAndSecuill
2024-10-24 02:59:04:781	_Error	A network-related or instance-specific error occurred while establishing a connection to SQL Server. The server was not found or was not accessible. Verify that the instance name is correct and that SQL Server is configured to allow remote connections. (provider: Named Pipes Provider, error: 40 - Could not open a connection to SQL Server)	cls_condbsecuill.chk_connect_db
2024-10-24 02:59:06:699	_Error	ไม่สามารถเชื่อมต่อ Server secuill	frmMain.CheckConnectMiddleAndSecuill
2024-10-24 02:59:08:618	Status	กำลังเชื่อมต่อใหม่อีกครั้ง Server secuill	frmMain.CheckConnectMiddleAndSecuill
2024-10-24 02:59:31:717	ERROR	A network-related or instance-specific error occurred while establishing a connection to SQL Server. The server was not found or was not accessible. Verify that the instance name is correct and that SQL Server is configured to allow remote connections. (provider: Named Pipes Provider, error: 40 - Could not open a connection to SQL Server)	cls_condbmiddle.chk_connect_db()
2024-10-24 02:59:33:657	_Error	ไม่สามารถเชื่อมต่อ Server Middle	frmMain.CheckConnectMiddleAndSecuill
2024-10-24 02:59:35:600	Status	กำลังเชื่อมต่อใหม่อีกครั้ง Server Middle	frmMain.CheckConnectMiddleAndSecuill
2024-10-24 02:59:51:889	_Error	A network-related or instance-specific error occurred while establishing a connection to SQL Server. The server was not found or was not accessible. Verify that the instance name is correct and that SQL Server is configured to allow remote connections. (provider: Named Pipes Provider, error: 40 - Could not open a connection to SQL Server)	cls_condbsecuill.chk_connect_db
2024-10-24 02:59:53:802	_Error	ไม่สามารถเชื่อมต่อ Server secuill	frmMain.CheckConnectMiddleAndSecuill
2024-10-24 02:59:55:719	Status	กำลังเชื่อมต่อใหม่อีกครั้ง Server secuill	frmMain.CheckConnectMiddleAndSecuill
2024-10-24 03:00:19:171	ERROR	A network-related or instance-specific error occurred while establishing a connection to SQL Server. The server was not found or was not accessible. Verify that the instance name is correct and that SQL Server is configured to allow remote connections. (provider: Named Pipes Provider, error: 40 - Could not open a connection to SQL Server)	cls_condbmiddle.chk_connect_db()
2024-10-24 03:00:20:742	_Error	ไม่สามารถเชื่อมต่อ Server Middle	frmMain.CheckConnectMiddleAndSecuill
2024-10-24 03:00:22:685	Status	กำลังเชื่อมต่อใหม่อีกครั้ง Server Middle	frmMain.CheckConnectMiddleAndSecuill
2024-10-24 03:00:39:522	_Error	A network-related or instance-specific error occurred while establishing a connection to SQL Server. The server was not found or was not accessible. Verify that the instance name is correct and that SQL Server is configured to allow remote connections. (provider: Named Pipes Provider, error: 40 - Could not open a connection to SQL Server)	cls_condbsecuill.chk_connect_db
2024-10-24 03:00:41:449	_Error	ไม่สามารถเชื่อมต่อ Server secuill	frmMain.CheckConnectMiddleAndSecuill
2024-10-24 03:00:43:362	Status	กำลังเชื่อมต่อใหม่อีกครั้ง Server secuill	frmMain.CheckConnectMiddleAndSecuill
2024-10-24 03:01:06:633	ERROR	A network-related or instance-specific error occurred while establishing a connection to SQL Server. The server was not found or was not accessible. Verify that the instance name is correct and that SQL Server is configured to allow remote connections. (provider: Named Pipes Provider, error: 40 - Could not open a connection to SQL Server)	cls_condbmiddle.chk_connect_db()
2024-10-24 03:01:08:406	_Error	ไม่สามารถเชื่อมต่อ Server Middle	frmMain.CheckConnectMiddleAndSecuill
2024-10-24 03:01:10:358	Status	กำลังเชื่อมต่อใหม่อีกครั้ง Server Middle	frmMain.CheckConnectMiddleAndSecuill
2024-10-24 03:01:27:163	_Error	A network-related or instance-specific error occurred while establishing a connection to SQL Server. The server was not found or was not accessible. Verify that the instance name is correct and that SQL Server is configured to allow remote connections. (provider: Named Pipes Provider, error: 40 - Could not open a connection to SQL Server)	cls_condbsecuill.chk_connect_db
2024-10-24 03:01:29:072	_Error	ไม่สามารถเชื่อมต่อ Server secuill	frmMain.CheckConnectMiddleAndSecuill
2024-10-24 03:01:30:987	Status	กำลังเชื่อมต่อใหม่อีกครั้ง Server secuill	frmMain.CheckConnectMiddleAndSecuill
2024-10-24 03:01:44:077	ERROR	A network-related or instance-specific error occurred while establishing a connection to SQL Server. The server was not found or was not accessible. Verify that the instance name is correct and that SQL Server is configured to allow remote connections. (provider: SQL Network Interfaces, error: 26 - Error Locating Server/Instance Specified)	 (cls_condbserver.ExecuteNonQuery())
2024-10-24 03:01:54:075	ERROR	A network-related or instance-specific error occurred while establishing a connection to SQL Server. The server was not found or was not accessible. Verify that the instance name is correct and that SQL Server is configured to allow remote connections. (provider: Named Pipes Provider, error: 40 - Could not open a connection to SQL Server)	cls_condbmiddle.chk_connect_db()
2024-10-24 03:01:56:019	_Error	ไม่สามารถเชื่อมต่อ Server Middle	frmMain.CheckConnectMiddleAndSecuill
2024-10-24 03:01:57:961	Status	กำลังเชื่อมต่อใหม่อีกครั้ง Server Middle	frmMain.CheckConnectMiddleAndSecuill
2024-10-24 03:02:14:260	_Error	A network-related or instance-specific error occurred while establishing a connection to SQL Server. The server was not found or was not accessible. Verify that the instance name is correct and that SQL Server is configured to allow remote connections. (provider: Named Pipes Provider, error: 40 - Could not open a connection to SQL Server)	cls_condbsecuill.chk_connect_db
2024-10-24 03:02:16:175	_Error	ไม่สามารถเชื่อมต่อ Server secuill	frmMain.CheckConnectMiddleAndSecuill
2024-10-24 03:02:18:083	Status	กำลังเชื่อมต่อใหม่อีกครั้ง Server secuill	frmMain.CheckConnectMiddleAndSecuill
2024-10-24 03:02:41:530	ERROR	A network-related or instance-specific error occurred while establishing a connection to SQL Server. The server was not found or was not accessible. Verify that the instance name is correct and that SQL Server is configured to allow remote connections. (provider: Named Pipes Provider, error: 40 - Could not open a connection to SQL Server)	cls_condbmiddle.chk_connect_db()
2024-10-24 03:02:43:105	_Error	ไม่สามารถเชื่อมต่อ Server Middle	frmMain.CheckConnectMiddleAndSecuill
2024-10-24 03:02:45:047	Status	กำลังเชื่อมต่อใหม่อีกครั้ง Server Middle	frmMain.CheckConnectMiddleAndSecuill
2024-10-24 03:03:01:875	_Error	A network-related or instance-specific error occurred while establishing a connection to SQL Server. The server was not found or was not accessible. Verify that the instance name is correct and that SQL Server is configured to allow remote connections. (provider: Named Pipes Provider, error: 40 - Could not open a connection to SQL Server)	cls_condbsecuill.chk_connect_db
2024-10-24 03:03:03:795	_Error	ไม่สามารถเชื่อมต่อ Server secuill	frmMain.CheckConnectMiddleAndSecuill
2024-10-24 03:03:05:706	Status	กำลังเชื่อมต่อใหม่อีกครั้ง Server secuill	frmMain.CheckConnectMiddleAndSecuill
2024-10-24 03:03:28:978	ERROR	A network-related or instance-specific error occurred while establishing a connection to SQL Server. The server was not found or was not accessible. Verify that the instance name is correct and that SQL Server is configured to allow remote connections. (provider: Named Pipes Provider, error: 40 - Could not open a connection to SQL Server)	cls_condbmiddle.chk_connect_db()
2024-10-24 03:03:30:655	_Error	ไม่สามารถเชื่อมต่อ Server Middle	frmMain.CheckConnectMiddleAndSecuill
2024-10-24 03:03:32:609	Status	กำลังเชื่อมต่อใหม่อีกครั้ง Server Middle	frmMain.CheckConnectMiddleAndSecuill
2024-10-24 03:03:49:379	_Error	A network-related or instance-specific error occurred while establishing a connection to SQL Server. The server was not found or was not accessible. Verify that the instance name is correct and that SQL Server is configured to allow remote connections. (provider: Named Pipes Provider, error: 40 - Could not open a connection to SQL Server)	cls_condbsecuill.chk_connect_db
2024-10-24 03:03:51:297	_Error	ไม่สามารถเชื่อมต่อ Server secuill	frmMain.CheckConnectMiddleAndSecuill
2024-10-24 03:03:53:209	Status	กำลังเชื่อมต่อใหม่อีกครั้ง Server secuill	frmMain.CheckConnectMiddleAndSecuill
2024-10-24 03:04:16:429	ERROR	A network-related or instance-specific error occurred while establishing a connection to SQL Server. The server was not found or was not accessible. Verify that the instance name is correct and that SQL Server is configured to allow remote connections. (provider: Named Pipes Provider, error: 40 - Could not open a connection to SQL Server)	cls_condbmiddle.chk_connect_db()
2024-10-24 03:04:18:219	_Error	ไม่สามารถเชื่อมต่อ Server Middle	frmMain.CheckConnectMiddleAndSecuill
2024-10-24 03:04:20:169	Status	กำลังเชื่อมต่อใหม่อีกครั้ง Server Middle	frmMain.CheckConnectMiddleAndSecuill
2024-10-24 03:04:36:984	_Error	A network-related or instance-specific error occurred while establishing a connection to SQL Server. The server was not found or was not accessible. Verify that the instance name is correct and that SQL Server is configured to allow remote connections. (provider: Named Pipes Provider, error: 40 - Could not open a connection to SQL Server)	cls_condbsecuill.chk_connect_db
2024-10-24 03:04:38:904	_Error	ไม่สามารถเชื่อมต่อ Server secuill	frmMain.CheckConnectMiddleAndSecuill
2024-10-24 03:04:40:820	Status	กำลังเชื่อมต่อใหม่อีกครั้ง Server secuill	frmMain.CheckConnectMiddleAndSecuill
2024-10-24 03:05:03:891	ERROR	A network-related or instance-specific error occurred while establishing a connection to SQL Server. The server was not found or was not accessible. Verify that the instance name is correct and that SQL Server is configured to allow remote connections. (provider: Named Pipes Provider, error: 40 - Could not open a connection to SQL Server)	cls_condbmiddle.chk_connect_db()
2024-10-24 03:05:05:851	_Error	ไม่สามารถเชื่อมต่อ Server Middle	frmMain.CheckConnectMiddleAndSecuill
2024-10-24 03:05:07:822	Status	กำลังเชื่อมต่อใหม่อีกครั้ง Server Middle	frmMain.CheckConnectMiddleAndSecuill
2024-10-24 03:05:24:142	_Error	A network-related or instance-specific error occurred while establishing a connection to SQL Server. The server was not found or was not accessible. Verify that the instance name is correct and that SQL Server is configured to allow remote connections. (provider: Named Pipes Provider, error: 40 - Could not open a connection to SQL Server)	cls_condbsecuill.chk_connect_db
2024-10-24 03:05:26:051	_Error	ไม่สามารถเชื่อมต่อ Server secuill	frmMain.CheckConnectMiddleAndSecuill
2024-10-24 03:05:27:961	Status	กำลังเชื่อมต่อใหม่อีกครั้ง Server secuill	frmMain.CheckConnectMiddleAndSecuill
2024-10-24 03:05:51:390	ERROR	A network-related or instance-specific error occurred while establishing a connection to SQL Server. The server was not found or was not accessible. Verify that the instance name is correct and that SQL Server is configured to allow remote connections. (provider: Named Pipes Provider, error: 40 - Could not open a connection to SQL Server)	cls_condbmiddle.chk_connect_db()
2024-10-24 03:05:52:946	_Error	ไม่สามารถเชื่อมต่อ Server Middle	frmMain.CheckConnectMiddleAndSecuill
2024-10-24 03:05:54:892	Status	กำลังเชื่อมต่อใหม่อีกครั้ง Server Middle	frmMain.CheckConnectMiddleAndSecuill
2024-10-24 03:06:11:702	_Error	A network-related or instance-specific error occurred while establishing a connection to SQL Server. The server was not found or was not accessible. Verify that the instance name is correct and that SQL Server is configured to allow remote connections. (provider: Named Pipes Provider, error: 40 - Could not open a connection to SQL Server)	cls_condbsecuill.chk_connect_db
2024-10-24 03:06:13:620	_Error	ไม่สามารถเชื่อมต่อ Server secuill	frmMain.CheckConnectMiddleAndSecuill
2024-10-24 03:06:15:535	Status	กำลังเชื่อมต่อใหม่อีกครั้ง Server secuill	frmMain.CheckConnectMiddleAndSecuill
2024-10-24 03:06:28:825	ERROR	A network-related or instance-specific error occurred while establishing a connection to SQL Server. The server was not found or was not accessible. Verify that the instance name is correct and that SQL Server is configured to allow remote connections. (provider: SQL Network Interfaces, error: 26 - Error Locating Server/Instance Specified)	 (cls_condbserver.ExecuteNonQuery())
2024-10-24 03:06:38:840	ERROR	A network-related or instance-specific error occurred while establishing a connection to SQL Server. The server was not found or was not accessible. Verify that the instance name is correct and that SQL Server is configured to allow remote connections. (provider: Named Pipes Provider, error: 40 - Could not open a connection to SQL Server)	cls_condbmiddle.chk_connect_db()
2024-10-24 03:06:40:561	_Error	ไม่สามารถเชื่อมต่อ Server Middle	frmMain.CheckConnectMiddleAndSecuill
2024-10-24 03:06:42:513	Status	กำลังเชื่อมต่อใหม่อีกครั้ง Server Middle	frmMain.CheckConnectMiddleAndSecuill
2024-10-24 03:06:59:341	_Error	A network-related or instance-specific error occurred while establishing a connection to SQL Server. The server was not found or was not accessible. Verify that the instance name is correct and that SQL Server is configured to allow remote connections. (provider: Named Pipes Provider, error: 40 - Could not open a connection to SQL Server)	cls_condbsecuill.chk_connect_db
2024-10-24 03:07:01:254	_Error	ไม่สามารถเชื่อมต่อ Server secuill	frmMain.CheckConnectMiddleAndSecuill
2024-10-24 03:07:03:168	Status	กำลังเชื่อมต่อใหม่อีกครั้ง Server secuill	frmMain.CheckConnectMiddleAndSecuill
2024-10-24 03:07:26:302	ERROR	A network-related or instance-specific error occurred while establishing a connection to SQL Server. The server was not found or was not accessible. Verify that the instance name is correct and that SQL Server is configured to allow remote connections. (provider: Named Pipes Provider, error: 40 - Could not open a connection to SQL Server)	cls_condbmiddle.chk_connect_db()
2024-10-24 03:07:28:214	_Error	ไม่สามารถเชื่อมต่อ Server Middle	frmMain.CheckConnectMiddleAndSecuill
2024-10-24 03:07:30:158	Status	กำลังเชื่อมต่อใหม่อีกครั้ง Server Middle	frmMain.CheckConnectMiddleAndSecuill
2024-10-24 03:07:46:939	_Error	A network-related or instance-specific error occurred while establishing a connection to SQL Server. The server was not found or was not accessible. Verify that the instance name is correct and that SQL Server is configured to allow remote connections. (provider: Named Pipes Provider, error: 40 - Could not open a connection to SQL Server)	cls_condbsecuill.chk_connect_db
2024-10-24 03:07:48:857	_Error	ไม่สามารถเชื่อมต่อ Server secuill	frmMain.CheckConnectMiddleAndSecuill
2024-10-24 03:07:50:778	Status	กำลังเชื่อมต่อใหม่อีกครั้ง Server secuill	frmMain.CheckConnectMiddleAndSecuill
2024-10-24 03:08:13:784	ERROR	A network-related or instance-specific error occurred while establishing a connection to SQL Server. The server was not found or was not accessible. Verify that the instance name is correct and that SQL Server is configured to allow remote connections. (provider: Named Pipes Provider, error: 40 - Could not open a connection to SQL Server)	cls_condbmiddle.chk_connect_db()
2024-10-24 03:08:15:263	_Error	ไม่สามารถเชื่อมต่อ Server Middle	frmMain.CheckConnectMiddleAndSecuill
2024-10-24 03:08:17:722	Status	กำลังเชื่อมต่อใหม่อีกครั้ง Server Middle	frmMain.CheckConnectMiddleAndSecuill
2024-10-24 03:08:34:018	_Error	A network-related or instance-specific error occurred while establishing a connection to SQL Server. The server was not found or was not accessible. Verify that the instance name is correct and that SQL Server is configured to allow remote connections. (provider: Named Pipes Provider, error: 40 - Could not open a connection to SQL Server)	cls_condbsecuill.chk_connect_db
2024-10-24 03:08:35:933	_Error	ไม่สามารถเชื่อมต่อ Server secuill	frmMain.CheckConnectMiddleAndSecuill
2024-10-24 03:08:37:852	Status	กำลังเชื่อมต่อใหม่อีกครั้ง Server secuill	frmMain.CheckConnectMiddleAndSecuill
2024-10-24 03:09:01:229	ERROR	A network-related or instance-specific error occurred while establishing a connection to SQL Server. The server was not found or was not accessible. Verify that the instance name is correct and that SQL Server is configured to allow remote connections. (provider: Named Pipes Provider, error: 40 - Could not open a connection to SQL Server)	cls_condbmiddle.chk_connect_db()
2024-10-24 03:09:02:868	_Error	ไม่สามารถเชื่อมต่อ Server Middle	frmMain.CheckConnectMiddleAndSecuill
2024-10-24 03:09:04:813	Status	กำลังเชื่อมต่อใหม่อีกครั้ง Server Middle	frmMain.CheckConnectMiddleAndSecuill
2024-10-24 03:09:21:655	_Error	A network-related or instance-specific error occurred while establishing a connection to SQL Server. The server was not found or was not accessible. Verify that the instance name is correct and that SQL Server is configured to allow remote connections. (provider: Named Pipes Provider, error: 40 - Could not open a connection to SQL Server)	cls_condbsecuill.chk_connect_db
2024-10-24 03:09:23:567	_Error	ไม่สามารถเชื่อมต่อ Server secuill	frmMain.CheckConnectMiddleAndSecuill
2024-10-24 03:09:25:484	Status	กำลังเชื่อมต่อใหม่อีกครั้ง Server secuill	frmMain.CheckConnectMiddleAndSecuill
2024-10-24 03:09:48:708	ERROR	A network-related or instance-specific error occurred while establishing a connection to SQL Server. The server was not found or was not accessible. Verify that the instance name is correct and that SQL Server is configured to allow remote connections. (provider: Named Pipes Provider, error: 40 - Could not open a connection to SQL Server)	cls_condbmiddle.chk_connect_db()
2024-10-24 03:09:50:511	_Error	ไม่สามารถเชื่อมต่อ Server Middle	frmMain.CheckConnectMiddleAndSecuill
2024-10-24 03:09:52:457	Status	กำลังเชื่อมต่อใหม่อีกครั้ง Server Middle	frmMain.CheckConnectMiddleAndSecuill
2024-10-24 03:10:09:282	_Error	A network-related or instance-specific error occurred while establishing a connection to SQL Server. The server was not found or was not accessible. Verify that the instance name is correct and that SQL Server is configured to allow remote connections. (provider: Named Pipes Provider, error: 40 - Could not open a connection to SQL Server)	cls_condbsecuill.chk_connect_db
2024-10-24 03:10:11:194	_Error	ไม่สามารถเชื่อมต่อ Server secuill	frmMain.CheckConnectMiddleAndSecuill
2024-10-24 03:10:13:108	Status	กำลังเชื่อมต่อใหม่อีกครั้ง Server secuill	frmMain.CheckConnectMiddleAndSecuill
2024-10-24 03:10:36:160	ERROR	A network-related or instance-specific error occurred while establishing a connection to SQL Server. The server was not found or was not accessible. Verify that the instance name is correct and that SQL Server is configured to allow remote connections. (provider: Named Pipes Provider, error: 40 - Could not open a connection to SQL Server)	cls_condbmiddle.chk_connect_db()
2024-10-24 03:10:38:089	_Error	ไม่สามารถเชื่อมต่อ Server Middle	frmMain.CheckConnectMiddleAndSecuill
2024-10-24 03:10:40:027	Status	กำลังเชื่อมต่อใหม่อีกครั้ง Server Middle	frmMain.CheckConnectMiddleAndSecuill
2024-10-24 03:10:56:352	_Error	A network-related or instance-specific error occurred while establishing a connection to SQL Server. The server was not found or was not accessible. Verify that the instance name is correct and that SQL Server is configured to allow remote connections. (provider: Named Pipes Provider, error: 40 - Could not open a connection to SQL Server)	cls_condbsecuill.chk_connect_db
2024-10-24 03:10:58:264	_Error	ไม่สามารถเชื่อมต่อ Server secuill	frmMain.CheckConnectMiddleAndSecuill
2024-10-24 03:11:00:193	Status	กำลังเชื่อมต่อใหม่อีกครั้ง Server secuill	frmMain.CheckConnectMiddleAndSecuill
2024-10-24 03:11:13:619	ERROR	A network-related or instance-specific error occurred while establishing a connection to SQL Server. The server was not found or was not accessible. Verify that the instance name is correct and that SQL Server is configured to allow remote connections. (provider: SQL Network Interfaces, error: 26 - Error Locating Server/Instance Specified)	 (cls_condbserver.ExecuteNonQuery())
2024-10-24 03:11:23:622	ERROR	A network-related or instance-specific error occurred while establishing a connection to SQL Server. The server was not found or was not accessible. Verify that the instance name is correct and that SQL Server is configured to allow remote connections. (provider: Named Pipes Provider, error: 40 - Could not open a connection to SQL Server)	cls_condbmiddle.chk_connect_db()
2024-10-24 03:11:25:204	_Error	ไม่สามารถเชื่อมต่อ Server Middle	frmMain.CheckConnectMiddleAndSecuill
2024-10-24 03:11:27:153	Status	กำลังเชื่อมต่อใหม่อีกครั้ง Server Middle	frmMain.CheckConnectMiddleAndSecuill
2024-10-24 03:11:43:979	_Error	A network-related or instance-specific error occurred while establishing a connection to SQL Server. The server was not found or was not accessible. Verify that the instance name is correct and that SQL Server is configured to allow remote connections. (provider: Named Pipes Provider, error: 40 - Could not open a connection to SQL Server)	cls_condbsecuill.chk_connect_db
2024-10-24 03:11:45:889	_Error	ไม่สามารถเชื่อมต่อ Server secuill	frmMain.CheckConnectMiddleAndSecuill
2024-10-24 03:11:47:801	Status	กำลังเชื่อมต่อใหม่อีกครั้ง Server secuill	frmMain.CheckConnectMiddleAndSecuill
2024-10-24 03:12:11:104	ERROR	A network-related or instance-specific error occurred while establishing a connection to SQL Server. The server was not found or was not accessible. Verify that the instance name is correct and that SQL Server is configured to allow remote connections. (provider: Named Pipes Provider, error: 40 - Could not open a connection to SQL Server)	cls_condbmiddle.chk_connect_db()
2024-10-24 03:12:12:863	_Error	ไม่สามารถเชื่อมต่อ Server Middle	frmMain.CheckConnectMiddleAndSecuill
2024-10-24 03:12:14:811	Status	กำลังเชื่อมต่อใหม่อีกครั้ง Server Middle	frmMain.CheckConnectMiddleAndSecuill
2024-10-24 03:12:31:635	_Error	A network-related or instance-specific error occurred while establishing a connection to SQL Server. The server was not found or was not accessible. Verify that the instance name is correct and that SQL Server is configured to allow remote connections. (provider: Named Pipes Provider, error: 40 - Could not open a connection to SQL Server)	cls_condbsecuill.chk_connect_db
2024-10-24 03:12:33:554	_Error	ไม่สามารถเชื่อมต่อ Server secuill	frmMain.CheckConnectMiddleAndSecuill
2024-10-24 03:12:35:472	Status	กำลังเชื่อมต่อใหม่อีกครั้ง Server secuill	frmMain.CheckConnectMiddleAndSecuill
2024-10-24 03:12:58:538	ERROR	A network-related or instance-specific error occurred while establishing a connection to SQL Server. The server was not found or was not accessible. Verify that the instance name is correct and that SQL Server is configured to allow remote connections. (provider: Named Pipes Provider, error: 40 - Could not open a connection to SQL Server)	cls_condbmiddle.chk_connect_db()
2024-10-24 03:13:00:005	_Error	ไม่สามารถเชื่อมต่อ Server Middle	frmMain.CheckConnectMiddleAndSecuill
2024-10-24 03:13:02:464	Status	กำลังเชื่อมต่อใหม่อีกครั้ง Server Middle	frmMain.CheckConnectMiddleAndSecuill
2024-10-24 03:13:18:766	_Error	A network-related or instance-specific error occurred while establishing a connection to SQL Server. The server was not found or was not accessible. Verify that the instance name is correct and that SQL Server is configured to allow remote connections. (provider: Named Pipes Provider, error: 40 - Could not open a connection to SQL Server)	cls_condbsecuill.chk_connect_db
2024-10-24 03:13:20:686	_Error	ไม่สามารถเชื่อมต่อ Server secuill	frmMain.CheckConnectMiddleAndSecuill
2024-10-24 03:13:22:607	Status	กำลังเชื่อมต่อใหม่อีกครั้ง Server secuill	frmMain.CheckConnectMiddleAndSecuill
2024-10-24 03:13:46:036	ERROR	A network-related or instance-specific error occurred while establishing a connection to SQL Server. The server was not found or was not accessible. Verify that the instance name is correct and that SQL Server is configured to allow remote connections. (provider: Named Pipes Provider, error: 40 - Could not open a connection to SQL Server)	cls_condbmiddle.chk_connect_db()
2024-10-24 03:13:47:670	_Error	ไม่สามารถเชื่อมต่อ Server Middle	frmMain.CheckConnectMiddleAndSecuill
2024-10-24 03:13:49:611	Status	กำลังเชื่อมต่อใหม่อีกครั้ง Server Middle	frmMain.CheckConnectMiddleAndSecuill
2024-10-24 03:14:06:412	_Error	A network-related or instance-specific error occurred while establishing a connection to SQL Server. The server was not found or was not accessible. Verify that the instance name is correct and that SQL Server is configured to allow remote connections. (provider: Named Pipes Provider, error: 40 - Could not open a connection to SQL Server)	cls_condbsecuill.chk_connect_db
2024-10-24 03:14:08:333	_Error	ไม่สามารถเชื่อมต่อ Server secuill	frmMain.CheckConnectMiddleAndSecuill
2024-10-24 03:14:10:242	Status	กำลังเชื่อมต่อใหม่อีกครั้ง Server secuill	frmMain.CheckConnectMiddleAndSecuill
2024-10-24 03:14:33:467	ERROR	A network-related or instance-specific error occurred while establishing a connection to SQL Server. The server was not found or was not accessible. Verify that the instance name is correct and that SQL Server is configured to allow remote connections. (provider: Named Pipes Provider, error: 40 - Could not open a connection to SQL Server)	cls_condbmiddle.chk_connect_db()
2024-10-24 03:14:35:223	_Error	ไม่สามารถเชื่อมต่อ Server Middle	frmMain.CheckConnectMiddleAndSecuill
2024-10-24 03:14:37:169	Status	กำลังเชื่อมต่อใหม่อีกครั้ง Server Middle	frmMain.CheckConnectMiddleAndSecuill
2024-10-24 03:14:53:986	_Error	A network-related or instance-specific error occurred while establishing a connection to SQL Server. The server was not found or was not accessible. Verify that the instance name is correct and that SQL Server is configured to allow remote connections. (provider: Named Pipes Provider, error: 40 - Could not open a connection to SQL Server)	cls_condbsecuill.chk_connect_db
2024-10-24 03:14:55:900	_Error	ไม่สามารถเชื่อมต่อ Server secuill	frmMain.CheckConnectMiddleAndSecuill
2024-10-24 03:14:57:817	Status	กำลังเชื่อมต่อใหม่อีกครั้ง Server secuill	frmMain.CheckConnectMiddleAndSecuill
2024-10-24 03:15:20:930	ERROR	A network-related or instance-specific error occurred while establishing a connection to SQL Server. The server was not found or was not accessible. Verify that the instance name is correct and that SQL Server is configured to allow remote connections. (provider: Named Pipes Provider, error: 40 - Could not open a connection to SQL Server)	cls_condbmiddle.chk_connect_db()
2024-10-24 03:15:22:861	_Error	ไม่สามารถเชื่อมต่อ Server Middle	frmMain.CheckConnectMiddleAndSecuill
2024-10-24 03:15:24:807	Status	กำลังเชื่อมต่อใหม่อีกครั้ง Server Middle	frmMain.CheckConnectMiddleAndSecuill
2024-10-24 03:15:41:590	_Error	A network-related or instance-specific error occurred while establishing a connection to SQL Server. The server was not found or was not accessible. Verify that the instance name is correct and that SQL Server is configured to allow remote connections. (provider: Named Pipes Provider, error: 40 - Could not open a connection to SQL Server)	cls_condbsecuill.chk_connect_db
2024-10-24 03:15:43:501	_Error	ไม่สามารถเชื่อมต่อ Server secuill	frmMain.CheckConnectMiddleAndSecuill
2024-10-24 03:15:45:419	Status	กำลังเชื่อมต่อใหม่อีกครั้ง Server secuill	frmMain.CheckConnectMiddleAndSecuill
2024-10-24 03:15:58:367	ERROR	A network-related or instance-specific error occurred while establishing a connection to SQL Server. The server was not found or was not accessible. Verify that the instance name is correct and that SQL Server is configured to allow remote connections. (provider: SQL Network Interfaces, error: 26 - Error Locating Server/Instance Specified)	 (cls_condbserver.ExecuteNonQuery())
2024-10-24 03:16:08:382	ERROR	A network-related or instance-specific error occurred while establishing a connection to SQL Server. The server was not found or was not accessible. Verify that the instance name is correct and that SQL Server is configured to allow remote connections. (provider: Named Pipes Provider, error: 40 - Could not open a connection to SQL Server)	cls_condbmiddle.chk_connect_db()
2024-10-24 03:16:09:922	_Error	ไม่สามารถเชื่อมต่อ Server Middle	frmMain.CheckConnectMiddleAndSecuill
2024-10-24 03:16:11:869	Status	กำลังเชื่อมต่อใหม่อีกครั้ง Server Middle	frmMain.CheckConnectMiddleAndSecuill
2024-10-24 03:16:28:692	_Error	A network-related or instance-specific error occurred while establishing a connection to SQL Server. The server was not found or was not accessible. Verify that the instance name is correct and that SQL Server is configured to allow remote connections. (provider: Named Pipes Provider, error: 40 - Could not open a connection to SQL Server)	cls_condbsecuill.chk_connect_db
2024-10-24 03:16:30:603	_Error	ไม่สามารถเชื่อมต่อ Server secuill	frmMain.CheckConnectMiddleAndSecuill
2024-10-24 03:16:32:517	Status	กำลังเชื่อมต่อใหม่อีกครั้ง Server secuill	frmMain.CheckConnectMiddleAndSecuill
2024-10-24 03:16:55:845	ERROR	A network-related or instance-specific error occurred while establishing a connection to SQL Server. The server was not found or was not accessible. Verify that the instance name is correct and that SQL Server is configured to allow remote connections. (provider: Named Pipes Provider, error: 40 - Could not open a connection to SQL Server)	cls_condbmiddle.chk_connect_db()
2024-10-24 03:16:57:526	_Error	ไม่สามารถเชื่อมต่อ Server Middle	frmMain.CheckConnectMiddleAndSecuill
2024-10-24 03:16:59:471	Status	กำลังเชื่อมต่อใหม่อีกครั้ง Server Middle	frmMain.CheckConnectMiddleAndSecuill
2024-10-24 03:17:16:243	_Error	A network-related or instance-specific error occurred while establishing a connection to SQL Server. The server was not found or was not accessible. Verify that the instance name is correct and that SQL Server is configured to allow remote connections. (provider: Named Pipes Provider, error: 40 - Could not open a connection to SQL Server)	cls_condbsecuill.chk_connect_db
2024-10-24 03:17:18:157	_Error	ไม่สามารถเชื่อมต่อ Server secuill	frmMain.CheckConnectMiddleAndSecuill
2024-10-24 03:17:20:071	Status	กำลังเชื่อมต่อใหม่อีกครั้ง Server secuill	frmMain.CheckConnectMiddleAndSecuill
2024-10-24 03:17:43:298	ERROR	A network-related or instance-specific error occurred while establishing a connection to SQL Server. The server was not found or was not accessible. Verify that the instance name is correct and that SQL Server is configured to allow remote connections. (provider: Named Pipes Provider, error: 40 - Could not open a connection to SQL Server)	cls_condbmiddle.chk_connect_db()
2024-10-24 03:17:45:076	_Error	ไม่สามารถเชื่อมต่อ Server Middle	frmMain.CheckConnectMiddleAndSecuill
2024-10-24 03:17:47:014	Status	กำลังเชื่อมต่อใหม่อีกครั้ง Server Middle	frmMain.CheckConnectMiddleAndSecuill
2024-10-24 03:18:03:811	_Error	A network-related or instance-specific error occurred while establishing a connection to SQL Server. The server was not found or was not accessible. Verify that the instance name is correct and that SQL Server is configured to allow remote connections. (provider: Named Pipes Provider, error: 40 - Could not open a connection to SQL Server)	cls_condbsecuill.chk_connect_db
2024-10-24 03:18:05:735	_Error	ไม่สามารถเชื่อมต่อ Server secuill	frmMain.CheckConnectMiddleAndSecuill
2024-10-24 03:18:07:652	Status	กำลังเชื่อมต่อใหม่อีกครั้ง Server secuill	frmMain.CheckConnectMiddleAndSecuill
2024-10-24 03:18:30:766	ERROR	A network-related or instance-specific error occurred while establishing a connection to SQL Server. The server was not found or was not accessible. Verify that the instance name is correct and that SQL Server is configured to allow remote connections. (provider: Named Pipes Provider, error: 40 - Could not open a connection to SQL Server)	cls_condbmiddle.chk_connect_db()
2024-10-24 03:18:32:667	_Error	ไม่สามารถเชื่อมต่อ Server Middle	frmMain.CheckConnectMiddleAndSecuill
2024-10-24 03:18:34:612	Status	กำลังเชื่อมต่อใหม่อีกครั้ง Server Middle	frmMain.CheckConnectMiddleAndSecuill
2024-10-24 03:18:51:439	_Error	A network-related or instance-specific error occurred while establishing a connection to SQL Server. The server was not found or was not accessible. Verify that the instance name is correct and that SQL Server is configured to allow remote connections. (provider: Named Pipes Provider, error: 40 - Could not open a connection to SQL Server)	cls_condbsecuill.chk_connect_db
2024-10-24 03:18:53:355	_Error	ไม่สามารถเชื่อมต่อ Server secuill	frmMain.CheckConnectMiddleAndSecuill
2024-10-24 03:18:55:280	Status	กำลังเชื่อมต่อใหม่อีกครั้ง Server secuill	frmMain.CheckConnectMiddleAndSecuill
2024-10-24 03:19:18:283	ERROR	A network-related or instance-specific error occurred while establishing a connection to SQL Server. The server was not found or was not accessible. Verify that the instance name is correct and that SQL Server is configured to allow remote connections. (provider: Named Pipes Provider, error: 40 - Could not open a connection to SQL Server)	cls_condbmiddle.chk_connect_db()
2024-10-24 03:19:19:780	_Error	ไม่สามารถเชื่อมต่อ Server Middle	frmMain.CheckConnectMiddleAndSecuill
2024-10-24 03:19:22:249	Status	กำลังเชื่อมต่อใหม่อีกครั้ง Server Middle	frmMain.CheckConnectMiddleAndSecuill
2024-10-24 03:19:38:578	_Error	A network-related or instance-specific error occurred while establishing a connection to SQL Server. The server was not found or was not accessible. Verify that the instance name is correct and that SQL Server is configured to allow remote connections. (provider: Named Pipes Provider, error: 40 - Could not open a connection to SQL Server)	cls_condbsecuill.chk_connect_db
2024-10-24 03:19:40:498	_Error	ไม่สามารถเชื่อมต่อ Server secuill	frmMain.CheckConnectMiddleAndSecuill
2024-10-24 03:19:42:415	Status	กำลังเชื่อมต่อใหม่อีกครั้ง Server secuill	frmMain.CheckConnectMiddleAndSecuill
2024-10-24 03:20:05:752	ERROR	A network-related or instance-specific error occurred while establishing a connection to SQL Server. The server was not found or was not accessible. Verify that the instance name is correct and that SQL Server is configured to allow remote connections. (provider: Named Pipes Provider, error: 40 - Could not open a connection to SQL Server)	cls_condbmiddle.chk_connect_db()
2024-10-24 03:20:07:371	_Error	ไม่สามารถเชื่อมต่อ Server Middle	frmMain.CheckConnectMiddleAndSecuill
2024-10-24 03:20:09:312	Status	กำลังเชื่อมต่อใหม่อีกครั้ง Server Middle	frmMain.CheckConnectMiddleAndSecuill
2024-10-24 03:20:26:120	_Error	A network-related or instance-specific error occurred while establishing a connection to SQL Server. The server was not found or was not accessible. Verify that the instance name is correct and that SQL Server is configured to allow remote connections. (provider: Named Pipes Provider, error: 40 - Could not open a connection to SQL Server)	cls_condbsecuill.chk_connect_db
2024-10-24 03:20:28:033	_Error	ไม่สามารถเชื่อมต่อ Server secuill	frmMain.CheckConnectMiddleAndSecuill
2024-10-24 03:20:29:954	Status	กำลังเชื่อมต่อใหม่อีกครั้ง Server secuill	frmMain.CheckConnectMiddleAndSecuill
2024-10-24 03:20:43:165	ERROR	A network-related or instance-specific error occurred while establishing a connection to SQL Server. The server was not found or was not accessible. Verify that the instance name is correct and that SQL Server is configured to allow remote connections. (provider: SQL Network Interfaces, error: 26 - Error Locating Server/Instance Specified)	 (cls_condbserver.ExecuteNonQuery())
2024-10-24 03:20:53:183	ERROR	A network-related or instance-specific error occurred while establishing a connection to SQL Server. The server was not found or was not accessible. Verify that the instance name is correct and that SQL Server is configured to allow remote connections. (provider: Named Pipes Provider, error: 40 - Could not open a connection to SQL Server)	cls_condbmiddle.chk_connect_db()
2024-10-24 03:20:54:939	_Error	ไม่สามารถเชื่อมต่อ Server Middle	frmMain.CheckConnectMiddleAndSecuill
2024-10-24 03:20:56:884	Status	กำลังเชื่อมต่อใหม่อีกครั้ง Server Middle	frmMain.CheckConnectMiddleAndSecuill
2024-10-24 03:21:13:677	_Error	A network-related or instance-specific error occurred while establishing a connection to SQL Server. The server was not found or was not accessible. Verify that the instance name is correct and that SQL Server is configured to allow remote connections. (provider: Named Pipes Provider, error: 40 - Could not open a connection to SQL Server)	cls_condbsecuill.chk_connect_db
2024-10-24 03:21:15:597	_Error	ไม่สามารถเชื่อมต่อ Server secuill	frmMain.CheckConnectMiddleAndSecuill
2024-10-24 03:21:17:517	Status	กำลังเชื่อมต่อใหม่อีกครั้ง Server secuill	frmMain.CheckConnectMiddleAndSecuill
2024-10-24 03:21:40:689	ERROR	A network-related or instance-specific error occurred while establishing a connection to SQL Server. The server was not found or was not accessible. Verify that the instance name is correct and that SQL Server is configured to allow remote connections. (provider: Named Pipes Provider, error: 40 - Could not open a connection to SQL Server)	cls_condbmiddle.chk_connect_db()
2024-10-24 03:21:42:528	_Error	ไม่สามารถเชื่อมต่อ Server Middle	frmMain.CheckConnectMiddleAndSecuill
2024-10-24 03:21:44:480	Status	กำลังเชื่อมต่อใหม่อีกครั้ง Server Middle	frmMain.CheckConnectMiddleAndSecuill
2024-10-24 03:22:01:299	_Error	A network-related or instance-specific error occurred while establishing a connection to SQL Server. The server was not found or was not accessible. Verify that the instance name is correct and that SQL Server is configured to allow remote connections. (provider: Named Pipes Provider, error: 40 - Could not open a connection to SQL Server)	cls_condbsecuill.chk_connect_db
2024-10-24 03:22:03:219	_Error	ไม่สามารถเชื่อมต่อ Server secuill	frmMain.CheckConnectMiddleAndSecuill
2024-10-24 03:22:05:137	Status	กำลังเชื่อมต่อใหม่อีกครั้ง Server secuill	frmMain.CheckConnectMiddleAndSecuill
2024-10-24 03:22:28:163	ERROR	A network-related or instance-specific error occurred while establishing a connection to SQL Server. The server was not found or was not accessible. Verify that the instance name is correct and that SQL Server is configured to allow remote connections. (provider: Named Pipes Provider, error: 40 - Could not open a connection to SQL Server)	cls_condbmiddle.chk_connect_db()
2024-10-24 03:22:29:625	_Error	ไม่สามารถเชื่อมต่อ Server Middle	frmMain.CheckConnectMiddleAndSecuill
2024-10-24 03:22:32:090	Status	กำลังเชื่อมต่อใหม่อีกครั้ง Server Middle	frmMain.CheckConnectMiddleAndSecuill
2024-10-24 03:22:48:402	_Error	A network-related or instance-specific error occurred while establishing a connection to SQL Server. The server was not found or was not accessible. Verify that the instance name is correct and that SQL Server is configured to allow remote connections. (provider: Named Pipes Provider, error: 40 - Could not open a connection to SQL Server)	cls_condbsecuill.chk_connect_db
2024-10-24 03:22:50:317	_Error	ไม่สามารถเชื่อมต่อ Server secuill	frmMain.CheckConnectMiddleAndSecuill
2024-10-24 03:22:52:228	Status	กำลังเชื่อมต่อใหม่อีกครั้ง Server secuill	frmMain.CheckConnectMiddleAndSecuill
2024-10-24 03:23:15:630	ERROR	A network-related or instance-specific error occurred while establishing a connection to SQL Server. The server was not found or was not accessible. Verify that the instance name is correct and that SQL Server is configured to allow remote connections. (provider: Named Pipes Provider, error: 40 - Could not open a connection to SQL Server)	cls_condbmiddle.chk_connect_db()
2024-10-24 03:23:17:219	_Error	ไม่สามารถเชื่อมต่อ Server Middle	frmMain.CheckConnectMiddleAndSecuill
2024-10-24 03:23:19:172	Status	กำลังเชื่อมต่อใหม่อีกครั้ง Server Middle	frmMain.CheckConnectMiddleAndSecuill
2024-10-24 03:23:35:994	_Error	A network-related or instance-specific error occurred while establishing a connection to SQL Server. The server was not found or was not accessible. Verify that the instance name is correct and that SQL Server is configured to allow remote connections. (provider: Named Pipes Provider, error: 40 - Could not open a connection to SQL Server)	cls_condbsecuill.chk_connect_db
2024-10-24 03:23:37:914	_Error	ไม่สามารถเชื่อมต่อ Server secuill	frmMain.CheckConnectMiddleAndSecuill
2024-10-24 03:23:39:830	Status	กำลังเชื่อมต่อใหม่อีกครั้ง Server secuill	frmMain.CheckConnectMiddleAndSecuill
2024-10-24 03:24:03:070	ERROR	A network-related or instance-specific error occurred while establishing a connection to SQL Server. The server was not found or was not accessible. Verify that the instance name is correct and that SQL Server is configured to allow remote connections. (provider: Named Pipes Provider, error: 40 - Could not open a connection to SQL Server)	cls_condbmiddle.chk_connect_db()
2024-10-24 03:24:04:847	_Error	ไม่สามารถเชื่อมต่อ Server Middle	frmMain.CheckConnectMiddleAndSecuill
2024-10-24 03:24:06:793	Status	กำลังเชื่อมต่อใหม่อีกครั้ง Server Middle	frmMain.CheckConnectMiddleAndSecuill
2024-10-24 03:24:23:609	_Error	A network-related or instance-specific error occurred while establishing a connection to SQL Server. The server was not found or was not accessible. Verify that the instance name is correct and that SQL Server is configured to allow remote connections. (provider: Named Pipes Provider, error: 40 - Could not open a connection to SQL Server)	cls_condbsecuill.chk_connect_db
2024-10-24 03:24:25:528	_Error	ไม่สามารถเชื่อมต่อ Server secuill	frmMain.CheckConnectMiddleAndSecuill
2024-10-24 03:24:27:450	Status	กำลังเชื่อมต่อใหม่อีกครั้ง Server secuill	frmMain.CheckConnectMiddleAndSecuill
2024-10-24 03:24:50:517	ERROR	A network-related or instance-specific error occurred while establishing a connection to SQL Server. The server was not found or was not accessible. Verify that the instance name is correct and that SQL Server is configured to allow remote connections. (provider: Named Pipes Provider, error: 40 - Could not open a connection to SQL Server)	cls_condbmiddle.chk_connect_db()
2024-10-24 03:24:52:200	_Error	ไม่สามารถเชื่อมต่อ Server Middle	frmMain.CheckConnectMiddleAndSecuill
2024-10-24 03:24:54:152	Status	กำลังเชื่อมต่อใหม่อีกครั้ง Server Middle	frmMain.CheckConnectMiddleAndSecuill
2024-10-24 03:25:10:793	_Error	A network-related or instance-specific error occurred while establishing a connection to SQL Server. The server was not found or was not accessible. Verify that the instance name is correct and that SQL Server is configured to allow remote connections. (provider: Named Pipes Provider, error: 40 - Could not open a connection to SQL Server)	cls_condbsecuill.chk_connect_db
2024-10-24 03:25:12:725	_Error	ไม่สามารถเชื่อมต่อ Server secuill	frmMain.CheckConnectMiddleAndSecuill
2024-10-24 03:25:14:651	Status	กำลังเชื่อมต่อใหม่อีกครั้ง Server secuill	frmMain.CheckConnectMiddleAndSecuill
2024-10-24 03:25:27:897	ERROR	A network-related or instance-specific error occurred while establishing a connection to SQL Server. The server was not found or was not accessible. Verify that the instance name is correct and that SQL Server is configured to allow remote connections. (provider: SQL Network Interfaces, error: 26 - Error Locating Server/Instance Specified)	 (cls_condbserver.ExecuteNonQuery())
2024-10-24 03:25:37:882	ERROR	A network-related or instance-specific error occurred while establishing a connection to SQL Server. The server was not found or was not accessible. Verify that the instance name is correct and that SQL Server is configured to allow remote connections. (provider: Named Pipes Provider, error: 40 - Could not open a connection to SQL Server)	cls_condbmiddle.chk_connect_db()
2024-10-24 03:25:39:403	_Error	ไม่สามารถเชื่อมต่อ Server Middle	frmMain.CheckConnectMiddleAndSecuill
2024-10-24 03:25:41:365	Status	กำลังเชื่อมต่อใหม่อีกครั้ง Server Middle	frmMain.CheckConnectMiddleAndSecuill
2024-10-24 03:25:58:046	_Error	A network-related or instance-specific error occurred while establishing a connection to SQL Server. The server was not found or was not accessible. Verify that the instance name is correct and that SQL Server is configured to allow remote connections. (provider: Named Pipes Provider, error: 40 - Could not open a connection to SQL Server)	cls_condbsecuill.chk_connect_db
2024-10-24 03:25:59:971	_Error	ไม่สามารถเชื่อมต่อ Server secuill	frmMain.CheckConnectMiddleAndSecuill
2024-10-24 03:26:01:898	Status	กำลังเชื่อมต่อใหม่อีกครั้ง Server secuill	frmMain.CheckConnectMiddleAndSecuill
2024-10-24 03:26:25:233	ERROR	A network-related or instance-specific error occurred while establishing a connection to SQL Server. The server was not found or was not accessible. Verify that the instance name is correct and that SQL Server is configured to allow remote connections. (provider: Named Pipes Provider, error: 40 - Could not open a connection to SQL Server)	cls_condbmiddle.chk_connect_db()
2024-10-24 03:26:27:167	_Error	ไม่สามารถเชื่อมต่อ Server Middle	frmMain.CheckConnectMiddleAndSecuill
2024-10-24 03:26:29:109	Status	กำลังเชื่อมต่อใหม่อีกครั้ง Server Middle	frmMain.CheckConnectMiddleAndSecuill
2024-10-24 03:26:45:908	_Error	A network-related or instance-specific error occurred while establishing a connection to SQL Server. The server was not found or was not accessible. Verify that the instance name is correct and that SQL Server is configured to allow remote connections. (provider: Named Pipes Provider, error: 40 - Could not open a connection to SQL Server)	cls_condbsecuill.chk_connect_db
2024-10-24 03:26:47:825	_Error	ไม่สามารถเชื่อมต่อ Server secuill	frmMain.CheckConnectMiddleAndSecuill
2024-10-24 03:26:49:742	Status	กำลังเชื่อมต่อใหม่อีกครั้ง Server secuill	frmMain.CheckConnectMiddleAndSecuill
2024-10-24 03:27:12:705	ERROR	A network-related or instance-specific error occurred while establishing a connection to SQL Server. The server was not found or was not accessible. Verify that the instance name is correct and that SQL Server is configured to allow remote connections. (provider: Named Pipes Provider, error: 40 - Could not open a connection to SQL Server)	cls_condbmiddle.chk_connect_db()
2024-10-24 03:27:14:260	_Error	ไม่สามารถเชื่อมต่อ Server Middle	frmMain.CheckConnectMiddleAndSecuill
2024-10-24 03:27:16:208	Status	กำลังเชื่อมต่อใหม่อีกครั้ง Server Middle	frmMain.CheckConnectMiddleAndSecuill
2024-10-24 03:27:33:053	_Error	A network-related or instance-specific error occurred while establishing a connection to SQL Server. The server was not found or was not accessible. Verify that the instance name is correct and that SQL Server is configured to allow remote connections. (provider: Named Pipes Provider, error: 40 - Could not open a connection to SQL Server)	cls_condbsecuill.chk_connect_db
2024-10-24 03:27:34:982	_Error	ไม่สามารถเชื่อมต่อ Server secuill	frmMain.CheckConnectMiddleAndSecuill
2024-10-24 03:27:36:898	Status	กำลังเชื่อมต่อใหม่อีกครั้ง Server secuill	frmMain.CheckConnectMiddleAndSecuill
2024-10-24 03:28:00:175	ERROR	A network-related or instance-specific error occurred while establishing a connection to SQL Server. The server was not found or was not accessible. Verify that the instance name is correct and that SQL Server is configured to allow remote connections. (provider: Named Pipes Provider, error: 40 - Could not open a connection to SQL Server)	cls_condbmiddle.chk_connect_db()
2024-10-24 03:28:01:911	_Error	ไม่สามารถเชื่อมต่อ Server Middle	frmMain.CheckConnectMiddleAndSecuill
2024-10-24 03:28:03:856	Status	กำลังเชื่อมต่อใหม่อีกครั้ง Server Middle	frmMain.CheckConnectMiddleAndSecuill
2024-10-24 03:28:20:652	_Error	A network-related or instance-specific error occurred while establishing a connection to SQL Server. The server was not found or was not accessible. Verify that the instance name is correct and that SQL Server is configured to allow remote connections. (provider: Named Pipes Provider, error: 40 - Could not open a connection to SQL Server)	cls_condbsecuill.chk_connect_db
2024-10-24 03:28:22:568	_Error	ไม่สามารถเชื่อมต่อ Server secuill	frmMain.CheckConnectMiddleAndSecuill
2024-10-24 03:28:24:476	Status	กำลังเชื่อมต่อใหม่อีกครั้ง Server secuill	frmMain.CheckConnectMiddleAndSecuill
2024-10-24 03:28:47:636	ERROR	A network-related or instance-specific error occurred while establishing a connection to SQL Server. The server was not found or was not accessible. Verify that the instance name is correct and that SQL Server is configured to allow remote connections. (provider: Named Pipes Provider, error: 40 - Could not open a connection to SQL Server)	cls_condbmiddle.chk_connect_db()
2024-10-24 03:28:49:432	_Error	ไม่สามารถเชื่อมต่อ Server Middle	frmMain.CheckConnectMiddleAndSecuill
2024-10-24 03:28:51:378	Status	กำลังเชื่อมต่อใหม่อีกครั้ง Server Middle	frmMain.CheckConnectMiddleAndSecuill
2024-10-24 03:29:08:206	_Error	A network-related or instance-specific error occurred while establishing a connection to SQL Server. The server was not found or was not accessible. Verify that the instance name is correct and that SQL Server is configured to allow remote connections. (provider: Named Pipes Provider, error: 40 - Could not open a connection to SQL Server)	cls_condbsecuill.chk_connect_db
2024-10-24 03:29:10:120	_Error	ไม่สามารถเชื่อมต่อ Server secuill	frmMain.CheckConnectMiddleAndSecuill
2024-10-24 03:29:12:030	Status	กำลังเชื่อมต่อใหม่อีกครั้ง Server secuill	frmMain.CheckConnectMiddleAndSecuill
2024-10-24 03:29:35:106	ERROR	A network-related or instance-specific error occurred while establishing a connection to SQL Server. The server was not found or was not accessible. Verify that the instance name is correct and that SQL Server is configured to allow remote connections. (provider: Named Pipes Provider, error: 40 - Could not open a connection to SQL Server)	cls_condbmiddle.chk_connect_db()
2024-10-24 03:29:37:055	_Error	ไม่สามารถเชื่อมต่อ Server Middle	frmMain.CheckConnectMiddleAndSecuill
2024-10-24 03:29:39:001	Status	กำลังเชื่อมต่อใหม่อีกครั้ง Server Middle	frmMain.CheckConnectMiddleAndSecuill
2024-10-24 03:29:55:263	_Error	A network-related or instance-specific error occurred while establishing a connection to SQL Server. The server was not found or was not accessible. Verify that the instance name is correct and that SQL Server is configured to allow remote connections. (provider: Named Pipes Provider, error: 40 - Could not open a connection to SQL Server)	cls_condbsecuill.chk_connect_db
2024-10-24 03:29:57:178	_Error	ไม่สามารถเชื่อมต่อ Server secuill	frmMain.CheckConnectMiddleAndSecuill
2024-10-24 03:29:59:085	Status	กำลังเชื่อมต่อใหม่อีกครั้ง Server secuill	frmMain.CheckConnectMiddleAndSecuill
2024-10-24 03:30:12:497	ERROR	A network-related or instance-specific error occurred while establishing a connection to SQL Server. The server was not found or was not accessible. Verify that the instance name is correct and that SQL Server is configured to allow remote connections. (provider: SQL Network Interfaces, error: 26 - Error Locating Server/Instance Specified)	 (cls_condbserver.ExecuteNonQuery())
2024-10-24 03:30:22:520	ERROR	A network-related or instance-specific error occurred while establishing a connection to SQL Server. The server was not found or was not accessible. Verify that the instance name is correct and that SQL Server is configured to allow remote connections. (provider: Named Pipes Provider, error: 40 - Could not open a connection to SQL Server)	cls_condbmiddle.chk_connect_db()
2024-10-24 03:30:24:109	_Error	ไม่สามารถเชื่อมต่อ Server Middle	frmMain.CheckConnectMiddleAndSecuill
2024-10-24 03:30:26:063	Status	กำลังเชื่อมต่อใหม่อีกครั้ง Server Middle	frmMain.CheckConnectMiddleAndSecuill
2024-10-24 03:30:42:864	_Error	A network-related or instance-specific error occurred while establishing a connection to SQL Server. The server was not found or was not accessible. Verify that the instance name is correct and that SQL Server is configured to allow remote connections. (provider: Named Pipes Provider, error: 40 - Could not open a connection to SQL Server)	cls_condbsecuill.chk_connect_db
2024-10-24 03:30:44:776	_Error	ไม่สามารถเชื่อมต่อ Server secuill	frmMain.CheckConnectMiddleAndSecuill
2024-10-24 03:30:46:693	Status	กำลังเชื่อมต่อใหม่อีกครั้ง Server secuill	frmMain.CheckConnectMiddleAndSecuill
2024-10-24 03:31:09:965	ERROR	A network-related or instance-specific error occurred while establishing a connection to SQL Server. The server was not found or was not accessible. Verify that the instance name is correct and that SQL Server is configured to allow remote connections. (provider: Named Pipes Provider, error: 40 - Could not open a connection to SQL Server)	cls_condbmiddle.chk_connect_db()
2024-10-24 03:31:11:673	_Error	ไม่สามารถเชื่อมต่อ Server Middle	frmMain.CheckConnectMiddleAndSecuill
2024-10-24 03:31:13:619	Status	กำลังเชื่อมต่อใหม่อีกครั้ง Server Middle	frmMain.CheckConnectMiddleAndSecuill
2024-10-24 03:31:30:455	_Error	A network-related or instance-specific error occurred while establishing a connection to SQL Server. The server was not found or was not accessible. Verify that the instance name is correct and that SQL Server is configured to allow remote connections. (provider: Named Pipes Provider, error: 40 - Could not open a connection to SQL Server)	cls_condbsecuill.chk_connect_db
2024-10-24 03:31:32:377	_Error	ไม่สามารถเชื่อมต่อ Server secuill	frmMain.CheckConnectMiddleAndSecuill
2024-10-24 03:31:34:290	Status	กำลังเชื่อมต่อใหม่อีกครั้ง Server secuill	frmMain.CheckConnectMiddleAndSecuill
2024-10-24 03:31:57:433	ERROR	A network-related or instance-specific error occurred while establishing a connection to SQL Server. The server was not found or was not accessible. Verify that the instance name is correct and that SQL Server is configured to allow remote connections. (provider: Named Pipes Provider, error: 40 - Could not open a connection to SQL Server)	cls_condbmiddle.chk_connect_db()
2024-10-24 03:31:59:312	_Error	ไม่สามารถเชื่อมต่อ Server Middle	frmMain.CheckConnectMiddleAndSecuill
2024-10-24 03:32:01:259	Status	กำลังเชื่อมต่อใหม่อีกครั้ง Server Middle	frmMain.CheckConnectMiddleAndSecuill
2024-10-24 03:32:18:073	_Error	A network-related or instance-specific error occurred while establishing a connection to SQL Server. The server was not found or was not accessible. Verify that the instance name is correct and that SQL Server is configured to allow remote connections. (provider: Named Pipes Provider, error: 40 - Could not open a connection to SQL Server)	cls_condbsecuill.chk_connect_db
2024-10-24 03:32:19:988	_Error	ไม่สามารถเชื่อมต่อ Server secuill	frmMain.CheckConnectMiddleAndSecuill
2024-10-24 03:32:21:904	Status	กำลังเชื่อมต่อใหม่อีกครั้ง Server secuill	frmMain.CheckConnectMiddleAndSecuill
2024-10-24 03:32:44:881	ERROR	A network-related or instance-specific error occurred while establishing a connection to SQL Server. The server was not found or was not accessible. Verify that the instance name is correct and that SQL Server is configured to allow remote connections. (provider: Named Pipes Provider, error: 40 - Could not open a connection to SQL Server)	cls_condbmiddle.chk_connect_db()
2024-10-24 03:32:46:404	_Error	ไม่สามารถเชื่อมต่อ Server Middle	frmMain.CheckConnectMiddleAndSecuill
2024-10-24 03:32:48:357	Status	กำลังเชื่อมต่อใหม่อีกครั้ง Server Middle	frmMain.CheckConnectMiddleAndSecuill
2024-10-24 03:33:05:158	_Error	A network-related or instance-specific error occurred while establishing a connection to SQL Server. The server was not found or was not accessible. Verify that the instance name is correct and that SQL Server is configured to allow remote connections. (provider: Named Pipes Provider, error: 40 - Could not open a connection to SQL Server)	cls_condbsecuill.chk_connect_db
2024-10-24 03:33:07:075	_Error	ไม่สามารถเชื่อมต่อ Server secuill	frmMain.CheckConnectMiddleAndSecuill
2024-10-24 03:33:09:002	Status	กำลังเชื่อมต่อใหม่อีกครั้ง Server secuill	frmMain.CheckConnectMiddleAndSecuill
2024-10-24 03:33:32:338	ERROR	A network-related or instance-specific error occurred while establishing a connection to SQL Server. The server was not found or was not accessible. Verify that the instance name is correct and that SQL Server is configured to allow remote connections. (provider: Named Pipes Provider, error: 40 - Could not open a connection to SQL Server)	cls_condbmiddle.chk_connect_db()
2024-10-24 03:33:33:968	_Error	ไม่สามารถเชื่อมต่อ Server Middle	frmMain.CheckConnectMiddleAndSecuill
2024-10-24 03:33:35:918	Status	กำลังเชื่อมต่อใหม่อีกครั้ง Server Middle	frmMain.CheckConnectMiddleAndSecuill
2024-10-24 03:33:52:728	_Error	A network-related or instance-specific error occurred while establishing a connection to SQL Server. The server was not found or was not accessible. Verify that the instance name is correct and that SQL Server is configured to allow remote connections. (provider: Named Pipes Provider, error: 40 - Could not open a connection to SQL Server)	cls_condbsecuill.chk_connect_db
2024-10-24 03:33:54:643	_Error	ไม่สามารถเชื่อมต่อ Server secuill	frmMain.CheckConnectMiddleAndSecuill
2024-10-24 03:33:56:562	Status	กำลังเชื่อมต่อใหม่อีกครั้ง Server secuill	frmMain.CheckConnectMiddleAndSecuill
2024-10-24 03:34:19:777	ERROR	A network-related or instance-specific error occurred while establishing a connection to SQL Server. The server was not found or was not accessible. Verify that the instance name is correct and that SQL Server is configured to allow remote connections. (provider: Named Pipes Provider, error: 40 - Could not open a connection to SQL Server)	cls_condbmiddle.chk_connect_db()
2024-10-24 03:34:21:515	_Error	ไม่สามารถเชื่อมต่อ Server Middle	frmMain.CheckConnectMiddleAndSecuill
2024-10-24 03:34:23:448	Status	กำลังเชื่อมต่อใหม่อีกครั้ง Server Middle	frmMain.CheckConnectMiddleAndSecuill
2024-10-24 03:34:40:227	_Error	A network-related or instance-specific error occurred while establishing a connection to SQL Server. The server was not found or was not accessible. Verify that the instance name is correct and that SQL Server is configured to allow remote connections. (provider: Named Pipes Provider, error: 40 - Could not open a connection to SQL Server)	cls_condbsecuill.chk_connect_db
2024-10-24 03:34:42:138	_Error	ไม่สามารถเชื่อมต่อ Server secuill	frmMain.CheckConnectMiddleAndSecuill
2024-10-24 03:34:44:047	Status	กำลังเชื่อมต่อใหม่อีกครั้ง Server secuill	frmMain.CheckConnectMiddleAndSecuill
2024-10-24 03:34:57:259	ERROR	A network-related or instance-specific error occurred while establishing a connection to SQL Server. The server was not found or was not accessible. Verify that the instance name is correct and that SQL Server is configured to allow remote connections. (provider: SQL Network Interfaces, error: 26 - Error Locating Server/Instance Specified)	 (cls_condbserver.ExecuteNonQuery())
2024-10-24 03:35:07:258	ERROR	A network-related or instance-specific error occurred while establishing a connection to SQL Server. The server was not found or was not accessible. Verify that the instance name is correct and that SQL Server is configured to allow remote connections. (provider: Named Pipes Provider, error: 40 - Could not open a connection to SQL Server)	cls_condbmiddle.chk_connect_db()
2024-10-24 03:35:09:009	_Error	ไม่สามารถเชื่อมต่อ Server Middle	frmMain.CheckConnectMiddleAndSecuill
2024-10-24 03:35:10:956	Status	กำลังเชื่อมต่อใหม่อีกครั้ง Server Middle	frmMain.CheckConnectMiddleAndSecuill
2024-10-24 03:35:27:651	_Error	A network-related or instance-specific error occurred while establishing a connection to SQL Server. The server was not found or was not accessible. Verify that the instance name is correct and that SQL Server is configured to allow remote connections. (provider: Named Pipes Provider, error: 40 - Could not open a connection to SQL Server)	cls_condbsecuill.chk_connect_db
2024-10-24 03:35:29:565	_Error	ไม่สามารถเชื่อมต่อ Server secuill	frmMain.CheckConnectMiddleAndSecuill
2024-10-24 03:35:31:482	Status	กำลังเชื่อมต่อใหม่อีกครั้ง Server secuill	frmMain.CheckConnectMiddleAndSecuill
2024-10-24 03:35:54:729	ERROR	A network-related or instance-specific error occurred while establishing a connection to SQL Server. The server was not found or was not accessible. Verify that the instance name is correct and that SQL Server is configured to allow remote connections. (provider: Named Pipes Provider, error: 40 - Could not open a connection to SQL Server)	cls_condbmiddle.chk_connect_db()
2024-10-24 03:35:56:500	_Error	ไม่สามารถเชื่อมต่อ Server Middle	frmMain.CheckConnectMiddleAndSecuill
2024-10-24 03:35:58:447	Status	กำลังเชื่อมต่อใหม่อีกครั้ง Server Middle	frmMain.CheckConnectMiddleAndSecuill
2024-10-24 03:36:15:244	_Error	A network-related or instance-specific error occurred while establishing a connection to SQL Server. The server was not found or was not accessible. Verify that the instance name is correct and that SQL Server is configured to allow remote connections. (provider: Named Pipes Provider, error: 40 - Could not open a connection to SQL Server)	cls_condbsecuill.chk_connect_db
2024-10-24 03:36:17:157	_Error	ไม่สามารถเชื่อมต่อ Server secuill	frmMain.CheckConnectMiddleAndSecuill
2024-10-24 03:36:19:072	Status	กำลังเชื่อมต่อใหม่อีกครั้ง Server secuill	frmMain.CheckConnectMiddleAndSecuill
2024-10-24 03:36:42:185	ERROR	A network-related or instance-specific error occurred while establishing a connection to SQL Server. The server was not found or was not accessible. Verify that the instance name is correct and that SQL Server is configured to allow remote connections. (provider: Named Pipes Provider, error: 40 - Could not open a connection to SQL Server)	cls_condbmiddle.chk_connect_db()
2024-10-24 03:36:44:064	_Error	ไม่สามารถเชื่อมต่อ Server Middle	frmMain.CheckConnectMiddleAndSecuill
2024-10-24 03:36:45:998	Status	กำลังเชื่อมต่อใหม่อีกครั้ง Server Middle	frmMain.CheckConnectMiddleAndSecuill
2024-10-24 03:37:02:790	_Error	A network-related or instance-specific error occurred while establishing a connection to SQL Server. The server was not found or was not accessible. Verify that the instance name is correct and that SQL Server is configured to allow remote connections. (provider: Named Pipes Provider, error: 40 - Could not open a connection to SQL Server)	cls_condbsecuill.chk_connect_db
2024-10-24 03:37:04:701	_Error	ไม่สามารถเชื่อมต่อ Server secuill	frmMain.CheckConnectMiddleAndSecuill
2024-10-24 03:37:06:619	Status	กำลังเชื่อมต่อใหม่อีกครั้ง Server secuill	frmMain.CheckConnectMiddleAndSecuill
2024-10-24 03:37:29:656	ERROR	A network-related or instance-specific error occurred while establishing a connection to SQL Server. The server was not found or was not accessible. Verify that the instance name is correct and that SQL Server is configured to allow remote connections. (provider: Named Pipes Provider, error: 40 - Could not open a connection to SQL Server)	cls_condbmiddle.chk_connect_db()
2024-10-24 03:37:31:581	_Error	ไม่สามารถเชื่อมต่อ Server Middle	frmMain.CheckConnectMiddleAndSecuill
2024-10-24 03:37:33:530	Status	กำลังเชื่อมต่อใหม่อีกครั้ง Server Middle	frmMain.CheckConnectMiddleAndSecuill
2024-10-24 03:37:50:313	_Error	A network-related or instance-specific error occurred while establishing a connection to SQL Server. The server was not found or was not accessible. Verify that the instance name is correct and that SQL Server is configured to allow remote connections. (provider: Named Pipes Provider, error: 40 - Could not open a connection to SQL Server)	cls_condbsecuill.chk_connect_db
2024-10-24 03:37:52:234	_Error	ไม่สามารถเชื่อมต่อ Server secuill	frmMain.CheckConnectMiddleAndSecuill
2024-10-24 03:37:54:150	Status	กำลังเชื่อมต่อใหม่อีกครั้ง Server secuill	frmMain.CheckConnectMiddleAndSecuill
2024-10-24 03:38:17:144	ERROR	A network-related or instance-specific error occurred while establishing a connection to SQL Server. The server was not found or was not accessible. Verify that the instance name is correct and that SQL Server is configured to allow remote connections. (provider: Named Pipes Provider, error: 40 - Could not open a connection to SQL Server)	cls_condbmiddle.chk_connect_db()
2024-10-24 03:38:18:626	_Error	ไม่สามารถเชื่อมต่อ Server Middle	frmMain.CheckConnectMiddleAndSecuill
2024-10-24 03:38:21:091	Status	กำลังเชื่อมต่อใหม่อีกครั้ง Server Middle	frmMain.CheckConnectMiddleAndSecuill
2024-10-24 03:38:37:409	_Error	A network-related or instance-specific error occurred while establishing a connection to SQL Server. The server was not found or was not accessible. Verify that the instance name is correct and that SQL Server is configured to allow remote connections. (provider: Named Pipes Provider, error: 40 - Could not open a connection to SQL Server)	cls_condbsecuill.chk_connect_db
2024-10-24 03:38:39:326	_Error	ไม่สามารถเชื่อมต่อ Server secuill	frmMain.CheckConnectMiddleAndSecuill
2024-10-24 03:38:41:238	Status	กำลังเชื่อมต่อใหม่อีกครั้ง Server secuill	frmMain.CheckConnectMiddleAndSecuill
2024-10-24 03:39:04:572	ERROR	A network-related or instance-specific error occurred while establishing a connection to SQL Server. The server was not found or was not accessible. Verify that the instance name is correct and that SQL Server is configured to allow remote connections. (provider: Named Pipes Provider, error: 40 - Could not open a connection to SQL Server)	cls_condbmiddle.chk_connect_db()
2024-10-24 03:39:06:265	_Error	ไม่สามารถเชื่อมต่อ Server Middle	frmMain.CheckConnectMiddleAndSecuill
2024-10-24 03:39:08:217	Status	กำลังเชื่อมต่อใหม่อีกครั้ง Server Middle	frmMain.CheckConnectMiddleAndSecuill
2024-10-24 03:39:25:045	_Error	A network-related or instance-specific error occurred while establishing a connection to SQL Server. The server was not found or was not accessible. Verify that the instance name is correct and that SQL Server is configured to allow remote connections. (provider: Named Pipes Provider, error: 40 - Could not open a connection to SQL Server)	cls_condbsecuill.chk_connect_db
2024-10-24 03:39:26:959	_Error	ไม่สามารถเชื่อมต่อ Server secuill	frmMain.CheckConnectMiddleAndSecuill
2024-10-24 03:39:28:887	Status	กำลังเชื่อมต่อใหม่อีกครั้ง Server secuill	frmMain.CheckConnectMiddleAndSecuill
2024-10-24 03:39:42:045	ERROR	A network-related or instance-specific error occurred while establishing a connection to SQL Server. The server was not found or was not accessible. Verify that the instance name is correct and that SQL Server is configured to allow remote connections. (provider: SQL Network Interfaces, error: 26 - Error Locating Server/Instance Specified)	 (cls_condbserver.ExecuteNonQuery())
2024-10-24 03:39:52:018	ERROR	A network-related or instance-specific error occurred while establishing a connection to SQL Server. The server was not found or was not accessible. Verify that the instance name is correct and that SQL Server is configured to allow remote connections. (provider: Named Pipes Provider, error: 40 - Could not open a connection to SQL Server)	cls_condbmiddle.chk_connect_db()
2024-10-24 03:39:53:888	_Error	ไม่สามารถเชื่อมต่อ Server Middle	frmMain.CheckConnectMiddleAndSecuill
2024-10-24 03:39:55:837	Status	กำลังเชื่อมต่อใหม่อีกครั้ง Server Middle	frmMain.CheckConnectMiddleAndSecuill
2024-10-24 03:40:12:634	_Error	A network-related or instance-specific error occurred while establishing a connection to SQL Server. The server was not found or was not accessible. Verify that the instance name is correct and that SQL Server is configured to allow remote connections. (provider: Named Pipes Provider, error: 40 - Could not open a connection to SQL Server)	cls_condbsecuill.chk_connect_db
2024-10-24 03:40:14:552	_Error	ไม่สามารถเชื่อมต่อ Server secuill	frmMain.CheckConnectMiddleAndSecuill
2024-10-24 03:40:16:464	Status	กำลังเชื่อมต่อใหม่อีกครั้ง Server secuill	frmMain.CheckConnectMiddleAndSecuill
2024-10-24 03:40:39:495	ERROR	A network-related or instance-specific error occurred while establishing a connection to SQL Server. The server was not found or was not accessible. Verify that the instance name is correct and that SQL Server is configured to allow remote connections. (provider: Named Pipes Provider, error: 40 - Could not open a connection to SQL Server)	cls_condbmiddle.chk_connect_db()
2024-10-24 03:40:40:986	_Error	ไม่สามารถเชื่อมต่อ Server Middle	frmMain.CheckConnectMiddleAndSecuill
2024-10-24 03:40:43:440	Status	กำลังเชื่อมต่อใหม่อีกครั้ง Server Middle	frmMain.CheckConnectMiddleAndSecuill
2024-10-24 03:40:59:750	_Error	A network-related or instance-specific error occurred while establishing a connection to SQL Server. The server was not found or was not accessible. Verify that the instance name is correct and that SQL Server is configured to allow remote connections. (provider: Named Pipes Provider, error: 40 - Could not open a connection to SQL Server)	cls_condbsecuill.chk_connect_db
2024-10-24 03:41:01:671	_Error	ไม่สามารถเชื่อมต่อ Server secuill	frmMain.CheckConnectMiddleAndSecuill
2024-10-24 03:41:03:602	Status	กำลังเชื่อมต่อใหม่อีกครั้ง Server secuill	frmMain.CheckConnectMiddleAndSecuill
2024-10-24 03:41:26:983	ERROR	A network-related or instance-specific error occurred while establishing a connection to SQL Server. The server was not found or was not accessible. Verify that the instance name is correct and that SQL Server is configured to allow remote connections. (provider: Named Pipes Provider, error: 40 - Could not open a connection to SQL Server)	cls_condbmiddle.chk_connect_db()
2024-10-24 03:41:28:640	_Error	ไม่สามารถเชื่อมต่อ Server Middle	frmMain.CheckConnectMiddleAndSecuill
2024-10-24 03:41:30:591	Status	กำลังเชื่อมต่อใหม่อีกครั้ง Server Middle	frmMain.CheckConnectMiddleAndSecuill
2024-10-24 03:41:47:395	_Error	A network-related or instance-specific error occurred while establishing a connection to SQL Server. The server was not found or was not accessible. Verify that the instance name is correct and that SQL Server is configured to allow remote connections. (provider: Named Pipes Provider, error: 40 - Could not open a connection to SQL Server)	cls_condbsecuill.chk_connect_db
2024-10-24 03:41:49:313	_Error	ไม่สามารถเชื่อมต่อ Server secuill	frmMain.CheckConnectMiddleAndSecuill
2024-10-24 03:41:51:231	Status	กำลังเชื่อมต่อใหม่อีกครั้ง Server secuill	frmMain.CheckConnectMiddleAndSecuill
2024-10-24 03:42:14:453	ERROR	A network-related or instance-specific error occurred while establishing a connection to SQL Server. The server was not found or was not accessible. Verify that the instance name is correct and that SQL Server is configured to allow remote connections. (provider: Named Pipes Provider, error: 40 - Could not open a connection to SQL Server)	cls_condbmiddle.chk_connect_db()
2024-10-24 03:42:16:205	_Error	ไม่สามารถเชื่อมต่อ Server Middle	frmMain.CheckConnectMiddleAndSecuill
2024-10-24 03:42:18:144	Status	กำลังเชื่อมต่อใหม่อีกครั้ง Server Middle	frmMain.CheckConnectMiddleAndSecuill
2024-10-24 03:42:34:969	_Error	A network-related or instance-specific error occurred while establishing a connection to SQL Server. The server was not found or was not accessible. Verify that the instance name is correct and that SQL Server is configured to allow remote connections. (provider: Named Pipes Provider, error: 40 - Could not open a connection to SQL Server)	cls_condbsecuill.chk_connect_db
2024-10-24 03:42:36:884	_Error	ไม่สามารถเชื่อมต่อ Server secuill	frmMain.CheckConnectMiddleAndSecuill
2024-10-24 03:42:38:796	Status	กำลังเชื่อมต่อใหม่อีกครั้ง Server secuill	frmMain.CheckConnectMiddleAndSecuill
2024-10-24 03:43:01:946	ERROR	A network-related or instance-specific error occurred while establishing a connection to SQL Server. The server was not found or was not accessible. Verify that the instance name is correct and that SQL Server is configured to allow remote connections. (provider: Named Pipes Provider, error: 40 - Could not open a connection to SQL Server)	cls_condbmiddle.chk_connect_db()
2024-10-24 03:43:03:814	_Error	ไม่สามารถเชื่อมต่อ Server Middle	frmMain.CheckConnectMiddleAndSecuill
2024-10-24 03:43:05:764	Status	กำลังเชื่อมต่อใหม่อีกครั้ง Server Middle	frmMain.CheckConnectMiddleAndSecuill
2024-10-24 03:43:22:572	_Error	A network-related or instance-specific error occurred while establishing a connection to SQL Server. The server was not found or was not accessible. Verify that the instance name is correct and that SQL Server is configured to allow remote connections. (provider: Named Pipes Provider, error: 40 - Could not open a connection to SQL Server)	cls_condbsecuill.chk_connect_db
2024-10-24 03:43:24:494	_Error	ไม่สามารถเชื่อมต่อ Server secuill	frmMain.CheckConnectMiddleAndSecuill
2024-10-24 03:43:26:405	Status	กำลังเชื่อมต่อใหม่อีกครั้ง Server secuill	frmMain.CheckConnectMiddleAndSecuill
2024-10-24 03:43:49:399	ERROR	A network-related or instance-specific error occurred while establishing a connection to SQL Server. The server was not found or was not accessible. Verify that the instance name is correct and that SQL Server is configured to allow remote connections. (provider: Named Pipes Provider, error: 40 - Could not open a connection to SQL Server)	cls_condbmiddle.chk_connect_db()
2024-10-24 03:43:50:928	_Error	ไม่สามารถเชื่อมต่อ Server Middle	frmMain.CheckConnectMiddleAndSecuill
2024-10-24 03:43:52:873	Status	กำลังเชื่อมต่อใหม่อีกครั้ง Server Middle	frmMain.CheckConnectMiddleAndSecuill
2024-10-24 03:44:09:691	_Error	A network-related or instance-specific error occurred while establishing a connection to SQL Server. The server was not found or was not accessible. Verify that the instance name is correct and that SQL Server is configured to allow remote connections. (provider: Named Pipes Provider, error: 40 - Could not open a connection to SQL Server)	cls_condbsecuill.chk_connect_db
2024-10-24 03:44:11:613	_Error	ไม่สามารถเชื่อมต่อ Server secuill	frmMain.CheckConnectMiddleAndSecuill
2024-10-24 03:44:13:533	Status	กำลังเชื่อมต่อใหม่อีกครั้ง Server secuill	frmMain.CheckConnectMiddleAndSecuill
2024-10-24 03:44:26:870	ERROR	A network-related or instance-specific error occurred while establishing a connection to SQL Server. The server was not found or was not accessible. Verify that the instance name is correct and that SQL Server is configured to allow remote connections. (provider: SQL Network Interfaces, error: 26 - Error Locating Server/Instance Specified)	 (cls_condbserver.ExecuteNonQuery())
2024-10-24 03:44:36:876	ERROR	A network-related or instance-specific error occurred while establishing a connection to SQL Server. The server was not found or was not accessible. Verify that the instance name is correct and that SQL Server is configured to allow remote connections. (provider: Named Pipes Provider, error: 40 - Could not open a connection to SQL Server)	cls_condbmiddle.chk_connect_db()
2024-10-24 03:44:38:541	_Error	ไม่สามารถเชื่อมต่อ Server Middle	frmMain.CheckConnectMiddleAndSecuill
2024-10-24 03:44:40:484	Status	กำลังเชื่อมต่อใหม่อีกครั้ง Server Middle	frmMain.CheckConnectMiddleAndSecuill
2024-10-24 03:44:57:290	_Error	A network-related or instance-specific error occurred while establishing a connection to SQL Server. The server was not found or was not accessible. Verify that the instance name is correct and that SQL Server is configured to allow remote connections. (provider: Named Pipes Provider, error: 40 - Could not open a connection to SQL Server)	cls_condbsecuill.chk_connect_db
2024-10-24 03:44:59:194	_Error	ไม่สามารถเชื่อมต่อ Server secuill	frmMain.CheckConnectMiddleAndSecuill
2024-10-24 03:45:01:109	Status	กำลังเชื่อมต่อใหม่อีกครั้ง Server secuill	frmMain.CheckConnectMiddleAndSecuill
2024-10-24 03:45:24:315	ERROR	A network-related or instance-specific error occurred while establishing a connection to SQL Server. The server was not found or was not accessible. Verify that the instance name is correct and that SQL Server is configured to allow remote connections. (provider: Named Pipes Provider, error: 40 - Could not open a connection to SQL Server)	cls_condbmiddle.chk_connect_db()
2024-10-24 03:45:26:120	_Error	ไม่สามารถเชื่อมต่อ Server Middle	frmMain.CheckConnectMiddleAndSecuill
2024-10-24 03:45:28:045	Status	กำลังเชื่อมต่อใหม่อีกครั้ง Server Middle	frmMain.CheckConnectMiddleAndSecuill
2024-10-24 03:45:44:829	_Error	A network-related or instance-specific error occurred while establishing a connection to SQL Server. The server was not found or was not accessible. Verify that the instance name is correct and that SQL Server is configured to allow remote connections. (provider: Named Pipes Provider, error: 40 - Could not open a connection to SQL Server)	cls_condbsecuill.chk_connect_db
2024-10-24 03:45:46:749	_Error	ไม่สามารถเชื่อมต่อ Server secuill	frmMain.CheckConnectMiddleAndSecuill
2024-10-24 03:45:48:663	Status	กำลังเชื่อมต่อใหม่อีกครั้ง Server secuill	frmMain.CheckConnectMiddleAndSecuill
2024-10-24 03:46:11:807	ERROR	A network-related or instance-specific error occurred while establishing a connection to SQL Server. The server was not found or was not accessible. Verify that the instance name is correct and that SQL Server is configured to allow remote connections. (provider: Named Pipes Provider, error: 40 - Could not open a connection to SQL Server)	cls_condbmiddle.chk_connect_db()
2024-10-24 03:46:13:631	_Error	ไม่สามารถเชื่อมต่อ Server Middle	frmMain.CheckConnectMiddleAndSecuill
2024-10-24 03:46:15:580	Status	กำลังเชื่อมต่อใหม่อีกครั้ง Server Middle	frmMain.CheckConnectMiddleAndSecuill
2024-10-24 03:46:32:346	_Error	A network-related or instance-specific error occurred while establishing a connection to SQL Server. The server was not found or was not accessible. Verify that the instance name is correct and that SQL Server is configured to allow remote connections. (provider: Named Pipes Provider, error: 40 - Could not open a connection to SQL Server)	cls_condbsecuill.chk_connect_db
2024-10-24 03:46:34:268	_Error	ไม่สามารถเชื่อมต่อ Server secuill	frmMain.CheckConnectMiddleAndSecuill
2024-10-24 03:46:36:185	Status	กำลังเชื่อมต่อใหม่อีกครั้ง Server secuill	frmMain.CheckConnectMiddleAndSecuill
2024-10-24 03:46:59:250	ERROR	A network-related or instance-specific error occurred while establishing a connection to SQL Server. The server was not found or was not accessible. Verify that the instance name is correct and that SQL Server is configured to allow remote connections. (provider: Named Pipes Provider, error: 40 - Could not open a connection to SQL Server)	cls_condbmiddle.chk_connect_db()
2024-10-24 03:47:01:206	_Error	ไม่สามารถเชื่อมต่อ Server Middle	frmMain.CheckConnectMiddleAndSecuill
2024-10-24 03:47:03:152	Status	กำลังเชื่อมต่อใหม่อีกครั้ง Server Middle	frmMain.CheckConnectMiddleAndSecuill
2024-10-24 03:47:19:464	_Error	A network-related or instance-specific error occurred while establishing a connection to SQL Server. The server was not found or was not accessible. Verify that the instance name is correct and that SQL Server is configured to allow remote connections. (provider: Named Pipes Provider, error: 40 - Could not open a connection to SQL Server)	cls_condbsecuill.chk_connect_db
2024-10-24 03:47:21:386	_Error	ไม่สามารถเชื่อมต่อ Server secuill	frmMain.CheckConnectMiddleAndSecuill
2024-10-24 03:47:23:321	Status	กำลังเชื่อมต่อใหม่อีกครั้ง Server secuill	frmMain.CheckConnectMiddleAndSecuill
2024-10-24 03:47:46:764	ERROR	A network-related or instance-specific error occurred while establishing a connection to SQL Server. The server was not found or was not accessible. Verify that the instance name is correct and that SQL Server is configured to allow remote connections. (provider: Named Pipes Provider, error: 40 - Could not open a connection to SQL Server)	cls_condbmiddle.chk_connect_db()
2024-10-24 03:47:48:316	_Error	ไม่สามารถเชื่อมต่อ Server Middle	frmMain.CheckConnectMiddleAndSecuill
2024-10-24 03:47:50:266	Status	กำลังเชื่อมต่อใหม่อีกครั้ง Server Middle	frmMain.CheckConnectMiddleAndSecuill
2024-10-24 03:48:07:115	_Error	A network-related or instance-specific error occurred while establishing a connection to SQL Server. The server was not found or was not accessible. Verify that the instance name is correct and that SQL Server is configured to allow remote connections. (provider: Named Pipes Provider, error: 40 - Could not open a connection to SQL Server)	cls_condbsecuill.chk_connect_db
2024-10-24 03:48:09:035	_Error	ไม่สามารถเชื่อมต่อ Server secuill	frmMain.CheckConnectMiddleAndSecuill
2024-10-24 03:48:10:952	Status	กำลังเชื่อมต่อใหม่อีกครั้ง Server secuill	frmMain.CheckConnectMiddleAndSecuill
2024-10-24 03:48:34:246	ERROR	A network-related or instance-specific error occurred while establishing a connection to SQL Server. The server was not found or was not accessible. Verify that the instance name is correct and that SQL Server is configured to allow remote connections. (provider: Named Pipes Provider, error: 40 - Could not open a connection to SQL Server)	cls_condbmiddle.chk_connect_db()
2024-10-24 03:48:35:942	_Error	ไม่สามารถเชื่อมต่อ Server Middle	frmMain.CheckConnectMiddleAndSecuill
2024-10-24 03:48:37:885	Status	กำลังเชื่อมต่อใหม่อีกครั้ง Server Middle	frmMain.CheckConnectMiddleAndSecuill
2024-10-24 03:48:54:700	_Error	A network-related or instance-specific error occurred while establishing a connection to SQL Server. The server was not found or was not accessible. Verify that the instance name is correct and that SQL Server is configured to allow remote connections. (provider: Named Pipes Provider, error: 40 - Could not open a connection to SQL Server)	cls_condbsecuill.chk_connect_db
2024-10-24 03:48:56:619	_Error	ไม่สามารถเชื่อมต่อ Server secuill	frmMain.CheckConnectMiddleAndSecuill
2024-10-24 03:48:58:530	Status	กำลังเชื่อมต่อใหม่อีกครั้ง Server secuill	frmMain.CheckConnectMiddleAndSecuill
2024-10-24 03:49:11:679	ERROR	A network-related or instance-specific error occurred while establishing a connection to SQL Server. The server was not found or was not accessible. Verify that the instance name is correct and that SQL Server is configured to allow remote connections. (provider: SQL Network Interfaces, error: 26 - Error Locating Server/Instance Specified)	 (cls_condbserver.ExecuteNonQuery())
2024-10-24 03:49:21:683	ERROR	A network-related or instance-specific error occurred while establishing a connection to SQL Server. The server was not found or was not accessible. Verify that the instance name is correct and that SQL Server is configured to allow remote connections. (provider: Named Pipes Provider, error: 40 - Could not open a connection to SQL Server)	cls_condbmiddle.chk_connect_db()
2024-10-24 03:49:23:531	_Error	ไม่สามารถเชื่อมต่อ Server Middle	frmMain.CheckConnectMiddleAndSecuill
2024-10-24 03:49:25:483	Status	กำลังเชื่อมต่อใหม่อีกครั้ง Server Middle	frmMain.CheckConnectMiddleAndSecuill
2024-10-24 03:49:42:232	_Error	A network-related or instance-specific error occurred while establishing a connection to SQL Server. The server was not found or was not accessible. Verify that the instance name is correct and that SQL Server is configured to allow remote connections. (provider: Named Pipes Provider, error: 40 - Could not open a connection to SQL Server)	cls_condbsecuill.chk_connect_db
2024-10-24 03:49:44:140	_Error	ไม่สามารถเชื่อมต่อ Server secuill	frmMain.CheckConnectMiddleAndSecuill
2024-10-24 03:49:46:049	Status	กำลังเชื่อมต่อใหม่อีกครั้ง Server secuill	frmMain.CheckConnectMiddleAndSecuill
2024-10-24 03:50:09:173	ERROR	A network-related or instance-specific error occurred while establishing a connection to SQL Server. The server was not found or was not accessible. Verify that the instance name is correct and that SQL Server is configured to allow remote connections. (provider: Named Pipes Provider, error: 40 - Could not open a connection to SQL Server)	cls_condbmiddle.chk_connect_db()
2024-10-24 03:50:11:074	_Error	ไม่สามารถเชื่อมต่อ Server Middle	frmMain.CheckConnectMiddleAndSecuill
2024-10-24 03:50:13:020	Status	กำลังเชื่อมต่อใหม่อีกครั้ง Server Middle	frmMain.CheckConnectMiddleAndSecuill
2024-10-24 03:50:29:307	_Error	A network-related or instance-specific error occurred while establishing a connection to SQL Server. The server was not found or was not accessible. Verify that the instance name is correct and that SQL Server is configured to allow remote connections. (provider: Named Pipes Provider, error: 40 - Could not open a connection to SQL Server)	cls_condbsecuill.chk_connect_db
2024-10-24 03:50:31:226	_Error	ไม่สามารถเชื่อมต่อ Server secuill	frmMain.CheckConnectMiddleAndSecuill
2024-10-24 03:50:33:136	Status	กำลังเชื่อมต่อใหม่อีกครั้ง Server secuill	frmMain.CheckConnectMiddleAndSecuill
2024-10-24 03:50:56:580	ERROR	A network-related or instance-specific error occurred while establishing a connection to SQL Server. The server was not found or was not accessible. Verify that the instance name is correct and that SQL Server is configured to allow remote connections. (provider: Named Pipes Provider, error: 40 - Could not open a connection to SQL Server)	cls_condbmiddle.chk_connect_db()
2024-10-24 03:50:58:090	_Error	ไม่สามารถเชื่อมต่อ Server Middle	frmMain.CheckConnectMiddleAndSecuill
2024-10-24 03:51:00:554	Status	กำลังเชื่อมต่อใหม่อีกครั้ง Server Middle	frmMain.CheckConnectMiddleAndSecuill
2024-10-24 03:51:16:830	_Error	A network-related or instance-specific error occurred while establishing a connection to SQL Server. The server was not found or was not accessible. Verify that the instance name is correct and that SQL Server is configured to allow remote connections. (provider: Named Pipes Provider, error: 40 - Could not open a connection to SQL Server)	cls_condbsecuill.chk_connect_db
2024-10-24 03:51:18:750	_Error	ไม่สามารถเชื่อมต่อ Server secuill	frmMain.CheckConnectMiddleAndSecuill
2024-10-24 03:51:20:668	Status	กำลังเชื่อมต่อใหม่อีกครั้ง Server secuill	frmMain.CheckConnectMiddleAndSecuill
2024-10-24 03:51:44:050	ERROR	A network-related or instance-specific error occurred while establishing a connection to SQL Server. The server was not found or was not accessible. Verify that the instance name is correct and that SQL Server is configured to allow remote connections. (provider: Named Pipes Provider, error: 40 - Could not open a connection to SQL Server)	cls_condbmiddle.chk_connect_db()
2024-10-24 03:51:45:705	_Error	ไม่สามารถเชื่อมต่อ Server Middle	frmMain.CheckConnectMiddleAndSecuill
2024-10-24 03:51:47:655	Status	กำลังเชื่อมต่อใหม่อีกครั้ง Server Middle	frmMain.CheckConnectMiddleAndSecuill
2024-10-24 03:52:04:488	_Error	A network-related or instance-specific error occurred while establishing a connection to SQL Server. The server was not found or was not accessible. Verify that the instance name is correct and that SQL Server is configured to allow remote connections. (provider: Named Pipes Provider, error: 40 - Could not open a connection to SQL Server)	cls_condbsecuill.chk_connect_db
2024-10-24 03:52:06:405	_Error	ไม่สามารถเชื่อมต่อ Server secuill	frmMain.CheckConnectMiddleAndSecuill
2024-10-24 03:52:08:311	Status	กำลังเชื่อมต่อใหม่อีกครั้ง Server secuill	frmMain.CheckConnectMiddleAndSecuill
2024-10-24 03:52:31:501	ERROR	A network-related or instance-specific error occurred while establishing a connection to SQL Server. The server was not found or was not accessible. Verify that the instance name is correct and that SQL Server is configured to allow remote connections. (provider: Named Pipes Provider, error: 40 - Could not open a connection to SQL Server)	cls_condbmiddle.chk_connect_db()
2024-10-24 03:52:33:340	_Error	ไม่สามารถเชื่อมต่อ Server Middle	frmMain.CheckConnectMiddleAndSecuill
2024-10-24 03:52:35:289	Status	กำลังเชื่อมต่อใหม่อีกครั้ง Server Middle	frmMain.CheckConnectMiddleAndSecuill
2024-10-24 03:52:52:125	_Error	A network-related or instance-specific error occurred while establishing a connection to SQL Server. The server was not found or was not accessible. Verify that the instance name is correct and that SQL Server is configured to allow remote connections. (provider: Named Pipes Provider, error: 40 - Could not open a connection to SQL Server)	cls_condbsecuill.chk_connect_db
2024-10-24 03:52:54:041	_Error	ไม่สามารถเชื่อมต่อ Server secuill	frmMain.CheckConnectMiddleAndSecuill
2024-10-24 03:52:55:968	Status	กำลังเชื่อมต่อใหม่อีกครั้ง Server secuill	frmMain.CheckConnectMiddleAndSecuill
2024-10-24 03:53:18:961	ERROR	A network-related or instance-specific error occurred while establishing a connection to SQL Server. The server was not found or was not accessible. Verify that the instance name is correct and that SQL Server is configured to allow remote connections. (provider: Named Pipes Provider, error: 40 - Could not open a connection to SQL Server)	cls_condbmiddle.chk_connect_db()
2024-10-24 03:53:20:483	_Error	ไม่สามารถเชื่อมต่อ Server Middle	frmMain.CheckConnectMiddleAndSecuill
2024-10-24 03:53:22:429	Status	กำลังเชื่อมต่อใหม่อีกครั้ง Server Middle	frmMain.CheckConnectMiddleAndSecuill
2024-10-24 03:53:39:226	_Error	A network-related or instance-specific error occurred while establishing a connection to SQL Server. The server was not found or was not accessible. Verify that the instance name is correct and that SQL Server is configured to allow remote connections. (provider: Named Pipes Provider, error: 40 - Could not open a connection to SQL Server)	cls_condbsecuill.chk_connect_db
2024-10-24 03:53:41:139	_Error	ไม่สามารถเชื่อมต่อ Server secuill	frmMain.CheckConnectMiddleAndSecuill
2024-10-24 03:53:43:054	Status	กำลังเชื่อมต่อใหม่อีกครั้ง Server secuill	frmMain.CheckConnectMiddleAndSecuill
2024-10-24 03:53:56:404	ERROR	A network-related or instance-specific error occurred while establishing a connection to SQL Server. The server was not found or was not accessible. Verify that the instance name is correct and that SQL Server is configured to allow remote connections. (provider: SQL Network Interfaces, error: 26 - Error Locating Server/Instance Specified)	 (cls_condbserver.ExecuteNonQuery())
2024-10-24 03:54:06:433	ERROR	A network-related or instance-specific error occurred while establishing a connection to SQL Server. The server was not found or was not accessible. Verify that the instance name is correct and that SQL Server is configured to allow remote connections. (provider: Named Pipes Provider, error: 40 - Could not open a connection to SQL Server)	cls_condbmiddle.chk_connect_db()
2024-10-24 03:54:08:057	_Error	ไม่สามารถเชื่อมต่อ Server Middle	frmMain.CheckConnectMiddleAndSecuill
2024-10-24 03:54:10:000	Status	กำลังเชื่อมต่อใหม่อีกครั้ง Server Middle	frmMain.CheckConnectMiddleAndSecuill
2024-10-24 03:54:26:820	_Error	A network-related or instance-specific error occurred while establishing a connection to SQL Server. The server was not found or was not accessible. Verify that the instance name is correct and that SQL Server is configured to allow remote connections. (provider: Named Pipes Provider, error: 40 - Could not open a connection to SQL Server)	cls_condbsecuill.chk_connect_db
2024-10-24 03:54:28:729	_Error	ไม่สามารถเชื่อมต่อ Server secuill	frmMain.CheckConnectMiddleAndSecuill
2024-10-24 03:54:30:641	Status	กำลังเชื่อมต่อใหม่อีกครั้ง Server secuill	frmMain.CheckConnectMiddleAndSecuill
2024-10-24 03:54:53:948	ERROR	A network-related or instance-specific error occurred while establishing a connection to SQL Server. The server was not found or was not accessible. Verify that the instance name is correct and that SQL Server is configured to allow remote connections. (provider: Named Pipes Provider, error: 40 - Could not open a connection to SQL Server)	cls_condbmiddle.chk_connect_db()
2024-10-24 03:54:55:623	_Error	ไม่สามารถเชื่อมต่อ Server Middle	frmMain.CheckConnectMiddleAndSecuill
2024-10-24 03:54:57:571	Status	กำลังเชื่อมต่อใหม่อีกครั้ง Server Middle	frmMain.CheckConnectMiddleAndSecuill
2024-10-24 03:55:14:347	_Error	A network-related or instance-specific error occurred while establishing a connection to SQL Server. The server was not found or was not accessible. Verify that the instance name is correct and that SQL Server is configured to allow remote connections. (provider: Named Pipes Provider, error: 40 - Could not open a connection to SQL Server)	cls_condbsecuill.chk_connect_db
2024-10-24 03:55:16:261	_Error	ไม่สามารถเชื่อมต่อ Server secuill	frmMain.CheckConnectMiddleAndSecuill
2024-10-24 03:55:18:176	Status	กำลังเชื่อมต่อใหม่อีกครั้ง Server secuill	frmMain.CheckConnectMiddleAndSecuill
2024-10-24 03:55:41:419	ERROR	A network-related or instance-specific error occurred while establishing a connection to SQL Server. The server was not found or was not accessible. Verify that the instance name is correct and that SQL Server is configured to allow remote connections. (provider: Named Pipes Provider, error: 40 - Could not open a connection to SQL Server)	cls_condbmiddle.chk_connect_db()
2024-10-24 03:55:43:223	_Error	ไม่สามารถเชื่อมต่อ Server Middle	frmMain.CheckConnectMiddleAndSecuill
2024-10-24 03:55:45:168	Status	กำลังเชื่อมต่อใหม่อีกครั้ง Server Middle	frmMain.CheckConnectMiddleAndSecuill
2024-10-24 03:56:01:989	_Error	A network-related or instance-specific error occurred while establishing a connection to SQL Server. The server was not found or was not accessible. Verify that the instance name is correct and that SQL Server is configured to allow remote connections. (provider: Named Pipes Provider, error: 40 - Could not open a connection to SQL Server)	cls_condbsecuill.chk_connect_db
2024-10-24 03:56:03:905	_Error	ไม่สามารถเชื่อมต่อ Server secuill	frmMain.CheckConnectMiddleAndSecuill
2024-10-24 03:56:05:826	Status	กำลังเชื่อมต่อใหม่อีกครั้ง Server secuill	frmMain.CheckConnectMiddleAndSecuill
2024-10-24 03:56:28:853	ERROR	A network-related or instance-specific error occurred while establishing a connection to SQL Server. The server was not found or was not accessible. Verify that the instance name is correct and that SQL Server is configured to allow remote connections. (provider: Named Pipes Provider, error: 40 - Could not open a connection to SQL Server)	cls_condbmiddle.chk_connect_db()
2024-10-24 03:56:30:781	_Error	ไม่สามารถเชื่อมต่อ Server Middle	frmMain.CheckConnectMiddleAndSecuill
2024-10-24 03:56:32:727	Status	กำลังเชื่อมต่อใหม่อีกครั้ง Server Middle	frmMain.CheckConnectMiddleAndSecuill
2024-10-24 03:56:49:536	_Error	A network-related or instance-specific error occurred while establishing a connection to SQL Server. The server was not found or was not accessible. Verify that the instance name is correct and that SQL Server is configured to allow remote connections. (provider: Named Pipes Provider, error: 40 - Could not open a connection to SQL Server)	cls_condbsecuill.chk_connect_db
2024-10-24 03:56:51:453	_Error	ไม่สามารถเชื่อมต่อ Server secuill	frmMain.CheckConnectMiddleAndSecuill
2024-10-24 03:56:53:377	Status	กำลังเชื่อมต่อใหม่อีกครั้ง Server secuill	frmMain.CheckConnectMiddleAndSecuill
2024-10-24 03:57:16:315	ERROR	A network-related or instance-specific error occurred while establishing a connection to SQL Server. The server was not found or was not accessible. Verify that the instance name is correct and that SQL Server is configured to allow remote connections. (provider: Named Pipes Provider, error: 40 - Could not open a connection to SQL Server)	cls_condbmiddle.chk_connect_db()
2024-10-24 03:57:17:859	_Error	ไม่สามารถเชื่อมต่อ Server Middle	frmMain.CheckConnectMiddleAndSecuill
2024-10-24 03:57:19:813	Status	กำลังเชื่อมต่อใหม่อีกครั้ง Server Middle	frmMain.CheckConnectMiddleAndSecuill
2024-10-24 03:57:36:635	_Error	A network-related or instance-specific error occurred while establishing a connection to SQL Server. The server was not found or was not accessible. Verify that the instance name is correct and that SQL Server is configured to allow remote connections. (provider: Named Pipes Provider, error: 40 - Could not open a connection to SQL Server)	cls_condbsecuill.chk_connect_db
2024-10-24 03:57:38:546	_Error	ไม่สามารถเชื่อมต่อ Server secuill	frmMain.CheckConnectMiddleAndSecuill
2024-10-24 03:57:40:462	Status	กำลังเชื่อมต่อใหม่อีกครั้ง Server secuill	frmMain.CheckConnectMiddleAndSecuill
2024-10-24 03:58:03:826	ERROR	A network-related or instance-specific error occurred while establishing a connection to SQL Server. The server was not found or was not accessible. Verify that the instance name is correct and that SQL Server is configured to allow remote connections. (provider: Named Pipes Provider, error: 40 - Could not open a connection to SQL Server)	cls_condbmiddle.chk_connect_db()
2024-10-24 03:58:05:498	_Error	ไม่สามารถเชื่อมต่อ Server Middle	frmMain.CheckConnectMiddleAndSecuill
2024-10-24 03:58:07:446	Status	กำลังเชื่อมต่อใหม่อีกครั้ง Server Middle	frmMain.CheckConnectMiddleAndSecuill
2024-10-24 03:58:24:249	_Error	A network-related or instance-specific error occurred while establishing a connection to SQL Server. The server was not found or was not accessible. Verify that the instance name is correct and that SQL Server is configured to allow remote connections. (provider: Named Pipes Provider, error: 40 - Could not open a connection to SQL Server)	cls_condbsecuill.chk_connect_db
2024-10-24 03:58:26:176	_Error	ไม่สามารถเชื่อมต่อ Server secuill	frmMain.CheckConnectMiddleAndSecuill
2024-10-24 03:58:28:094	Status	กำลังเชื่อมต่อใหม่อีกครั้ง Server secuill	frmMain.CheckConnectMiddleAndSecuill
2024-10-24 03:58:41:310	ERROR	A network-related or instance-specific error occurred while establishing a connection to SQL Server. The server was not found or was not accessible. Verify that the instance name is correct and that SQL Server is configured to allow remote connections. (provider: SQL Network Interfaces, error: 26 - Error Locating Server/Instance Specified)	 (cls_condbserver.ExecuteNonQuery())
2024-10-24 03:58:51:316	ERROR	A network-related or instance-specific error occurred while establishing a connection to SQL Server. The server was not found or was not accessible. Verify that the instance name is correct and that SQL Server is configured to allow remote connections. (provider: Named Pipes Provider, error: 40 - Could not open a connection to SQL Server)	cls_condbmiddle.chk_connect_db()
2024-10-24 03:58:53:122	_Error	ไม่สามารถเชื่อมต่อ Server Middle	frmMain.CheckConnectMiddleAndSecuill
2024-10-24 03:58:55:063	Status	กำลังเชื่อมต่อใหม่อีกครั้ง Server Middle	frmMain.CheckConnectMiddleAndSecuill
2024-10-24 03:59:11:873	_Error	A network-related or instance-specific error occurred while establishing a connection to SQL Server. The server was not found or was not accessible. Verify that the instance name is correct and that SQL Server is configured to allow remote connections. (provider: Named Pipes Provider, error: 40 - Could not open a connection to SQL Server)	cls_condbsecuill.chk_connect_db
2024-10-24 03:59:13:783	_Error	ไม่สามารถเชื่อมต่อ Server secuill	frmMain.CheckConnectMiddleAndSecuill
2024-10-24 03:59:15:697	Status	กำลังเชื่อมต่อใหม่อีกครั้ง Server secuill	frmMain.CheckConnectMiddleAndSecuill
2024-10-24 03:59:38:796	ERROR	A network-related or instance-specific error occurred while establishing a connection to SQL Server. The server was not found or was not accessible. Verify that the instance name is correct and that SQL Server is configured to allow remote connections. (provider: Named Pipes Provider, error: 40 - Could not open a connection to SQL Server)	cls_condbmiddle.chk_connect_db()
2024-10-24 03:59:40:720	_Error	ไม่สามารถเชื่อมต่อ Server Middle	frmMain.CheckConnectMiddleAndSecuill
2024-10-24 03:59:42:669	Status	กำลังเชื่อมต่อใหม่อีกครั้ง Server Middle	frmMain.CheckConnectMiddleAndSecuill
2024-10-24 03:59:58:971	_Error	A network-related or instance-specific error occurred while establishing a connection to SQL Server. The server was not found or was not accessible. Verify that the instance name is correct and that SQL Server is configured to allow remote connections. (provider: Named Pipes Provider, error: 40 - Could not open a connection to SQL Server)	cls_condbsecuill.chk_connect_db
2024-10-24 04:00:00:879	_Error	ไม่สามารถเชื่อมต่อ Server secuill	frmMain.CheckConnectMiddleAndSecuill
2024-10-24 04:00:02:792	Status	กำลังเชื่อมต่อใหม่อีกครั้ง Server secuill	frmMain.CheckConnectMiddleAndSecuill
2024-10-24 04:00:26:240	ERROR	A network-related or instance-specific error occurred while establishing a connection to SQL Server. The server was not found or was not accessible. Verify that the instance name is correct and that SQL Server is configured to allow remote connections. (provider: Named Pipes Provider, error: 40 - Could not open a connection to SQL Server)	cls_condbmiddle.chk_connect_db()
2024-10-24 04:00:27:838	_Error	ไม่สามารถเชื่อมต่อ Server Middle	frmMain.CheckConnectMiddleAndSecuill
2024-10-24 04:00:29:786	Status	กำลังเชื่อมต่อใหม่อีกครั้ง Server Middle	frmMain.CheckConnectMiddleAndSecuill
2024-10-24 04:00:46:575	_Error	A network-related or instance-specific error occurred while establishing a connection to SQL Server. The server was not found or was not accessible. Verify that the instance name is correct and that SQL Server is configured to allow remote connections. (provider: Named Pipes Provider, error: 40 - Could not open a connection to SQL Server)	cls_condbsecuill.chk_connect_db
2024-10-24 04:00:48:486	_Error	ไม่สามารถเชื่อมต่อ Server secuill	frmMain.CheckConnectMiddleAndSecuill
2024-10-24 04:00:50:408	Status	กำลังเชื่อมต่อใหม่อีกครั้ง Server secuill	frmMain.CheckConnectMiddleAndSecuill
2024-10-24 04:01:13:716	ERROR	A network-related or instance-specific error occurred while establishing a connection to SQL Server. The server was not found or was not accessible. Verify that the instance name is correct and that SQL Server is configured to allow remote connections. (provider: Named Pipes Provider, error: 40 - Could not open a connection to SQL Server)	cls_condbmiddle.chk_connect_db()
2024-10-24 04:01:15:440	_Error	ไม่สามารถเชื่อมต่อ Server Middle	frmMain.CheckConnectMiddleAndSecuill
2024-10-24 04:01:17:382	Status	กำลังเชื่อมต่อใหม่อีกครั้ง Server Middle	frmMain.CheckConnectMiddleAndSecuill
2024-10-24 04:01:34:210	_Error	A network-related or instance-specific error occurred while establishing a connection to SQL Server. The server was not found or was not accessible. Verify that the instance name is correct and that SQL Server is configured to allow remote connections. (provider: Named Pipes Provider, error: 40 - Could not open a connection to SQL Server)	cls_condbsecuill.chk_connect_db
2024-10-24 04:01:36:127	_Error	ไม่สามารถเชื่อมต่อ Server secuill	frmMain.CheckConnectMiddleAndSecuill
2024-10-24 04:01:38:043	Status	กำลังเชื่อมต่อใหม่อีกครั้ง Server secuill	frmMain.CheckConnectMiddleAndSecuill
2024-10-24 04:02:01:168	ERROR	A network-related or instance-specific error occurred while establishing a connection to SQL Server. The server was not found or was not accessible. Verify that the instance name is correct and that SQL Server is configured to allow remote connections. (provider: Named Pipes Provider, error: 40 - Could not open a connection to SQL Server)	cls_condbmiddle.chk_connect_db()
2024-10-24 04:02:03:071	_Error	ไม่สามารถเชื่อมต่อ Server Middle	frmMain.CheckConnectMiddleAndSecuill
2024-10-24 04:02:05:013	Status	กำลังเชื่อมต่อใหม่อีกครั้ง Server Middle	frmMain.CheckConnectMiddleAndSecuill
2024-10-24 04:02:21:340	_Error	A network-related or instance-specific error occurred while establishing a connection to SQL Server. The server was not found or was not accessible. Verify that the instance name is correct and that SQL Server is configured to allow remote connections. (provider: Named Pipes Provider, error: 40 - Could not open a connection to SQL Server)	cls_condbsecuill.chk_connect_db
2024-10-24 04:02:23:250	_Error	ไม่สามารถเชื่อมต่อ Server secuill	frmMain.CheckConnectMiddleAndSecuill
2024-10-24 04:02:25:170	Status	กำลังเชื่อมต่อใหม่อีกครั้ง Server secuill	frmMain.CheckConnectMiddleAndSecuill
2024-10-24 04:02:48:677	ERROR	A network-related or instance-specific error occurred while establishing a connection to SQL Server. The server was not found or was not accessible. Verify that the instance name is correct and that SQL Server is configured to allow remote connections. (provider: Named Pipes Provider, error: 40 - Could not open a connection to SQL Server)	cls_condbmiddle.chk_connect_db()
2024-10-24 04:02:50:159	_Error	ไม่สามารถเชื่อมต่อ Server Middle	frmMain.CheckConnectMiddleAndSecuill
2024-10-24 04:02:52:606	Status	กำลังเชื่อมต่อใหม่อีกครั้ง Server Middle	frmMain.CheckConnectMiddleAndSecuill
2024-10-24 04:03:08:878	_Error	A network-related or instance-specific error occurred while establishing a connection to SQL Server. The server was not found or was not accessible. Verify that the instance name is correct and that SQL Server is configured to allow remote connections. (provider: Named Pipes Provider, error: 40 - Could not open a connection to SQL Server)	cls_condbsecuill.chk_connect_db
2024-10-24 04:03:10:796	_Error	ไม่สามารถเชื่อมต่อ Server secuill	frmMain.CheckConnectMiddleAndSecuill
2024-10-24 04:03:12:712	Status	กำลังเชื่อมต่อใหม่อีกครั้ง Server secuill	frmMain.CheckConnectMiddleAndSecuill
2024-10-24 04:03:26:166	ERROR	A network-related or instance-specific error occurred while establishing a connection to SQL Server. The server was not found or was not accessible. Verify that the instance name is correct and that SQL Server is configured to allow remote connections. (provider: SQL Network Interfaces, error: 26 - Error Locating Server/Instance Specified)	 (cls_condbserver.ExecuteNonQuery())
2024-10-24 04:03:27:990	_Error	A network-related or instance-specific error occurred while establishing a connection to SQL Server. The server was not found or was not accessible. Verify that the instance name is correct and that SQL Server is configured to allow remote connections. (provider: Named Pipes Provider, error: 40 - Could not open a connection to SQL Server)	cls_condbsecuill.chk_connect_db
2024-10-24 04:03:36:159	ERROR	A network-related or instance-specific error occurred while establishing a connection to SQL Server. The server was not found or was not accessible. Verify that the instance name is correct and that SQL Server is configured to allow remote connections. (provider: Named Pipes Provider, error: 40 - Could not open a connection to SQL Server)	cls_condbmiddle.chk_connect_db()
2024-10-24 04:03:37:636	_Error	ไม่สามารถเชื่อมต่อ Server Middle	frmMain.CheckConnectMiddleAndSecuill
2024-10-24 04:03:40:094	Status	กำลังเชื่อมต่อใหม่อีกครั้ง Server Middle	frmMain.CheckConnectMiddleAndSecuill
2024-10-24 04:03:56:402	_Error	A network-related or instance-specific error occurred while establishing a connection to SQL Server. The server was not found or was not accessible. Verify that the instance name is correct and that SQL Server is configured to allow remote connections. (provider: Named Pipes Provider, error: 40 - Could not open a connection to SQL Server)	cls_condbsecuill.chk_connect_db
2024-10-24 04:03:58:317	_Error	ไม่สามารถเชื่อมต่อ Server secuill	frmMain.CheckConnectMiddleAndSecuill
2024-10-24 04:04:00:234	Status	กำลังเชื่อมต่อใหม่อีกครั้ง Server secuill	frmMain.CheckConnectMiddleAndSecuill
2024-10-24 04:04:13:570	ERROR	A network-related or instance-specific error occurred while establishing a connection to SQL Server. The server was not found or was not accessible. Verify that the instance name is correct and that SQL Server is configured to allow remote connections. (provider: SQL Network Interfaces, error: 26 - Error Locating Server/Instance Specified)	 (cls_condbserver.ExecuteNonQuery())
2024-10-24 04:04:23:632	ERROR	A network-related or instance-specific error occurred while establishing a connection to SQL Server. The server was not found or was not accessible. Verify that the instance name is correct and that SQL Server is configured to allow remote connections. (provider: Named Pipes Provider, error: 40 - Could not open a connection to SQL Server)	cls_condbmiddle.chk_connect_db()
2024-10-24 04:04:25:280	_Error	ไม่สามารถเชื่อมต่อ Server Middle	frmMain.CheckConnectMiddleAndSecuill
2024-10-24 04:04:27:226	Status	กำลังเชื่อมต่อใหม่อีกครั้ง Server Middle	frmMain.CheckConnectMiddleAndSecuill
2024-10-24 04:04:44:048	_Error	A network-related or instance-specific error occurred while establishing a connection to SQL Server. The server was not found or was not accessible. Verify that the instance name is correct and that SQL Server is configured to allow remote connections. (provider: Named Pipes Provider, error: 40 - Could not open a connection to SQL Server)	cls_condbsecuill.chk_connect_db
2024-10-24 04:04:45:964	_Error	ไม่สามารถเชื่อมต่อ Server secuill	frmMain.CheckConnectMiddleAndSecuill
2024-10-24 04:04:47:876	Status	กำลังเชื่อมต่อใหม่อีกครั้ง Server secuill	frmMain.CheckConnectMiddleAndSecuill
2024-10-24 04:05:11:079	ERROR	A network-related or instance-specific error occurred while establishing a connection to SQL Server. The server was not found or was not accessible. Verify that the instance name is correct and that SQL Server is configured to allow remote connections. (provider: Named Pipes Provider, error: 40 - Could not open a connection to SQL Server)	cls_condbmiddle.chk_connect_db()
2024-10-24 04:05:12:906	_Error	ไม่สามารถเชื่อมต่อ Server Middle	frmMain.CheckConnectMiddleAndSecuill
2024-10-24 04:05:14:853	Status	กำลังเชื่อมต่อใหม่อีกครั้ง Server Middle	frmMain.CheckConnectMiddleAndSecuill
2024-10-24 04:05:31:675	_Error	A network-related or instance-specific error occurred while establishing a connection to SQL Server. The server was not found or was not accessible. Verify that the instance name is correct and that SQL Server is configured to allow remote connections. (provider: Named Pipes Provider, error: 40 - Could not open a connection to SQL Server)	cls_condbsecuill.chk_connect_db
2024-10-24 04:05:33:588	_Error	ไม่สามารถเชื่อมต่อ Server secuill	frmMain.CheckConnectMiddleAndSecuill
2024-10-24 04:05:35:508	Status	กำลังเชื่อมต่อใหม่อีกครั้ง Server secuill	frmMain.CheckConnectMiddleAndSecuill
2024-10-24 04:05:58:558	ERROR	A network-related or instance-specific error occurred while establishing a connection to SQL Server. The server was not found or was not accessible. Verify that the instance name is correct and that SQL Server is configured to allow remote connections. (provider: Named Pipes Provider, error: 40 - Could not open a connection to SQL Server)	cls_condbmiddle.chk_connect_db()
2024-10-24 04:06:00:492	_Error	ไม่สามารถเชื่อมต่อ Server Middle	frmMain.CheckConnectMiddleAndSecuill
2024-10-24 04:06:02:433	Status	กำลังเชื่อมต่อใหม่อีกครั้ง Server Middle	frmMain.CheckConnectMiddleAndSecuill
2024-10-24 04:06:19:202	_Error	A network-related or instance-specific error occurred while establishing a connection to SQL Server. The server was not found or was not accessible. Verify that the instance name is correct and that SQL Server is configured to allow remote connections. (provider: Named Pipes Provider, error: 40 - Could not open a connection to SQL Server)	cls_condbsecuill.chk_connect_db
2024-10-24 04:06:21:121	_Error	ไม่สามารถเชื่อมต่อ Server secuill	frmMain.CheckConnectMiddleAndSecuill
2024-10-24 04:06:23:034	Status	กำลังเชื่อมต่อใหม่อีกครั้ง Server secuill	frmMain.CheckConnectMiddleAndSecuill
2024-10-24 04:06:46:011	ERROR	A network-related or instance-specific error occurred while establishing a connection to SQL Server. The server was not found or was not accessible. Verify that the instance name is correct and that SQL Server is configured to allow remote connections. (provider: Named Pipes Provider, error: 40 - Could not open a connection to SQL Server)	cls_condbmiddle.chk_connect_db()
2024-10-24 04:06:47:578	_Error	ไม่สามารถเชื่อมต่อ Server Middle	frmMain.CheckConnectMiddleAndSecuill
2024-10-24 04:06:49:522	Status	กำลังเชื่อมต่อใหม่อีกครั้ง Server Middle	frmMain.CheckConnectMiddleAndSecuill
2024-10-24 04:07:06:330	_Error	A network-related or instance-specific error occurred while establishing a connection to SQL Server. The server was not found or was not accessible. Verify that the instance name is correct and that SQL Server is configured to allow remote connections. (provider: Named Pipes Provider, error: 40 - Could not open a connection to SQL Server)	cls_condbsecuill.chk_connect_db
2024-10-24 04:07:08:244	_Error	ไม่สามารถเชื่อมต่อ Server secuill	frmMain.CheckConnectMiddleAndSecuill
2024-10-24 04:07:10:167	Status	กำลังเชื่อมต่อใหม่อีกครั้ง Server secuill	frmMain.CheckConnectMiddleAndSecuill
2024-10-24 04:07:33:513	ERROR	A network-related or instance-specific error occurred while establishing a connection to SQL Server. The server was not found or was not accessible. Verify that the instance name is correct and that SQL Server is configured to allow remote connections. (provider: Named Pipes Provider, error: 40 - Could not open a connection to SQL Server)	cls_condbmiddle.chk_connect_db()
2024-10-24 04:07:35:155	_Error	ไม่สามารถเชื่อมต่อ Server Middle	frmMain.CheckConnectMiddleAndSecuill
2024-10-24 04:07:37:093	Status	กำลังเชื่อมต่อใหม่อีกครั้ง Server Middle	frmMain.CheckConnectMiddleAndSecuill
2024-10-24 04:07:53:923	_Error	A network-related or instance-specific error occurred while establishing a connection to SQL Server. The server was not found or was not accessible. Verify that the instance name is correct and that SQL Server is configured to allow remote connections. (provider: Named Pipes Provider, error: 40 - Could not open a connection to SQL Server)	cls_condbsecuill.chk_connect_db
2024-10-24 04:07:55:836	_Error	ไม่สามารถเชื่อมต่อ Server secuill	frmMain.CheckConnectMiddleAndSecuill
2024-10-24 04:07:57:756	Status	กำลังเชื่อมต่อใหม่อีกครั้ง Server secuill	frmMain.CheckConnectMiddleAndSecuill
2024-10-24 04:08:20:965	ERROR	A network-related or instance-specific error occurred while establishing a connection to SQL Server. The server was not found or was not accessible. Verify that the instance name is correct and that SQL Server is configured to allow remote connections. (provider: Named Pipes Provider, error: 40 - Could not open a connection to SQL Server)	cls_condbmiddle.chk_connect_db()
2024-10-24 04:08:22:694	_Error	ไม่สามารถเชื่อมต่อ Server Middle	frmMain.CheckConnectMiddleAndSecuill
2024-10-24 04:08:24:640	Status	กำลังเชื่อมต่อใหม่อีกครั้ง Server Middle	frmMain.CheckConnectMiddleAndSecuill
2024-10-24 04:08:41:472	_Error	A network-related or instance-specific error occurred while establishing a connection to SQL Server. The server was not found or was not accessible. Verify that the instance name is correct and that SQL Server is configured to allow remote connections. (provider: Named Pipes Provider, error: 40 - Could not open a connection to SQL Server)	cls_condbsecuill.chk_connect_db
2024-10-24 04:08:43:393	_Error	ไม่สามารถเชื่อมต่อ Server secuill	frmMain.CheckConnectMiddleAndSecuill
2024-10-24 04:08:45:309	Status	กำลังเชื่อมต่อใหม่อีกครั้ง Server secuill	frmMain.CheckConnectMiddleAndSecuill
2024-10-24 04:08:58:405	ERROR	A network-related or instance-specific error occurred while establishing a connection to SQL Server. The server was not found or was not accessible. Verify that the instance name is correct and that SQL Server is configured to allow remote connections. (provider: SQL Network Interfaces, error: 26 - Error Locating Server/Instance Specified)	 (cls_condbserver.ExecuteNonQuery())
2024-10-24 04:09:08:387	ERROR	A network-related or instance-specific error occurred while establishing a connection to SQL Server. The server was not found or was not accessible. Verify that the instance name is correct and that SQL Server is configured to allow remote connections. (provider: Named Pipes Provider, error: 40 - Could not open a connection to SQL Server)	cls_condbmiddle.chk_connect_db()
2024-10-24 04:09:10:344	_Error	ไม่สามารถเชื่อมต่อ Server Middle	frmMain.CheckConnectMiddleAndSecuill
2024-10-24 04:09:12:296	Status	กำลังเชื่อมต่อใหม่อีกครั้ง Server Middle	frmMain.CheckConnectMiddleAndSecuill
2024-10-24 04:09:28:584	_Error	A network-related or instance-specific error occurred while establishing a connection to SQL Server. The server was not found or was not accessible. Verify that the instance name is correct and that SQL Server is configured to allow remote connections. (provider: Named Pipes Provider, error: 40 - Could not open a connection to SQL Server)	cls_condbsecuill.chk_connect_db
2024-10-24 04:09:30:493	_Error	ไม่สามารถเชื่อมต่อ Server secuill	frmMain.CheckConnectMiddleAndSecuill
2024-10-24 04:09:32:415	Status	กำลังเชื่อมต่อใหม่อีกครั้ง Server secuill	frmMain.CheckConnectMiddleAndSecuill
2024-10-24 04:09:55:886	ERROR	A network-related or instance-specific error occurred while establishing a connection to SQL Server. The server was not found or was not accessible. Verify that the instance name is correct and that SQL Server is configured to allow remote connections. (provider: Named Pipes Provider, error: 40 - Could not open a connection to SQL Server)	cls_condbmiddle.chk_connect_db()
2024-10-24 04:09:57:442	_Error	ไม่สามารถเชื่อมต่อ Server Middle	frmMain.CheckConnectMiddleAndSecuill
2024-10-24 04:09:59:388	Status	กำลังเชื่อมต่อใหม่อีกครั้ง Server Middle	frmMain.CheckConnectMiddleAndSecuill
2024-10-24 04:10:16:209	_Error	A network-related or instance-specific error occurred while establishing a connection to SQL Server. The server was not found or was not accessible. Verify that the instance name is correct and that SQL Server is configured to allow remote connections. (provider: Named Pipes Provider, error: 40 - Could not open a connection to SQL Server)	cls_condbsecuill.chk_connect_db
2024-10-24 04:10:18:127	_Error	ไม่สามารถเชื่อมต่อ Server secuill	frmMain.CheckConnectMiddleAndSecuill
2024-10-24 04:10:20:037	Status	กำลังเชื่อมต่อใหม่อีกครั้ง Server secuill	frmMain.CheckConnectMiddleAndSecuill
2024-10-24 04:10:43:308	ERROR	A network-related or instance-specific error occurred while establishing a connection to SQL Server. The server was not found or was not accessible. Verify that the instance name is correct and that SQL Server is configured to allow remote connections. (provider: Named Pipes Provider, error: 40 - Could not open a connection to SQL Server)	cls_condbmiddle.chk_connect_db()
2024-10-24 04:10:45:063	_Error	ไม่สามารถเชื่อมต่อ Server Middle	frmMain.CheckConnectMiddleAndSecuill
2024-10-24 04:10:47:019	Status	กำลังเชื่อมต่อใหม่อีกครั้ง Server Middle	frmMain.CheckConnectMiddleAndSecuill
2024-10-24 04:11:03:872	_Error	A network-related or instance-specific error occurred while establishing a connection to SQL Server. The server was not found or was not accessible. Verify that the instance name is correct and that SQL Server is configured to allow remote connections. (provider: Named Pipes Provider, error: 40 - Could not open a connection to SQL Server)	cls_condbsecuill.chk_connect_db
2024-10-24 04:11:05:791	_Error	ไม่สามารถเชื่อมต่อ Server secuill	frmMain.CheckConnectMiddleAndSecuill
2024-10-24 04:11:07:706	Status	กำลังเชื่อมต่อใหม่อีกครั้ง Server secuill	frmMain.CheckConnectMiddleAndSecuill
2024-10-24 04:11:30:773	ERROR	A network-related or instance-specific error occurred while establishing a connection to SQL Server. The server was not found or was not accessible. Verify that the instance name is correct and that SQL Server is configured to allow remote connections. (provider: Named Pipes Provider, error: 40 - Could not open a connection to SQL Server)	cls_condbmiddle.chk_connect_db()
2024-10-24 04:11:32:713	_Error	ไม่สามารถเชื่อมต่อ Server Middle	frmMain.CheckConnectMiddleAndSecuill
2024-10-24 04:11:34:642	Status	กำลังเชื่อมต่อใหม่อีกครั้ง Server Middle	frmMain.CheckConnectMiddleAndSecuill
2024-10-24 04:11:51:452	_Error	A network-related or instance-specific error occurred while establishing a connection to SQL Server. The server was not found or was not accessible. Verify that the instance name is correct and that SQL Server is configured to allow remote connections. (provider: Named Pipes Provider, error: 40 - Could not open a connection to SQL Server)	cls_condbsecuill.chk_connect_db
2024-10-24 04:11:53:355	_Error	ไม่สามารถเชื่อมต่อ Server secuill	frmMain.CheckConnectMiddleAndSecuill
2024-10-24 04:11:55:271	Status	กำลังเชื่อมต่อใหม่อีกครั้ง Server secuill	frmMain.CheckConnectMiddleAndSecuill
2024-10-24 04:12:18:264	ERROR	A network-related or instance-specific error occurred while establishing a connection to SQL Server. The server was not found or was not accessible. Verify that the instance name is correct and that SQL Server is configured to allow remote connections. (provider: Named Pipes Provider, error: 40 - Could not open a connection to SQL Server)	cls_condbmiddle.chk_connect_db()
2024-10-24 04:12:19:794	_Error	ไม่สามารถเชื่อมต่อ Server Middle	frmMain.CheckConnectMiddleAndSecuill
2024-10-24 04:12:21:734	Status	กำลังเชื่อมต่อใหม่อีกครั้ง Server Middle	frmMain.CheckConnectMiddleAndSecuill
2024-10-24 04:12:38:519	_Error	A network-related or instance-specific error occurred while establishing a connection to SQL Server. The server was not found or was not accessible. Verify that the instance name is correct and that SQL Server is configured to allow remote connections. (provider: Named Pipes Provider, error: 40 - Could not open a connection to SQL Server)	cls_condbsecuill.chk_connect_db
2024-10-24 04:12:40:437	_Error	ไม่สามารถเชื่อมต่อ Server secuill	frmMain.CheckConnectMiddleAndSecuill
2024-10-24 04:12:42:360	Status	กำลังเชื่อมต่อใหม่อีกครั้ง Server secuill	frmMain.CheckConnectMiddleAndSecuill
2024-10-24 04:13:05:721	ERROR	A network-related or instance-specific error occurred while establishing a connection to SQL Server. The server was not found or was not accessible. Verify that the instance name is correct and that SQL Server is configured to allow remote connections. (provider: Named Pipes Provider, error: 40 - Could not open a connection to SQL Server)	cls_condbmiddle.chk_connect_db()
2024-10-24 04:13:07:401	_Error	ไม่สามารถเชื่อมต่อ Server Middle	frmMain.CheckConnectMiddleAndSecuill
2024-10-24 04:13:09:342	Status	กำลังเชื่อมต่อใหม่อีกครั้ง Server Middle	frmMain.CheckConnectMiddleAndSecuill
2024-10-24 04:13:26:151	_Error	A network-related or instance-specific error occurred while establishing a connection to SQL Server. The server was not found or was not accessible. Verify that the instance name is correct and that SQL Server is configured to allow remote connections. (provider: Named Pipes Provider, error: 40 - Could not open a connection to SQL Server)	cls_condbsecuill.chk_connect_db
2024-10-24 04:13:28:064	_Error	ไม่สามารถเชื่อมต่อ Server secuill	frmMain.CheckConnectMiddleAndSecuill
2024-10-24 04:13:29:973	Status	กำลังเชื่อมต่อใหม่อีกครั้ง Server secuill	frmMain.CheckConnectMiddleAndSecuill
2024-10-24 04:13:43:187	ERROR	A network-related or instance-specific error occurred while establishing a connection to SQL Server. The server was not found or was not accessible. Verify that the instance name is correct and that SQL Server is configured to allow remote connections. (provider: SQL Network Interfaces, error: 26 - Error Locating Server/Instance Specified)	 (cls_condbserver.ExecuteNonQuery())
2024-10-24 04:13:53:222	ERROR	A network-related or instance-specific error occurred while establishing a connection to SQL Server. The server was not found or was not accessible. Verify that the instance name is correct and that SQL Server is configured to allow remote connections. (provider: Named Pipes Provider, error: 40 - Could not open a connection to SQL Server)	cls_condbmiddle.chk_connect_db()
2024-10-24 04:13:55:013	_Error	ไม่สามารถเชื่อมต่อ Server Middle	frmMain.CheckConnectMiddleAndSecuill
2024-10-24 04:13:56:963	Status	กำลังเชื่อมต่อใหม่อีกครั้ง Server Middle	frmMain.CheckConnectMiddleAndSecuill
2024-10-24 04:14:13:748	_Error	A network-related or instance-specific error occurred while establishing a connection to SQL Server. The server was not found or was not accessible. Verify that the instance name is correct and that SQL Server is configured to allow remote connections. (provider: Named Pipes Provider, error: 40 - Could not open a connection to SQL Server)	cls_condbsecuill.chk_connect_db
2024-10-24 04:14:15:663	_Error	ไม่สามารถเชื่อมต่อ Server secuill	frmMain.CheckConnectMiddleAndSecuill
2024-10-24 04:14:17:575	Status	กำลังเชื่อมต่อใหม่อีกครั้ง Server secuill	frmMain.CheckConnectMiddleAndSecuill
2024-10-24 04:14:40:672	ERROR	A network-related or instance-specific error occurred while establishing a connection to SQL Server. The server was not found or was not accessible. Verify that the instance name is correct and that SQL Server is configured to allow remote connections. (provider: Named Pipes Provider, error: 40 - Could not open a connection to SQL Server)	cls_condbmiddle.chk_connect_db()
2024-10-24 04:14:42:578	_Error	ไม่สามารถเชื่อมต่อ Server Middle	frmMain.CheckConnectMiddleAndSecuill
2024-10-24 04:14:44:527	Status	กำลังเชื่อมต่อใหม่อีกครั้ง Server Middle	frmMain.CheckConnectMiddleAndSecuill
2024-10-24 04:15:01:336	_Error	A network-related or instance-specific error occurred while establishing a connection to SQL Server. The server was not found or was not accessible. Verify that the instance name is correct and that SQL Server is configured to allow remote connections. (provider: Named Pipes Provider, error: 40 - Could not open a connection to SQL Server)	cls_condbsecuill.chk_connect_db
2024-10-24 04:15:03:252	_Error	ไม่สามารถเชื่อมต่อ Server secuill	frmMain.CheckConnectMiddleAndSecuill
2024-10-24 04:15:05:169	Status	กำลังเชื่อมต่อใหม่อีกครั้ง Server secuill	frmMain.CheckConnectMiddleAndSecuill
2024-10-24 04:15:28:168	ERROR	A network-related or instance-specific error occurred while establishing a connection to SQL Server. The server was not found or was not accessible. Verify that the instance name is correct and that SQL Server is configured to allow remote connections. (provider: Named Pipes Provider, error: 40 - Could not open a connection to SQL Server)	cls_condbmiddle.chk_connect_db()
2024-10-24 04:15:29:659	_Error	ไม่สามารถเชื่อมต่อ Server Middle	frmMain.CheckConnectMiddleAndSecuill
2024-10-24 04:15:32:127	Status	กำลังเชื่อมต่อใหม่อีกครั้ง Server Middle	frmMain.CheckConnectMiddleAndSecuill
2024-10-24 04:15:48:418	_Error	A network-related or instance-specific error occurred while establishing a connection to SQL Server. The server was not found or was not accessible. Verify that the instance name is correct and that SQL Server is configured to allow remote connections. (provider: Named Pipes Provider, error: 40 - Could not open a connection to SQL Server)	cls_condbsecuill.chk_connect_db
2024-10-24 04:15:50:339	_Error	ไม่สามารถเชื่อมต่อ Server secuill	frmMain.CheckConnectMiddleAndSecuill
2024-10-24 04:15:52:258	Status	กำลังเชื่อมต่อใหม่อีกครั้ง Server secuill	frmMain.CheckConnectMiddleAndSecuill
2024-10-24 04:16:15:664	ERROR	A network-related or instance-specific error occurred while establishing a connection to SQL Server. The server was not found or was not accessible. Verify that the instance name is correct and that SQL Server is configured to allow remote connections. (provider: Named Pipes Provider, error: 40 - Could not open a connection to SQL Server)	cls_condbmiddle.chk_connect_db()
2024-10-24 04:16:17:277	_Error	ไม่สามารถเชื่อมต่อ Server Middle	frmMain.CheckConnectMiddleAndSecuill
2024-10-24 04:16:19:219	Status	กำลังเชื่อมต่อใหม่อีกครั้ง Server Middle	frmMain.CheckConnectMiddleAndSecuill
2024-10-24 04:16:35:986	_Error	A network-related or instance-specific error occurred while establishing a connection to SQL Server. The server was not found or was not accessible. Verify that the instance name is correct and that SQL Server is configured to allow remote connections. (provider: Named Pipes Provider, error: 40 - Could not open a connection to SQL Server)	cls_condbsecuill.chk_connect_db
2024-10-24 04:16:37:902	_Error	ไม่สามารถเชื่อมต่อ Server secuill	frmMain.CheckConnectMiddleAndSecuill
2024-10-24 04:16:39:812	Status	กำลังเชื่อมต่อใหม่อีกครั้ง Server secuill	frmMain.CheckConnectMiddleAndSecuill
2024-10-24 04:17:03:122	ERROR	A network-related or instance-specific error occurred while establishing a connection to SQL Server. The server was not found or was not accessible. Verify that the instance name is correct and that SQL Server is configured to allow remote connections. (provider: Named Pipes Provider, error: 40 - Could not open a connection to SQL Server)	cls_condbmiddle.chk_connect_db()
2024-10-24 04:17:04:817	_Error	ไม่สามารถเชื่อมต่อ Server Middle	frmMain.CheckConnectMiddleAndSecuill
2024-10-24 04:17:06:768	Status	กำลังเชื่อมต่อใหม่อีกครั้ง Server Middle	frmMain.CheckConnectMiddleAndSecuill
2024-10-24 04:17:23:590	_Error	A network-related or instance-specific error occurred while establishing a connection to SQL Server. The server was not found or was not accessible. Verify that the instance name is correct and that SQL Server is configured to allow remote connections. (provider: Named Pipes Provider, error: 40 - Could not open a connection to SQL Server)	cls_condbsecuill.chk_connect_db
2024-10-24 04:17:25:506	_Error	ไม่สามารถเชื่อมต่อ Server secuill	frmMain.CheckConnectMiddleAndSecuill
2024-10-24 04:17:27:421	Status	กำลังเชื่อมต่อใหม่อีกครั้ง Server secuill	frmMain.CheckConnectMiddleAndSecuill
2024-10-24 04:17:50:570	ERROR	A network-related or instance-specific error occurred while establishing a connection to SQL Server. The server was not found or was not accessible. Verify that the instance name is correct and that SQL Server is configured to allow remote connections. (provider: Named Pipes Provider, error: 40 - Could not open a connection to SQL Server)	cls_condbmiddle.chk_connect_db()
2024-10-24 04:17:52:422	_Error	ไม่สามารถเชื่อมต่อ Server Middle	frmMain.CheckConnectMiddleAndSecuill
2024-10-24 04:17:54:364	Status	กำลังเชื่อมต่อใหม่อีกครั้ง Server Middle	frmMain.CheckConnectMiddleAndSecuill
2024-10-24 04:18:11:214	_Error	A network-related or instance-specific error occurred while establishing a connection to SQL Server. The server was not found or was not accessible. Verify that the instance name is correct and that SQL Server is configured to allow remote connections. (provider: Named Pipes Provider, error: 40 - Could not open a connection to SQL Server)	cls_condbsecuill.chk_connect_db
2024-10-24 04:18:13:137	_Error	ไม่สามารถเชื่อมต่อ Server secuill	frmMain.CheckConnectMiddleAndSecuill
2024-10-24 04:18:15:047	Status	กำลังเชื่อมต่อใหม่อีกครั้ง Server secuill	frmMain.CheckConnectMiddleAndSecuill
2024-10-24 04:18:28:043	ERROR	A network-related or instance-specific error occurred while establishing a connection to SQL Server. The server was not found or was not accessible. Verify that the instance name is correct and that SQL Server is configured to allow remote connections. (provider: SQL Network Interfaces, error: 26 - Error Locating Server/Instance Specified)	 (cls_condbserver.ExecuteNonQuery())
2024-10-24 04:18:38:051	ERROR	A network-related or instance-specific error occurred while establishing a connection to SQL Server. The server was not found or was not accessible. Verify that the instance name is correct and that SQL Server is configured to allow remote connections. (provider: Named Pipes Provider, error: 40 - Could not open a connection to SQL Server)	cls_condbmiddle.chk_connect_db()
2024-10-24 04:18:39:561	_Error	ไม่สามารถเชื่อมต่อ Server Middle	frmMain.CheckConnectMiddleAndSecuill
2024-10-24 04:18:42:013	Status	กำลังเชื่อมต่อใหม่อีกครั้ง Server Middle	frmMain.CheckConnectMiddleAndSecuill
2024-10-24 04:18:58:318	_Error	A network-related or instance-specific error occurred while establishing a connection to SQL Server. The server was not found or was not accessible. Verify that the instance name is correct and that SQL Server is configured to allow remote connections. (provider: Named Pipes Provider, error: 40 - Could not open a connection to SQL Server)	cls_condbsecuill.chk_connect_db
2024-10-24 04:19:00:239	_Error	ไม่สามารถเชื่อมต่อ Server secuill	frmMain.CheckConnectMiddleAndSecuill
2024-10-24 04:19:02:155	Status	กำลังเชื่อมต่อใหม่อีกครั้ง Server secuill	frmMain.CheckConnectMiddleAndSecuill
2024-10-24 04:19:25:512	ERROR	A network-related or instance-specific error occurred while establishing a connection to SQL Server. The server was not found or was not accessible. Verify that the instance name is correct and that SQL Server is configured to allow remote connections. (provider: Named Pipes Provider, error: 40 - Could not open a connection to SQL Server)	cls_condbmiddle.chk_connect_db()
2024-10-24 04:19:27:130	_Error	ไม่สามารถเชื่อมต่อ Server Middle	frmMain.CheckConnectMiddleAndSecuill
2024-10-24 04:19:29:077	Status	กำลังเชื่อมต่อใหม่อีกครั้ง Server Middle	frmMain.CheckConnectMiddleAndSecuill
2024-10-24 04:19:45:876	_Error	A network-related or instance-specific error occurred while establishing a connection to SQL Server. The server was not found or was not accessible. Verify that the instance name is correct and that SQL Server is configured to allow remote connections. (provider: Named Pipes Provider, error: 40 - Could not open a connection to SQL Server)	cls_condbsecuill.chk_connect_db
2024-10-24 04:19:47:794	_Error	ไม่สามารถเชื่อมต่อ Server secuill	frmMain.CheckConnectMiddleAndSecuill
2024-10-24 04:19:49:720	Status	กำลังเชื่อมต่อใหม่อีกครั้ง Server secuill	frmMain.CheckConnectMiddleAndSecuill
2024-10-24 04:20:12:966	ERROR	A network-related or instance-specific error occurred while establishing a connection to SQL Server. The server was not found or was not accessible. Verify that the instance name is correct and that SQL Server is configured to allow remote connections. (provider: Named Pipes Provider, error: 40 - Could not open a connection to SQL Server)	cls_condbmiddle.chk_connect_db()
2024-10-24 04:20:14:743	_Error	ไม่สามารถเชื่อมต่อ Server Middle	frmMain.CheckConnectMiddleAndSecuill
2024-10-24 04:20:16:692	Status	กำลังเชื่อมต่อใหม่อีกครั้ง Server Middle	frmMain.CheckConnectMiddleAndSecuill
2024-10-24 04:20:33:482	_Error	A network-related or instance-specific error occurred while establishing a connection to SQL Server. The server was not found or was not accessible. Verify that the instance name is correct and that SQL Server is configured to allow remote connections. (provider: Named Pipes Provider, error: 40 - Could not open a connection to SQL Server)	cls_condbsecuill.chk_connect_db
2024-10-24 04:20:35:399	_Error	ไม่สามารถเชื่อมต่อ Server secuill	frmMain.CheckConnectMiddleAndSecuill
2024-10-24 04:20:37:315	Status	กำลังเชื่อมต่อใหม่อีกครั้ง Server secuill	frmMain.CheckConnectMiddleAndSecuill
2024-10-24 04:21:00:449	ERROR	A network-related or instance-specific error occurred while establishing a connection to SQL Server. The server was not found or was not accessible. Verify that the instance name is correct and that SQL Server is configured to allow remote connections. (provider: Named Pipes Provider, error: 40 - Could not open a connection to SQL Server)	cls_condbmiddle.chk_connect_db()
2024-10-24 04:21:02:336	_Error	ไม่สามารถเชื่อมต่อ Server Middle	frmMain.CheckConnectMiddleAndSecuill
2024-10-24 04:21:04:279	Status	กำลังเชื่อมต่อใหม่อีกครั้ง Server Middle	frmMain.CheckConnectMiddleAndSecuill
2024-10-24 04:21:21:084	_Error	A network-related or instance-specific error occurred while establishing a connection to SQL Server. The server was not found or was not accessible. Verify that the instance name is correct and that SQL Server is configured to allow remote connections. (provider: Named Pipes Provider, error: 40 - Could not open a connection to SQL Server)	cls_condbsecuill.chk_connect_db
2024-10-24 04:21:23:002	_Error	ไม่สามารถเชื่อมต่อ Server secuill	frmMain.CheckConnectMiddleAndSecuill
2024-10-24 04:21:24:906	Status	กำลังเชื่อมต่อใหม่อีกครั้ง Server secuill	frmMain.CheckConnectMiddleAndSecuill
2024-10-24 04:21:47:886	ERROR	A network-related or instance-specific error occurred while establishing a connection to SQL Server. The server was not found or was not accessible. Verify that the instance name is correct and that SQL Server is configured to allow remote connections. (provider: Named Pipes Provider, error: 40 - Could not open a connection to SQL Server)	cls_condbmiddle.chk_connect_db()
2024-10-24 04:21:49:435	_Error	ไม่สามารถเชื่อมต่อ Server Middle	frmMain.CheckConnectMiddleAndSecuill
2024-10-24 04:21:51:386	Status	กำลังเชื่อมต่อใหม่อีกครั้ง Server Middle	frmMain.CheckConnectMiddleAndSecuill
2024-10-24 04:22:08:216	_Error	A network-related or instance-specific error occurred while establishing a connection to SQL Server. The server was not found or was not accessible. Verify that the instance name is correct and that SQL Server is configured to allow remote connections. (provider: Named Pipes Provider, error: 40 - Could not open a connection to SQL Server)	cls_condbsecuill.chk_connect_db
2024-10-24 04:22:10:131	_Error	ไม่สามารถเชื่อมต่อ Server secuill	frmMain.CheckConnectMiddleAndSecuill
2024-10-24 04:22:12:045	Status	กำลังเชื่อมต่อใหม่อีกครั้ง Server secuill	frmMain.CheckConnectMiddleAndSecuill
2024-10-24 04:22:35:348	ERROR	A network-related or instance-specific error occurred while establishing a connection to SQL Server. The server was not found or was not accessible. Verify that the instance name is correct and that SQL Server is configured to allow remote connections. (provider: Named Pipes Provider, error: 40 - Could not open a connection to SQL Server)	cls_condbmiddle.chk_connect_db()
2024-10-24 04:22:37:020	_Error	ไม่สามารถเชื่อมต่อ Server Middle	frmMain.CheckConnectMiddleAndSecuill
2024-10-24 04:22:38:970	Status	กำลังเชื่อมต่อใหม่อีกครั้ง Server Middle	frmMain.CheckConnectMiddleAndSecuill
2024-10-24 04:22:55:783	_Error	A network-related or instance-specific error occurred while establishing a connection to SQL Server. The server was not found or was not accessible. Verify that the instance name is correct and that SQL Server is configured to allow remote connections. (provider: Named Pipes Provider, error: 40 - Could not open a connection to SQL Server)	cls_condbsecuill.chk_connect_db
2024-10-24 04:22:57:700	_Error	ไม่สามารถเชื่อมต่อ Server secuill	frmMain.CheckConnectMiddleAndSecuill
2024-10-24 04:22:59:608	Status	กำลังเชื่อมต่อใหม่อีกครั้ง Server secuill	frmMain.CheckConnectMiddleAndSecuill
2024-10-24 04:23:12:815	ERROR	A network-related or instance-specific error occurred while establishing a connection to SQL Server. The server was not found or was not accessible. Verify that the instance name is correct and that SQL Server is configured to allow remote connections. (provider: SQL Network Interfaces, error: 26 - Error Locating Server/Instance Specified)	 (cls_condbserver.ExecuteNonQuery())
2024-10-24 04:23:22:826	ERROR	A network-related or instance-specific error occurred while establishing a connection to SQL Server. The server was not found or was not accessible. Verify that the instance name is correct and that SQL Server is configured to allow remote connections. (provider: Named Pipes Provider, error: 40 - Could not open a connection to SQL Server)	cls_condbmiddle.chk_connect_db()
2024-10-24 04:23:24:641	_Error	ไม่สามารถเชื่อมต่อ Server Middle	frmMain.CheckConnectMiddleAndSecuill
2024-10-24 04:23:26:588	Status	กำลังเชื่อมต่อใหม่อีกครั้ง Server Middle	frmMain.CheckConnectMiddleAndSecuill
2024-10-24 04:23:43:405	_Error	A network-related or instance-specific error occurred while establishing a connection to SQL Server. The server was not found or was not accessible. Verify that the instance name is correct and that SQL Server is configured to allow remote connections. (provider: Named Pipes Provider, error: 40 - Could not open a connection to SQL Server)	cls_condbsecuill.chk_connect_db
2024-10-24 04:23:45:312	_Error	ไม่สามารถเชื่อมต่อ Server secuill	frmMain.CheckConnectMiddleAndSecuill
2024-10-24 04:23:47:227	Status	กำลังเชื่อมต่อใหม่อีกครั้ง Server secuill	frmMain.CheckConnectMiddleAndSecuill
2024-10-24 04:24:10:275	ERROR	A network-related or instance-specific error occurred while establishing a connection to SQL Server. The server was not found or was not accessible. Verify that the instance name is correct and that SQL Server is configured to allow remote connections. (provider: Named Pipes Provider, error: 40 - Could not open a connection to SQL Server)	cls_condbmiddle.chk_connect_db()
2024-10-24 04:24:12:225	_Error	ไม่สามารถเชื่อมต่อ Server Middle	frmMain.CheckConnectMiddleAndSecuill
2024-10-24 04:24:14:171	Status	กำลังเชื่อมต่อใหม่อีกครั้ง Server Middle	frmMain.CheckConnectMiddleAndSecuill
2024-10-24 04:24:30:463	_Error	A network-related or instance-specific error occurred while establishing a connection to SQL Server. The server was not found or was not accessible. Verify that the instance name is correct and that SQL Server is configured to allow remote connections. (provider: Named Pipes Provider, error: 40 - Could not open a connection to SQL Server)	cls_condbsecuill.chk_connect_db
2024-10-24 04:24:32:372	_Error	ไม่สามารถเชื่อมต่อ Server secuill	frmMain.CheckConnectMiddleAndSecuill
2024-10-24 04:24:34:284	Status	กำลังเชื่อมต่อใหม่อีกครั้ง Server secuill	frmMain.CheckConnectMiddleAndSecuill
2024-10-24 04:24:57:716	ERROR	A network-related or instance-specific error occurred while establishing a connection to SQL Server. The server was not found or was not accessible. Verify that the instance name is correct and that SQL Server is configured to allow remote connections. (provider: Named Pipes Provider, error: 40 - Could not open a connection to SQL Server)	cls_condbmiddle.chk_connect_db()
2024-10-24 04:24:59:318	_Error	ไม่สามารถเชื่อมต่อ Server Middle	frmMain.CheckConnectMiddleAndSecuill
2024-10-24 04:25:01:261	Status	กำลังเชื่อมต่อใหม่อีกครั้ง Server Middle	frmMain.CheckConnectMiddleAndSecuill
2024-10-24 04:25:18:108	_Error	A network-related or instance-specific error occurred while establishing a connection to SQL Server. The server was not found or was not accessible. Verify that the instance name is correct and that SQL Server is configured to allow remote connections. (provider: Named Pipes Provider, error: 40 - Could not open a connection to SQL Server)	cls_condbsecuill.chk_connect_db
2024-10-24 04:25:20:021	_Error	ไม่สามารถเชื่อมต่อ Server secuill	frmMain.CheckConnectMiddleAndSecuill
2024-10-24 04:25:21:934	Status	กำลังเชื่อมต่อใหม่อีกครั้ง Server secuill	frmMain.CheckConnectMiddleAndSecuill
2024-10-24 04:25:45:187	ERROR	A network-related or instance-specific error occurred while establishing a connection to SQL Server. The server was not found or was not accessible. Verify that the instance name is correct and that SQL Server is configured to allow remote connections. (provider: Named Pipes Provider, error: 40 - Could not open a connection to SQL Server)	cls_condbmiddle.chk_connect_db()
2024-10-24 04:25:46:993	_Error	ไม่สามารถเชื่อมต่อ Server Middle	frmMain.CheckConnectMiddleAndSecuill
2024-10-24 04:25:48:941	Status	กำลังเชื่อมต่อใหม่อีกครั้ง Server Middle	frmMain.CheckConnectMiddleAndSecuill
2024-10-24 04:26:05:756	_Error	A network-related or instance-specific error occurred while establishing a connection to SQL Server. The server was not found or was not accessible. Verify that the instance name is correct and that SQL Server is configured to allow remote connections. (provider: Named Pipes Provider, error: 40 - Could not open a connection to SQL Server)	cls_condbsecuill.chk_connect_db
2024-10-24 04:26:07:674	_Error	ไม่สามารถเชื่อมต่อ Server secuill	frmMain.CheckConnectMiddleAndSecuill
2024-10-24 04:26:09:595	Status	กำลังเชื่อมต่อใหม่อีกครั้ง Server secuill	frmMain.CheckConnectMiddleAndSecuill
2024-10-24 04:26:32:640	ERROR	A network-related or instance-specific error occurred while establishing a connection to SQL Server. The server was not found or was not accessible. Verify that the instance name is correct and that SQL Server is configured to allow remote connections. (provider: Named Pipes Provider, error: 40 - Could not open a connection to SQL Server)	cls_condbmiddle.chk_connect_db()
2024-10-24 04:26:34:601	_Error	ไม่สามารถเชื่อมต่อ Server Middle	frmMain.CheckConnectMiddleAndSecuill
2024-10-24 04:26:36:545	Status	กำลังเชื่อมต่อใหม่อีกครั้ง Server Middle	frmMain.CheckConnectMiddleAndSecuill
2024-10-24 04:26:52:826	_Error	A network-related or instance-specific error occurred while establishing a connection to SQL Server. The server was not found or was not accessible. Verify that the instance name is correct and that SQL Server is configured to allow remote connections. (provider: Named Pipes Provider, error: 40 - Could not open a connection to SQL Server)	cls_condbsecuill.chk_connect_db
2024-10-24 04:26:54:736	_Error	ไม่สามารถเชื่อมต่อ Server secuill	frmMain.CheckConnectMiddleAndSecuill
2024-10-24 04:26:56:638	Status	กำลังเชื่อมต่อใหม่อีกครั้ง Server secuill	frmMain.CheckConnectMiddleAndSecuill
2024-10-24 04:27:20:079	ERROR	A network-related or instance-specific error occurred while establishing a connection to SQL Server. The server was not found or was not accessible. Verify that the instance name is correct and that SQL Server is configured to allow remote connections. (provider: Named Pipes Provider, error: 40 - Could not open a connection to SQL Server)	cls_condbmiddle.chk_connect_db()
2024-10-24 04:27:21:638	_Error	ไม่สามารถเชื่อมต่อ Server Middle	frmMain.CheckConnectMiddleAndSecuill
2024-10-24 04:27:23:586	Status	กำลังเชื่อมต่อใหม่อีกครั้ง Server Middle	frmMain.CheckConnectMiddleAndSecuill
2024-10-24 04:27:40:390	_Error	A network-related or instance-specific error occurred while establishing a connection to SQL Server. The server was not found or was not accessible. Verify that the instance name is correct and that SQL Server is configured to allow remote connections. (provider: Named Pipes Provider, error: 40 - Could not open a connection to SQL Server)	cls_condbsecuill.chk_connect_db
2024-10-24 04:27:42:302	_Error	ไม่สามารถเชื่อมต่อ Server secuill	frmMain.CheckConnectMiddleAndSecuill
2024-10-24 04:27:44:218	Status	กำลังเชื่อมต่อใหม่อีกครั้ง Server secuill	frmMain.CheckConnectMiddleAndSecuill
2024-10-24 04:27:57:545	ERROR	A network-related or instance-specific error occurred while establishing a connection to SQL Server. The server was not found or was not accessible. Verify that the instance name is correct and that SQL Server is configured to allow remote connections. (provider: SQL Network Interfaces, error: 26 - Error Locating Server/Instance Specified)	 (cls_condbserver.ExecuteNonQuery())
2024-10-24 04:28:07:567	ERROR	A network-related or instance-specific error occurred while establishing a connection to SQL Server. The server was not found or was not accessible. Verify that the instance name is correct and that SQL Server is configured to allow remote connections. (provider: Named Pipes Provider, error: 40 - Could not open a connection to SQL Server)	cls_condbmiddle.chk_connect_db()
2024-10-24 04:28:09:231	_Error	ไม่สามารถเชื่อมต่อ Server Middle	frmMain.CheckConnectMiddleAndSecuill
2024-10-24 04:28:11:170	Status	กำลังเชื่อมต่อใหม่อีกครั้ง Server Middle	frmMain.CheckConnectMiddleAndSecuill
2024-10-24 04:28:27:982	_Error	A network-related or instance-specific error occurred while establishing a connection to SQL Server. The server was not found or was not accessible. Verify that the instance name is correct and that SQL Server is configured to allow remote connections. (provider: Named Pipes Provider, error: 40 - Could not open a connection to SQL Server)	cls_condbsecuill.chk_connect_db
2024-10-24 04:28:29:905	_Error	ไม่สามารถเชื่อมต่อ Server secuill	frmMain.CheckConnectMiddleAndSecuill
2024-10-24 04:28:31:816	Status	กำลังเชื่อมต่อใหม่อีกครั้ง Server secuill	frmMain.CheckConnectMiddleAndSecuill
2024-10-24 04:28:55:034	ERROR	A network-related or instance-specific error occurred while establishing a connection to SQL Server. The server was not found or was not accessible. Verify that the instance name is correct and that SQL Server is configured to allow remote connections. (provider: Named Pipes Provider, error: 40 - Could not open a connection to SQL Server)	cls_condbmiddle.chk_connect_db()
2024-10-24 04:28:56:832	_Error	ไม่สามารถเชื่อมต่อ Server Middle	frmMain.CheckConnectMiddleAndSecuill
2024-10-24 04:28:58:787	Status	กำลังเชื่อมต่อใหม่อีกครั้ง Server Middle	frmMain.CheckConnectMiddleAndSecuill
2024-10-24 04:29:15:614	_Error	A network-related or instance-specific error occurred while establishing a connection to SQL Server. The server was not found or was not accessible. Verify that the instance name is correct and that SQL Server is configured to allow remote connections. (provider: Named Pipes Provider, error: 40 - Could not open a connection to SQL Server)	cls_condbsecuill.chk_connect_db
2024-10-24 04:29:17:527	_Error	ไม่สามารถเชื่อมต่อ Server secuill	frmMain.CheckConnectMiddleAndSecuill
2024-10-24 04:29:19:447	Status	กำลังเชื่อมต่อใหม่อีกครั้ง Server secuill	frmMain.CheckConnectMiddleAndSecuill
2024-10-24 04:29:42:482	ERROR	A network-related or instance-specific error occurred while establishing a connection to SQL Server. The server was not found or was not accessible. Verify that the instance name is correct and that SQL Server is configured to allow remote connections. (provider: Named Pipes Provider, error: 40 - Could not open a connection to SQL Server)	cls_condbmiddle.chk_connect_db()
2024-10-24 04:29:43:939	_Error	ไม่สามารถเชื่อมต่อ Server Middle	frmMain.CheckConnectMiddleAndSecuill
2024-10-24 04:29:46:394	Status	กำลังเชื่อมต่อใหม่อีกครั้ง Server Middle	frmMain.CheckConnectMiddleAndSecuill
2024-10-24 04:30:02:717	_Error	A network-related or instance-specific error occurred while establishing a connection to SQL Server. The server was not found or was not accessible. Verify that the instance name is correct and that SQL Server is configured to allow remote connections. (provider: Named Pipes Provider, error: 40 - Could not open a connection to SQL Server)	cls_condbsecuill.chk_connect_db
2024-10-24 04:30:04:635	_Error	ไม่สามารถเชื่อมต่อ Server secuill	frmMain.CheckConnectMiddleAndSecuill
2024-10-24 04:30:06:551	Status	กำลังเชื่อมต่อใหม่อีกครั้ง Server secuill	frmMain.CheckConnectMiddleAndSecuill
2024-10-24 04:30:29:952	ERROR	A network-related or instance-specific error occurred while establishing a connection to SQL Server. The server was not found or was not accessible. Verify that the instance name is correct and that SQL Server is configured to allow remote connections. (provider: Named Pipes Provider, error: 40 - Could not open a connection to SQL Server)	cls_condbmiddle.chk_connect_db()
2024-10-24 04:30:31:524	_Error	ไม่สามารถเชื่อมต่อ Server Middle	frmMain.CheckConnectMiddleAndSecuill
2024-10-24 04:30:33:466	Status	กำลังเชื่อมต่อใหม่อีกครั้ง Server Middle	frmMain.CheckConnectMiddleAndSecuill
2024-10-24 04:30:50:286	_Error	A network-related or instance-specific error occurred while establishing a connection to SQL Server. The server was not found or was not accessible. Verify that the instance name is correct and that SQL Server is configured to allow remote connections. (provider: Named Pipes Provider, error: 40 - Could not open a connection to SQL Server)	cls_condbsecuill.chk_connect_db
2024-10-24 04:30:52:195	_Error	ไม่สามารถเชื่อมต่อ Server secuill	frmMain.CheckConnectMiddleAndSecuill
2024-10-24 04:30:54:104	Status	กำลังเชื่อมต่อใหม่อีกครั้ง Server secuill	frmMain.CheckConnectMiddleAndSecuill
2024-10-24 04:31:17:405	ERROR	A network-related or instance-specific error occurred while establishing a connection to SQL Server. The server was not found or was not accessible. Verify that the instance name is correct and that SQL Server is configured to allow remote connections. (provider: Named Pipes Provider, error: 40 - Could not open a connection to SQL Server)	cls_condbmiddle.chk_connect_db()
2024-10-24 04:31:19:109	_Error	ไม่สามารถเชื่อมต่อ Server Middle	frmMain.CheckConnectMiddleAndSecuill
2024-10-24 04:31:21:057	Status	กำลังเชื่อมต่อใหม่อีกครั้ง Server Middle	frmMain.CheckConnectMiddleAndSecuill
2024-10-24 04:31:37:836	_Error	A network-related or instance-specific error occurred while establishing a connection to SQL Server. The server was not found or was not accessible. Verify that the instance name is correct and that SQL Server is configured to allow remote connections. (provider: Named Pipes Provider, error: 40 - Could not open a connection to SQL Server)	cls_condbsecuill.chk_connect_db
2024-10-24 04:31:39:747	_Error	ไม่สามารถเชื่อมต่อ Server secuill	frmMain.CheckConnectMiddleAndSecuill
2024-10-24 04:31:41:659	Status	กำลังเชื่อมต่อใหม่อีกครั้ง Server secuill	frmMain.CheckConnectMiddleAndSecuill
2024-10-24 04:32:04:886	ERROR	A network-related or instance-specific error occurred while establishing a connection to SQL Server. The server was not found or was not accessible. Verify that the instance name is correct and that SQL Server is configured to allow remote connections. (provider: Named Pipes Provider, error: 40 - Could not open a connection to SQL Server)	cls_condbmiddle.chk_connect_db()
2024-10-24 04:32:06:665	_Error	ไม่สามารถเชื่อมต่อ Server Middle	frmMain.CheckConnectMiddleAndSecuill
2024-10-24 04:32:08:606	Status	กำลังเชื่อมต่อใหม่อีกครั้ง Server Middle	frmMain.CheckConnectMiddleAndSecuill
2024-10-24 04:32:25:418	_Error	A network-related or instance-specific error occurred while establishing a connection to SQL Server. The server was not found or was not accessible. Verify that the instance name is correct and that SQL Server is configured to allow remote connections. (provider: Named Pipes Provider, error: 40 - Could not open a connection to SQL Server)	cls_condbsecuill.chk_connect_db
2024-10-24 04:32:27:333	_Error	ไม่สามารถเชื่อมต่อ Server secuill	frmMain.CheckConnectMiddleAndSecuill
2024-10-24 04:32:29:253	Status	กำลังเชื่อมต่อใหม่อีกครั้ง Server secuill	frmMain.CheckConnectMiddleAndSecuill
2024-10-24 04:32:42:327	ERROR	A network-related or instance-specific error occurred while establishing a connection to SQL Server. The server was not found or was not accessible. Verify that the instance name is correct and that SQL Server is configured to allow remote connections. (provider: SQL Network Interfaces, error: 26 - Error Locating Server/Instance Specified)	 (cls_condbserver.ExecuteNonQuery())
2024-10-24 04:32:52:328	ERROR	A network-related or instance-specific error occurred while establishing a connection to SQL Server. The server was not found or was not accessible. Verify that the instance name is correct and that SQL Server is configured to allow remote connections. (provider: Named Pipes Provider, error: 40 - Could not open a connection to SQL Server)	cls_condbmiddle.chk_connect_db()
2024-10-24 04:32:54:239	_Error	ไม่สามารถเชื่อมต่อ Server Middle	frmMain.CheckConnectMiddleAndSecuill
2024-10-24 04:32:56:189	Status	กำลังเชื่อมต่อใหม่อีกครั้ง Server Middle	frmMain.CheckConnectMiddleAndSecuill
2024-10-24 04:33:13:001	_Error	A network-related or instance-specific error occurred while establishing a connection to SQL Server. The server was not found or was not accessible. Verify that the instance name is correct and that SQL Server is configured to allow remote connections. (provider: Named Pipes Provider, error: 40 - Could not open a connection to SQL Server)	cls_condbsecuill.chk_connect_db
2024-10-24 04:33:14:918	_Error	ไม่สามารถเชื่อมต่อ Server secuill	frmMain.CheckConnectMiddleAndSecuill
2024-10-24 04:33:16:865	Status	กำลังเชื่อมต่อใหม่อีกครั้ง Server secuill	frmMain.CheckConnectMiddleAndSecuill
2024-10-24 04:33:39:794	ERROR	A network-related or instance-specific error occurred while establishing a connection to SQL Server. The server was not found or was not accessible. Verify that the instance name is correct and that SQL Server is configured to allow remote connections. (provider: Named Pipes Provider, error: 40 - Could not open a connection to SQL Server)	cls_condbmiddle.chk_connect_db()
2024-10-24 04:33:41:318	_Error	ไม่สามารถเชื่อมต่อ Server Middle	frmMain.CheckConnectMiddleAndSecuill
2024-10-24 04:33:43:779	Status	กำลังเชื่อมต่อใหม่อีกครั้ง Server Middle	frmMain.CheckConnectMiddleAndSecuill
2024-10-24 04:34:00:063	_Error	A network-related or instance-specific error occurred while establishing a connection to SQL Server. The server was not found or was not accessible. Verify that the instance name is correct and that SQL Server is configured to allow remote connections. (provider: Named Pipes Provider, error: 40 - Could not open a connection to SQL Server)	cls_condbsecuill.chk_connect_db
2024-10-24 04:34:01:975	_Error	ไม่สามารถเชื่อมต่อ Server secuill	frmMain.CheckConnectMiddleAndSecuill
2024-10-24 04:34:03:890	Status	กำลังเชื่อมต่อใหม่อีกครั้ง Server secuill	frmMain.CheckConnectMiddleAndSecuill
2024-10-24 04:34:27:256	ERROR	A network-related or instance-specific error occurred while establishing a connection to SQL Server. The server was not found or was not accessible. Verify that the instance name is correct and that SQL Server is configured to allow remote connections. (provider: Named Pipes Provider, error: 40 - Could not open a connection to SQL Server)	cls_condbmiddle.chk_connect_db()
2024-10-24 04:34:28:932	_Error	ไม่สามารถเชื่อมต่อ Server Middle	frmMain.CheckConnectMiddleAndSecuill
2024-10-24 04:34:30:877	Status	กำลังเชื่อมต่อใหม่อีกครั้ง Server Middle	frmMain.CheckConnectMiddleAndSecuill
2024-10-24 04:34:47:637	_Error	A network-related or instance-specific error occurred while establishing a connection to SQL Server. The server was not found or was not accessible. Verify that the instance name is correct and that SQL Server is configured to allow remote connections. (provider: Named Pipes Provider, error: 40 - Could not open a connection to SQL Server)	cls_condbsecuill.chk_connect_db
2024-10-24 04:34:49:550	_Error	ไม่สามารถเชื่อมต่อ Server secuill	frmMain.CheckConnectMiddleAndSecuill
2024-10-24 04:34:51:465	Status	กำลังเชื่อมต่อใหม่อีกครั้ง Server secuill	frmMain.CheckConnectMiddleAndSecuill
2024-10-24 04:35:14:767	ERROR	A network-related or instance-specific error occurred while establishing a connection to SQL Server. The server was not found or was not accessible. Verify that the instance name is correct and that SQL Server is configured to allow remote connections. (provider: Named Pipes Provider, error: 40 - Could not open a connection to SQL Server)	cls_condbmiddle.chk_connect_db()
2024-10-24 04:35:16:450	_Error	ไม่สามารถเชื่อมต่อ Server Middle	frmMain.CheckConnectMiddleAndSecuill
2024-10-24 04:35:18:390	Status	กำลังเชื่อมต่อใหม่อีกครั้ง Server Middle	frmMain.CheckConnectMiddleAndSecuill
2024-10-24 04:35:35:188	_Error	A network-related or instance-specific error occurred while establishing a connection to SQL Server. The server was not found or was not accessible. Verify that the instance name is correct and that SQL Server is configured to allow remote connections. (provider: Named Pipes Provider, error: 40 - Could not open a connection to SQL Server)	cls_condbsecuill.chk_connect_db
2024-10-24 04:35:37:112	_Error	ไม่สามารถเชื่อมต่อ Server secuill	frmMain.CheckConnectMiddleAndSecuill
2024-10-24 04:35:39:027	Status	กำลังเชื่อมต่อใหม่อีกครั้ง Server secuill	frmMain.CheckConnectMiddleAndSecuill
2024-10-24 04:36:02:217	ERROR	A network-related or instance-specific error occurred while establishing a connection to SQL Server. The server was not found or was not accessible. Verify that the instance name is correct and that SQL Server is configured to allow remote connections. (provider: Named Pipes Provider, error: 40 - Could not open a connection to SQL Server)	cls_condbmiddle.chk_connect_db()
2024-10-24 04:36:03:967	_Error	ไม่สามารถเชื่อมต่อ Server Middle	frmMain.CheckConnectMiddleAndSecuill
2024-10-24 04:36:05:918	Status	กำลังเชื่อมต่อใหม่อีกครั้ง Server Middle	frmMain.CheckConnectMiddleAndSecuill
2024-10-24 04:36:22:730	_Error	A network-related or instance-specific error occurred while establishing a connection to SQL Server. The server was not found or was not accessible. Verify that the instance name is correct and that SQL Server is configured to allow remote connections. (provider: Named Pipes Provider, error: 40 - Could not open a connection to SQL Server)	cls_condbsecuill.chk_connect_db
2024-10-24 04:36:24:643	_Error	ไม่สามารถเชื่อมต่อ Server secuill	frmMain.CheckConnectMiddleAndSecuill
2024-10-24 04:36:26:564	Status	กำลังเชื่อมต่อใหม่อีกครั้ง Server secuill	frmMain.CheckConnectMiddleAndSecuill
2024-10-24 04:36:49:701	ERROR	A network-related or instance-specific error occurred while establishing a connection to SQL Server. The server was not found or was not accessible. Verify that the instance name is correct and that SQL Server is configured to allow remote connections. (provider: Named Pipes Provider, error: 40 - Could not open a connection to SQL Server)	cls_condbmiddle.chk_connect_db()
2024-10-24 04:36:51:570	_Error	ไม่สามารถเชื่อมต่อ Server Middle	frmMain.CheckConnectMiddleAndSecuill
2024-10-24 04:36:53:502	Status	กำลังเชื่อมต่อใหม่อีกครั้ง Server Middle	frmMain.CheckConnectMiddleAndSecuill
2024-10-24 04:37:10:297	_Error	A network-related or instance-specific error occurred while establishing a connection to SQL Server. The server was not found or was not accessible. Verify that the instance name is correct and that SQL Server is configured to allow remote connections. (provider: Named Pipes Provider, error: 40 - Could not open a connection to SQL Server)	cls_condbsecuill.chk_connect_db
2024-10-24 04:37:12:210	_Error	ไม่สามารถเชื่อมต่อ Server secuill	frmMain.CheckConnectMiddleAndSecuill
2024-10-24 04:37:14:124	Status	กำลังเชื่อมต่อใหม่อีกครั้ง Server secuill	frmMain.CheckConnectMiddleAndSecuill
2024-10-24 04:37:27:149	ERROR	A network-related or instance-specific error occurred while establishing a connection to SQL Server. The server was not found or was not accessible. Verify that the instance name is correct and that SQL Server is configured to allow remote connections. (provider: SQL Network Interfaces, error: 26 - Error Locating Server/Instance Specified)	 (cls_condbserver.ExecuteNonQuery())
2024-10-24 04:37:37:156	ERROR	A network-related or instance-specific error occurred while establishing a connection to SQL Server. The server was not found or was not accessible. Verify that the instance name is correct and that SQL Server is configured to allow remote connections. (provider: Named Pipes Provider, error: 40 - Could not open a connection to SQL Server)	cls_condbmiddle.chk_connect_db()
2024-10-24 04:37:38:614	_Error	ไม่สามารถเชื่อมต่อ Server Middle	frmMain.CheckConnectMiddleAndSecuill
2024-10-24 04:37:41:076	Status	กำลังเชื่อมต่อใหม่อีกครั้ง Server Middle	frmMain.CheckConnectMiddleAndSecuill
2024-10-24 04:37:57:367	_Error	A network-related or instance-specific error occurred while establishing a connection to SQL Server. The server was not found or was not accessible. Verify that the instance name is correct and that SQL Server is configured to allow remote connections. (provider: Named Pipes Provider, error: 40 - Could not open a connection to SQL Server)	cls_condbsecuill.chk_connect_db
2024-10-24 04:37:59:284	_Error	ไม่สามารถเชื่อมต่อ Server secuill	frmMain.CheckConnectMiddleAndSecuill
2024-10-24 04:38:01:203	Status	กำลังเชื่อมต่อใหม่อีกครั้ง Server secuill	frmMain.CheckConnectMiddleAndSecuill
2024-10-24 04:38:24:655	ERROR	A network-related or instance-specific error occurred while establishing a connection to SQL Server. The server was not found or was not accessible. Verify that the instance name is correct and that SQL Server is configured to allow remote connections. (provider: Named Pipes Provider, error: 40 - Could not open a connection to SQL Server)	cls_condbmiddle.chk_connect_db()
2024-10-24 04:38:26:195	_Error	ไม่สามารถเชื่อมต่อ Server Middle	frmMain.CheckConnectMiddleAndSecuill
2024-10-24 04:38:28:143	Status	กำลังเชื่อมต่อใหม่อีกครั้ง Server Middle	frmMain.CheckConnectMiddleAndSecuill
2024-10-24 04:38:44:942	_Error	A network-related or instance-specific error occurred while establishing a connection to SQL Server. The server was not found or was not accessible. Verify that the instance name is correct and that SQL Server is configured to allow remote connections. (provider: Named Pipes Provider, error: 40 - Could not open a connection to SQL Server)	cls_condbsecuill.chk_connect_db
2024-10-24 04:38:46:865	_Error	ไม่สามารถเชื่อมต่อ Server secuill	frmMain.CheckConnectMiddleAndSecuill
2024-10-24 04:38:48:776	Status	กำลังเชื่อมต่อใหม่อีกครั้ง Server secuill	frmMain.CheckConnectMiddleAndSecuill
2024-10-24 04:39:12:077	ERROR	A network-related or instance-specific error occurred while establishing a connection to SQL Server. The server was not found or was not accessible. Verify that the instance name is correct and that SQL Server is configured to allow remote connections. (provider: Named Pipes Provider, error: 40 - Could not open a connection to SQL Server)	cls_condbmiddle.chk_connect_db()
2024-10-24 04:39:13:788	_Error	ไม่สามารถเชื่อมต่อ Server Middle	frmMain.CheckConnectMiddleAndSecuill
2024-10-24 04:39:15:733	Status	กำลังเชื่อมต่อใหม่อีกครั้ง Server Middle	frmMain.CheckConnectMiddleAndSecuill
2024-10-24 04:39:32:536	_Error	A network-related or instance-specific error occurred while establishing a connection to SQL Server. The server was not found or was not accessible. Verify that the instance name is correct and that SQL Server is configured to allow remote connections. (provider: Named Pipes Provider, error: 40 - Could not open a connection to SQL Server)	cls_condbsecuill.chk_connect_db
2024-10-24 04:39:34:455	_Error	ไม่สามารถเชื่อมต่อ Server secuill	frmMain.CheckConnectMiddleAndSecuill
2024-10-24 04:39:36:364	Status	กำลังเชื่อมต่อใหม่อีกครั้ง Server secuill	frmMain.CheckConnectMiddleAndSecuill
2024-10-24 04:39:59:548	ERROR	A network-related or instance-specific error occurred while establishing a connection to SQL Server. The server was not found or was not accessible. Verify that the instance name is correct and that SQL Server is configured to allow remote connections. (provider: Named Pipes Provider, error: 40 - Could not open a connection to SQL Server)	cls_condbmiddle.chk_connect_db()
2024-10-24 04:40:01:351	_Error	ไม่สามารถเชื่อมต่อ Server Middle	frmMain.CheckConnectMiddleAndSecuill
2024-10-24 04:40:03:296	Status	กำลังเชื่อมต่อใหม่อีกครั้ง Server Middle	frmMain.CheckConnectMiddleAndSecuill
2024-10-24 04:40:20:073	_Error	A network-related or instance-specific error occurred while establishing a connection to SQL Server. The server was not found or was not accessible. Verify that the instance name is correct and that SQL Server is configured to allow remote connections. (provider: Named Pipes Provider, error: 40 - Could not open a connection to SQL Server)	cls_condbsecuill.chk_connect_db
2024-10-24 04:40:21:992	_Error	ไม่สามารถเชื่อมต่อ Server secuill	frmMain.CheckConnectMiddleAndSecuill
2024-10-24 04:40:23:901	Status	กำลังเชื่อมต่อใหม่อีกครั้ง Server secuill	frmMain.CheckConnectMiddleAndSecuill
2024-10-24 04:40:47:015	ERROR	A network-related or instance-specific error occurred while establishing a connection to SQL Server. The server was not found or was not accessible. Verify that the instance name is correct and that SQL Server is configured to allow remote connections. (provider: Named Pipes Provider, error: 40 - Could not open a connection to SQL Server)	cls_condbmiddle.chk_connect_db()
2024-10-24 04:40:48:930	_Error	ไม่สามารถเชื่อมต่อ Server Middle	frmMain.CheckConnectMiddleAndSecuill
2024-10-24 04:40:50:877	Status	กำลังเชื่อมต่อใหม่อีกครั้ง Server Middle	frmMain.CheckConnectMiddleAndSecuill
2024-10-24 04:41:07:187	_Error	A network-related or instance-specific error occurred while establishing a connection to SQL Server. The server was not found or was not accessible. Verify that the instance name is correct and that SQL Server is configured to allow remote connections. (provider: Named Pipes Provider, error: 40 - Could not open a connection to SQL Server)	cls_condbsecuill.chk_connect_db
2024-10-24 04:41:09:108	_Error	ไม่สามารถเชื่อมต่อ Server secuill	frmMain.CheckConnectMiddleAndSecuill
2024-10-24 04:41:11:043	Status	กำลังเชื่อมต่อใหม่อีกครั้ง Server secuill	frmMain.CheckConnectMiddleAndSecuill
2024-10-24 04:41:34:508	ERROR	A network-related or instance-specific error occurred while establishing a connection to SQL Server. The server was not found or was not accessible. Verify that the instance name is correct and that SQL Server is configured to allow remote connections. (provider: Named Pipes Provider, error: 40 - Could not open a connection to SQL Server)	cls_condbmiddle.chk_connect_db()
2024-10-24 04:41:36:094	_Error	ไม่สามารถเชื่อมต่อ Server Middle	frmMain.CheckConnectMiddleAndSecuill
2024-10-24 04:41:38:041	Status	กำลังเชื่อมต่อใหม่อีกครั้ง Server Middle	frmMain.CheckConnectMiddleAndSecuill
2024-10-24 04:41:54:859	_Error	A network-related or instance-specific error occurred while establishing a connection to SQL Server. The server was not found or was not accessible. Verify that the instance name is correct and that SQL Server is configured to allow remote connections. (provider: Named Pipes Provider, error: 40 - Could not open a connection to SQL Server)	cls_condbsecuill.chk_connect_db
2024-10-24 04:41:56:778	_Error	ไม่สามารถเชื่อมต่อ Server secuill	frmMain.CheckConnectMiddleAndSecuill
2024-10-24 04:41:58:695	Status	กำลังเชื่อมต่อใหม่อีกครั้ง Server secuill	frmMain.CheckConnectMiddleAndSecuill
2024-10-24 04:42:11:892	ERROR	A network-related or instance-specific error occurred while establishing a connection to SQL Server. The server was not found or was not accessible. Verify that the instance name is correct and that SQL Server is configured to allow remote connections. (provider: SQL Network Interfaces, error: 26 - Error Locating Server/Instance Specified)	 (cls_condbserver.ExecuteNonQuery())
2024-10-24 04:42:21:931	ERROR	A network-related or instance-specific error occurred while establishing a connection to SQL Server. The server was not found or was not accessible. Verify that the instance name is correct and that SQL Server is configured to allow remote connections. (provider: Named Pipes Provider, error: 40 - Could not open a connection to SQL Server)	cls_condbmiddle.chk_connect_db()
2024-10-24 04:42:23:683	_Error	ไม่สามารถเชื่อมต่อ Server Middle	frmMain.CheckConnectMiddleAndSecuill
2024-10-24 04:42:25:632	Status	กำลังเชื่อมต่อใหม่อีกครั้ง Server Middle	frmMain.CheckConnectMiddleAndSecuill
2024-10-24 04:42:42:457	_Error	A network-related or instance-specific error occurred while establishing a connection to SQL Server. The server was not found or was not accessible. Verify that the instance name is correct and that SQL Server is configured to allow remote connections. (provider: Named Pipes Provider, error: 40 - Could not open a connection to SQL Server)	cls_condbsecuill.chk_connect_db
2024-10-24 04:42:44:369	_Error	ไม่สามารถเชื่อมต่อ Server secuill	frmMain.CheckConnectMiddleAndSecuill
2024-10-24 04:42:46:289	Status	กำลังเชื่อมต่อใหม่อีกครั้ง Server secuill	frmMain.CheckConnectMiddleAndSecuill
2024-10-24 04:43:09:368	ERROR	A network-related or instance-specific error occurred while establishing a connection to SQL Server. The server was not found or was not accessible. Verify that the instance name is correct and that SQL Server is configured to allow remote connections. (provider: Named Pipes Provider, error: 40 - Could not open a connection to SQL Server)	cls_condbmiddle.chk_connect_db()
2024-10-24 04:43:11:298	_Error	ไม่สามารถเชื่อมต่อ Server Middle	frmMain.CheckConnectMiddleAndSecuill
2024-10-24 04:43:13:243	Status	กำลังเชื่อมต่อใหม่อีกครั้ง Server Middle	frmMain.CheckConnectMiddleAndSecuill
2024-10-24 04:43:29:513	_Error	A network-related or instance-specific error occurred while establishing a connection to SQL Server. The server was not found or was not accessible. Verify that the instance name is correct and that SQL Server is configured to allow remote connections. (provider: Named Pipes Provider, error: 40 - Could not open a connection to SQL Server)	cls_condbsecuill.chk_connect_db
2024-10-24 04:43:31:434	_Error	ไม่สามารถเชื่อมต่อ Server secuill	frmMain.CheckConnectMiddleAndSecuill
2024-10-24 04:43:33:354	Status	กำลังเชื่อมต่อใหม่อีกครั้ง Server secuill	frmMain.CheckConnectMiddleAndSecuill
2024-10-24 04:43:56:820	ERROR	A network-related or instance-specific error occurred while establishing a connection to SQL Server. The server was not found or was not accessible. Verify that the instance name is correct and that SQL Server is configured to allow remote connections. (provider: Named Pipes Provider, error: 40 - Could not open a connection to SQL Server)	cls_condbmiddle.chk_connect_db()
2024-10-24 04:43:58:310	_Error	ไม่สามารถเชื่อมต่อ Server Middle	frmMain.CheckConnectMiddleAndSecuill
2024-10-24 04:44:00:770	Status	กำลังเชื่อมต่อใหม่อีกครั้ง Server Middle	frmMain.CheckConnectMiddleAndSecuill
2024-10-24 04:44:17:078	_Error	A network-related or instance-specific error occurred while establishing a connection to SQL Server. The server was not found or was not accessible. Verify that the instance name is correct and that SQL Server is configured to allow remote connections. (provider: Named Pipes Provider, error: 40 - Could not open a connection to SQL Server)	cls_condbsecuill.chk_connect_db
2024-10-24 04:44:18:993	_Error	ไม่สามารถเชื่อมต่อ Server secuill	frmMain.CheckConnectMiddleAndSecuill
2024-10-24 04:44:20:909	Status	กำลังเชื่อมต่อใหม่อีกครั้ง Server secuill	frmMain.CheckConnectMiddleAndSecuill
2024-10-24 04:44:44:288	ERROR	A network-related or instance-specific error occurred while establishing a connection to SQL Server. The server was not found or was not accessible. Verify that the instance name is correct and that SQL Server is configured to allow remote connections. (provider: Named Pipes Provider, error: 40 - Could not open a connection to SQL Server)	cls_condbmiddle.chk_connect_db()
2024-10-24 04:44:45:888	_Error	ไม่สามารถเชื่อมต่อ Server Middle	frmMain.CheckConnectMiddleAndSecuill
2024-10-24 04:44:47:836	Status	กำลังเชื่อมต่อใหม่อีกครั้ง Server Middle	frmMain.CheckConnectMiddleAndSecuill
2024-10-24 04:45:04:640	_Error	A network-related or instance-specific error occurred while establishing a connection to SQL Server. The server was not found or was not accessible. Verify that the instance name is correct and that SQL Server is configured to allow remote connections. (provider: Named Pipes Provider, error: 40 - Could not open a connection to SQL Server)	cls_condbsecuill.chk_connect_db
2024-10-24 04:45:06:553	_Error	ไม่สามารถเชื่อมต่อ Server secuill	frmMain.CheckConnectMiddleAndSecuill
2024-10-24 04:45:08:462	Status	กำลังเชื่อมต่อใหม่อีกครั้ง Server secuill	frmMain.CheckConnectMiddleAndSecuill
2024-10-24 04:45:31:766	ERROR	A network-related or instance-specific error occurred while establishing a connection to SQL Server. The server was not found or was not accessible. Verify that the instance name is correct and that SQL Server is configured to allow remote connections. (provider: Named Pipes Provider, error: 40 - Could not open a connection to SQL Server)	cls_condbmiddle.chk_connect_db()
2024-10-24 04:45:33:530	_Error	ไม่สามารถเชื่อมต่อ Server Middle	frmMain.CheckConnectMiddleAndSecuill
2024-10-24 04:45:35:483	Status	กำลังเชื่อมต่อใหม่อีกครั้ง Server Middle	frmMain.CheckConnectMiddleAndSecuill
2024-10-24 04:45:52:279	_Error	A network-related or instance-specific error occurred while establishing a connection to SQL Server. The server was not found or was not accessible. Verify that the instance name is correct and that SQL Server is configured to allow remote connections. (provider: Named Pipes Provider, error: 40 - Could not open a connection to SQL Server)	cls_condbsecuill.chk_connect_db
2024-10-24 04:45:54:197	_Error	ไม่สามารถเชื่อมต่อ Server secuill	frmMain.CheckConnectMiddleAndSecuill
2024-10-24 04:45:56:110	Status	กำลังเชื่อมต่อใหม่อีกครั้ง Server secuill	frmMain.CheckConnectMiddleAndSecuill
2024-10-24 04:46:19:250	ERROR	A network-related or instance-specific error occurred while establishing a connection to SQL Server. The server was not found or was not accessible. Verify that the instance name is correct and that SQL Server is configured to allow remote connections. (provider: Named Pipes Provider, error: 40 - Could not open a connection to SQL Server)	cls_condbmiddle.chk_connect_db()
2024-10-24 04:46:21:105	_Error	ไม่สามารถเชื่อมต่อ Server Middle	frmMain.CheckConnectMiddleAndSecuill
2024-10-24 04:46:23:048	Status	กำลังเชื่อมต่อใหม่อีกครั้ง Server Middle	frmMain.CheckConnectMiddleAndSecuill
2024-10-24 04:46:39:872	_Error	A network-related or instance-specific error occurred while establishing a connection to SQL Server. The server was not found or was not accessible. Verify that the instance name is correct and that SQL Server is configured to allow remote connections. (provider: Named Pipes Provider, error: 40 - Could not open a connection to SQL Server)	cls_condbsecuill.chk_connect_db
2024-10-24 04:46:41:786	_Error	ไม่สามารถเชื่อมต่อ Server secuill	frmMain.CheckConnectMiddleAndSecuill
2024-10-24 04:46:43:703	Status	กำลังเชื่อมต่อใหม่อีกครั้ง Server secuill	frmMain.CheckConnectMiddleAndSecuill
2024-10-24 04:46:56:716	ERROR	A network-related or instance-specific error occurred while establishing a connection to SQL Server. The server was not found or was not accessible. Verify that the instance name is correct and that SQL Server is configured to allow remote connections. (provider: SQL Network Interfaces, error: 26 - Error Locating Server/Instance Specified)	 (cls_condbserver.ExecuteNonQuery())
2024-10-24 04:47:06:741	ERROR	A network-related or instance-specific error occurred while establishing a connection to SQL Server. The server was not found or was not accessible. Verify that the instance name is correct and that SQL Server is configured to allow remote connections. (provider: Named Pipes Provider, error: 40 - Could not open a connection to SQL Server)	cls_condbmiddle.chk_connect_db()
2024-10-24 04:47:08:698	_Error	ไม่สามารถเชื่อมต่อ Server Middle	frmMain.CheckConnectMiddleAndSecuill
2024-10-24 04:47:10:644	Status	กำลังเชื่อมต่อใหม่อีกครั้ง Server Middle	frmMain.CheckConnectMiddleAndSecuill
2024-10-24 04:47:26:943	_Error	A network-related or instance-specific error occurred while establishing a connection to SQL Server. The server was not found or was not accessible. Verify that the instance name is correct and that SQL Server is configured to allow remote connections. (provider: Named Pipes Provider, error: 40 - Could not open a connection to SQL Server)	cls_condbsecuill.chk_connect_db
2024-10-24 04:47:28:862	_Error	ไม่สามารถเชื่อมต่อ Server secuill	frmMain.CheckConnectMiddleAndSecuill
2024-10-24 04:47:30:771	Status	กำลังเชื่อมต่อใหม่อีกครั้ง Server secuill	frmMain.CheckConnectMiddleAndSecuill
2024-10-24 04:47:54:168	ERROR	A network-related or instance-specific error occurred while establishing a connection to SQL Server. The server was not found or was not accessible. Verify that the instance name is correct and that SQL Server is configured to allow remote connections. (provider: Named Pipes Provider, error: 40 - Could not open a connection to SQL Server)	cls_condbmiddle.chk_connect_db()
2024-10-24 04:47:55:780	_Error	ไม่สามารถเชื่อมต่อ Server Middle	frmMain.CheckConnectMiddleAndSecuill
2024-10-24 04:47:57:733	Status	กำลังเชื่อมต่อใหม่อีกครั้ง Server Middle	frmMain.CheckConnectMiddleAndSecuill
2024-10-24 04:48:14:536	_Error	A network-related or instance-specific error occurred while establishing a connection to SQL Server. The server was not found or was not accessible. Verify that the instance name is correct and that SQL Server is configured to allow remote connections. (provider: Named Pipes Provider, error: 40 - Could not open a connection to SQL Server)	cls_condbsecuill.chk_connect_db
2024-10-24 04:48:16:462	_Error	ไม่สามารถเชื่อมต่อ Server secuill	frmMain.CheckConnectMiddleAndSecuill
2024-10-24 04:48:18:376	Status	กำลังเชื่อมต่อใหม่อีกครั้ง Server secuill	frmMain.CheckConnectMiddleAndSecuill
2024-10-24 04:48:41:618	ERROR	A network-related or instance-specific error occurred while establishing a connection to SQL Server. The server was not found or was not accessible. Verify that the instance name is correct and that SQL Server is configured to allow remote connections. (provider: Named Pipes Provider, error: 40 - Could not open a connection to SQL Server)	cls_condbmiddle.chk_connect_db()
2024-10-24 04:48:43:385	_Error	ไม่สามารถเชื่อมต่อ Server Middle	frmMain.CheckConnectMiddleAndSecuill
2024-10-24 04:48:45:333	Status	กำลังเชื่อมต่อใหม่อีกครั้ง Server Middle	frmMain.CheckConnectMiddleAndSecuill
2024-10-24 04:49:02:106	_Error	A network-related or instance-specific error occurred while establishing a connection to SQL Server. The server was not found or was not accessible. Verify that the instance name is correct and that SQL Server is configured to allow remote connections. (provider: Named Pipes Provider, error: 40 - Could not open a connection to SQL Server)	cls_condbsecuill.chk_connect_db
2024-10-24 04:49:04:010	_Error	ไม่สามารถเชื่อมต่อ Server secuill	frmMain.CheckConnectMiddleAndSecuill
2024-10-24 04:49:05:921	Status	กำลังเชื่อมต่อใหม่อีกครั้ง Server secuill	frmMain.CheckConnectMiddleAndSecuill
2024-10-24 04:49:29:067	ERROR	A network-related or instance-specific error occurred while establishing a connection to SQL Server. The server was not found or was not accessible. Verify that the instance name is correct and that SQL Server is configured to allow remote connections. (provider: Named Pipes Provider, error: 40 - Could not open a connection to SQL Server)	cls_condbmiddle.chk_connect_db()
2024-10-24 04:49:30:931	_Error	ไม่สามารถเชื่อมต่อ Server Middle	frmMain.CheckConnectMiddleAndSecuill
2024-10-24 04:49:32:875	Status	กำลังเชื่อมต่อใหม่อีกครั้ง Server Middle	frmMain.CheckConnectMiddleAndSecuill
2024-10-24 04:49:49:720	_Error	A network-related or instance-specific error occurred while establishing a connection to SQL Server. The server was not found or was not accessible. Verify that the instance name is correct and that SQL Server is configured to allow remote connections. (provider: Named Pipes Provider, error: 40 - Could not open a connection to SQL Server)	cls_condbsecuill.chk_connect_db
2024-10-24 04:49:51:639	_Error	ไม่สามารถเชื่อมต่อ Server secuill	frmMain.CheckConnectMiddleAndSecuill
2024-10-24 04:49:53:552	Status	กำลังเชื่อมต่อใหม่อีกครั้ง Server secuill	frmMain.CheckConnectMiddleAndSecuill
2024-10-24 04:50:16:488	ERROR	A network-related or instance-specific error occurred while establishing a connection to SQL Server. The server was not found or was not accessible. Verify that the instance name is correct and that SQL Server is configured to allow remote connections. (provider: Named Pipes Provider, error: 40 - Could not open a connection to SQL Server)	cls_condbmiddle.chk_connect_db()
2024-10-24 04:50:17:950	_Error	ไม่สามารถเชื่อมต่อ Server Middle	frmMain.CheckConnectMiddleAndSecuill
2024-10-24 04:50:20:407	Status	กำลังเชื่อมต่อใหม่อีกครั้ง Server Middle	frmMain.CheckConnectMiddleAndSecuill
2024-10-24 04:50:36:731	_Error	A network-related or instance-specific error occurred while establishing a connection to SQL Server. The server was not found or was not accessible. Verify that the instance name is correct and that SQL Server is configured to allow remote connections. (provider: Named Pipes Provider, error: 40 - Could not open a connection to SQL Server)	cls_condbsecuill.chk_connect_db
2024-10-24 04:50:38:641	_Error	ไม่สามารถเชื่อมต่อ Server secuill	frmMain.CheckConnectMiddleAndSecuill
2024-10-24 04:50:40:553	Status	กำลังเชื่อมต่อใหม่อีกครั้ง Server secuill	frmMain.CheckConnectMiddleAndSecuill
2024-10-24 04:51:03:975	ERROR	A network-related or instance-specific error occurred while establishing a connection to SQL Server. The server was not found or was not accessible. Verify that the instance name is correct and that SQL Server is configured to allow remote connections. (provider: Named Pipes Provider, error: 40 - Could not open a connection to SQL Server)	cls_condbmiddle.chk_connect_db()
2024-10-24 04:51:05:596	_Error	ไม่สามารถเชื่อมต่อ Server Middle	frmMain.CheckConnectMiddleAndSecuill
2024-10-24 04:51:07:545	Status	กำลังเชื่อมต่อใหม่อีกครั้ง Server Middle	frmMain.CheckConnectMiddleAndSecuill
2024-10-24 04:51:24:384	_Error	A network-related or instance-specific error occurred while establishing a connection to SQL Server. The server was not found or was not accessible. Verify that the instance name is correct and that SQL Server is configured to allow remote connections. (provider: Named Pipes Provider, error: 40 - Could not open a connection to SQL Server)	cls_condbsecuill.chk_connect_db
2024-10-24 04:51:26:297	_Error	ไม่สามารถเชื่อมต่อ Server secuill	frmMain.CheckConnectMiddleAndSecuill
2024-10-24 04:51:28:219	Status	กำลังเชื่อมต่อใหม่อีกครั้ง Server secuill	frmMain.CheckConnectMiddleAndSecuill
2024-10-24 04:51:41:387	ERROR	A network-related or instance-specific error occurred while establishing a connection to SQL Server. The server was not found or was not accessible. Verify that the instance name is correct and that SQL Server is configured to allow remote connections. (provider: SQL Network Interfaces, error: 26 - Error Locating Server/Instance Specified)	 (cls_condbserver.ExecuteNonQuery())
2024-10-24 04:51:51:404	ERROR	A network-related or instance-specific error occurred while establishing a connection to SQL Server. The server was not found or was not accessible. Verify that the instance name is correct and that SQL Server is configured to allow remote connections. (provider: Named Pipes Provider, error: 40 - Could not open a connection to SQL Server)	cls_condbmiddle.chk_connect_db()
2024-10-24 04:51:53:222	_Error	ไม่สามารถเชื่อมต่อ Server Middle	frmMain.CheckConnectMiddleAndSecuill
2024-10-24 04:51:55:170	Status	กำลังเชื่อมต่อใหม่อีกครั้ง Server Middle	frmMain.CheckConnectMiddleAndSecuill
2024-10-24 04:52:12:019	_Error	A network-related or instance-specific error occurred while establishing a connection to SQL Server. The server was not found or was not accessible. Verify that the instance name is correct and that SQL Server is configured to allow remote connections. (provider: Named Pipes Provider, error: 40 - Could not open a connection to SQL Server)	cls_condbsecuill.chk_connect_db
2024-10-24 04:52:13:932	_Error	ไม่สามารถเชื่อมต่อ Server secuill	frmMain.CheckConnectMiddleAndSecuill
2024-10-24 04:52:15:861	Status	กำลังเชื่อมต่อใหม่อีกครั้ง Server secuill	frmMain.CheckConnectMiddleAndSecuill
2024-10-24 04:52:38:866	ERROR	A network-related or instance-specific error occurred while establishing a connection to SQL Server. The server was not found or was not accessible. Verify that the instance name is correct and that SQL Server is configured to allow remote connections. (provider: Named Pipes Provider, error: 40 - Could not open a connection to SQL Server)	cls_condbmiddle.chk_connect_db()
2024-10-24 04:52:40:342	_Error	ไม่สามารถเชื่อมต่อ Server Middle	frmMain.CheckConnectMiddleAndSecuill
2024-10-24 04:52:42:797	Status	กำลังเชื่อมต่อใหม่อีกครั้ง Server Middle	frmMain.CheckConnectMiddleAndSecuill
2024-10-24 04:52:59:049	_Error	A network-related or instance-specific error occurred while establishing a connection to SQL Server. The server was not found or was not accessible. Verify that the instance name is correct and that SQL Server is configured to allow remote connections. (provider: Named Pipes Provider, error: 40 - Could not open a connection to SQL Server)	cls_condbsecuill.chk_connect_db
2024-10-24 04:53:00:966	_Error	ไม่สามารถเชื่อมต่อ Server secuill	frmMain.CheckConnectMiddleAndSecuill
2024-10-24 04:53:02:886	Status	กำลังเชื่อมต่อใหม่อีกครั้ง Server secuill	frmMain.CheckConnectMiddleAndSecuill
2024-10-24 04:53:26:304	ERROR	A network-related or instance-specific error occurred while establishing a connection to SQL Server. The server was not found or was not accessible. Verify that the instance name is correct and that SQL Server is configured to allow remote connections. (provider: Named Pipes Provider, error: 40 - Could not open a connection to SQL Server)	cls_condbmiddle.chk_connect_db()
2024-10-24 04:53:27:903	_Error	ไม่สามารถเชื่อมต่อ Server Middle	frmMain.CheckConnectMiddleAndSecuill
2024-10-24 04:53:29:847	Status	กำลังเชื่อมต่อใหม่อีกครั้ง Server Middle	frmMain.CheckConnectMiddleAndSecuill
2024-10-24 04:53:46:684	_Error	A network-related or instance-specific error occurred while establishing a connection to SQL Server. The server was not found or was not accessible. Verify that the instance name is correct and that SQL Server is configured to allow remote connections. (provider: Named Pipes Provider, error: 40 - Could not open a connection to SQL Server)	cls_condbsecuill.chk_connect_db
2024-10-24 04:53:48:595	_Error	ไม่สามารถเชื่อมต่อ Server secuill	frmMain.CheckConnectMiddleAndSecuill
2024-10-24 04:53:50:506	Status	กำลังเชื่อมต่อใหม่อีกครั้ง Server secuill	frmMain.CheckConnectMiddleAndSecuill
2024-10-24 04:54:13:820	ERROR	A network-related or instance-specific error occurred while establishing a connection to SQL Server. The server was not found or was not accessible. Verify that the instance name is correct and that SQL Server is configured to allow remote connections. (provider: Named Pipes Provider, error: 40 - Could not open a connection to SQL Server)	cls_condbmiddle.chk_connect_db()
2024-10-24 04:54:15:511	_Error	ไม่สามารถเชื่อมต่อ Server Middle	frmMain.CheckConnectMiddleAndSecuill
2024-10-24 04:54:17:452	Status	กำลังเชื่อมต่อใหม่อีกครั้ง Server Middle	frmMain.CheckConnectMiddleAndSecuill
2024-10-24 04:54:34:248	_Error	A network-related or instance-specific error occurred while establishing a connection to SQL Server. The server was not found or was not accessible. Verify that the instance name is correct and that SQL Server is configured to allow remote connections. (provider: Named Pipes Provider, error: 40 - Could not open a connection to SQL Server)	cls_condbsecuill.chk_connect_db
2024-10-24 04:54:36:162	_Error	ไม่สามารถเชื่อมต่อ Server secuill	frmMain.CheckConnectMiddleAndSecuill
2024-10-24 04:54:38:067	Status	กำลังเชื่อมต่อใหม่อีกครั้ง Server secuill	frmMain.CheckConnectMiddleAndSecuill
2024-10-24 04:55:01:328	ERROR	A network-related or instance-specific error occurred while establishing a connection to SQL Server. The server was not found or was not accessible. Verify that the instance name is correct and that SQL Server is configured to allow remote connections. (provider: Named Pipes Provider, error: 40 - Could not open a connection to SQL Server)	cls_condbmiddle.chk_connect_db()
2024-10-24 04:55:03:074	_Error	ไม่สามารถเชื่อมต่อ Server Middle	frmMain.CheckConnectMiddleAndSecuill
2024-10-24 04:55:05:008	Status	กำลังเชื่อมต่อใหม่อีกครั้ง Server Middle	frmMain.CheckConnectMiddleAndSecuill
2024-10-24 04:55:21:823	_Error	A network-related or instance-specific error occurred while establishing a connection to SQL Server. The server was not found or was not accessible. Verify that the instance name is correct and that SQL Server is configured to allow remote connections. (provider: Named Pipes Provider, error: 40 - Could not open a connection to SQL Server)	cls_condbsecuill.chk_connect_db
2024-10-24 04:55:23:749	_Error	ไม่สามารถเชื่อมต่อ Server secuill	frmMain.CheckConnectMiddleAndSecuill
2024-10-24 04:55:25:665	Status	กำลังเชื่อมต่อใหม่อีกครั้ง Server secuill	frmMain.CheckConnectMiddleAndSecuill
2024-10-24 04:55:48:816	ERROR	A network-related or instance-specific error occurred while establishing a connection to SQL Server. The server was not found or was not accessible. Verify that the instance name is correct and that SQL Server is configured to allow remote connections. (provider: Named Pipes Provider, error: 40 - Could not open a connection to SQL Server)	cls_condbmiddle.chk_connect_db()
2024-10-24 04:55:50:681	_Error	ไม่สามารถเชื่อมต่อ Server Middle	frmMain.CheckConnectMiddleAndSecuill
2024-10-24 04:55:52:627	Status	กำลังเชื่อมต่อใหม่อีกครั้ง Server Middle	frmMain.CheckConnectMiddleAndSecuill
2024-10-24 04:56:09:455	_Error	A network-related or instance-specific error occurred while establishing a connection to SQL Server. The server was not found or was not accessible. Verify that the instance name is correct and that SQL Server is configured to allow remote connections. (provider: Named Pipes Provider, error: 40 - Could not open a connection to SQL Server)	cls_condbsecuill.chk_connect_db
2024-10-24 04:56:11:380	_Error	ไม่สามารถเชื่อมต่อ Server secuill	frmMain.CheckConnectMiddleAndSecuill
2024-10-24 04:56:13:292	Status	กำลังเชื่อมต่อใหม่อีกครั้ง Server secuill	frmMain.CheckConnectMiddleAndSecuill
2024-10-24 04:56:26:272	ERROR	A network-related or instance-specific error occurred while establishing a connection to SQL Server. The server was not found or was not accessible. Verify that the instance name is correct and that SQL Server is configured to allow remote connections. (provider: SQL Network Interfaces, error: 26 - Error Locating Server/Instance Specified)	 (cls_condbserver.ExecuteNonQuery())
2024-10-24 04:56:36:327	ERROR	A network-related or instance-specific error occurred while establishing a connection to SQL Server. The server was not found or was not accessible. Verify that the instance name is correct and that SQL Server is configured to allow remote connections. (provider: Named Pipes Provider, error: 40 - Could not open a connection to SQL Server)	cls_condbmiddle.chk_connect_db()
2024-10-24 04:56:37:823	_Error	ไม่สามารถเชื่อมต่อ Server Middle	frmMain.CheckConnectMiddleAndSecuill
2024-10-24 04:56:40:273	Status	กำลังเชื่อมต่อใหม่อีกครั้ง Server Middle	frmMain.CheckConnectMiddleAndSecuill
2024-10-24 04:56:56:593	_Error	A network-related or instance-specific error occurred while establishing a connection to SQL Server. The server was not found or was not accessible. Verify that the instance name is correct and that SQL Server is configured to allow remote connections. (provider: Named Pipes Provider, error: 40 - Could not open a connection to SQL Server)	cls_condbsecuill.chk_connect_db
2024-10-24 04:56:58:503	_Error	ไม่สามารถเชื่อมต่อ Server secuill	frmMain.CheckConnectMiddleAndSecuill
2024-10-24 04:57:00:421	Status	กำลังเชื่อมต่อใหม่อีกครั้ง Server secuill	frmMain.CheckConnectMiddleAndSecuill
2024-10-24 04:57:23:812	ERROR	A network-related or instance-specific error occurred while establishing a connection to SQL Server. The server was not found or was not accessible. Verify that the instance name is correct and that SQL Server is configured to allow remote connections. (provider: Named Pipes Provider, error: 40 - Could not open a connection to SQL Server)	cls_condbmiddle.chk_connect_db()
2024-10-24 04:57:25:418	_Error	ไม่สามารถเชื่อมต่อ Server Middle	frmMain.CheckConnectMiddleAndSecuill
2024-10-24 04:57:27:365	Status	กำลังเชื่อมต่อใหม่อีกครั้ง Server Middle	frmMain.CheckConnectMiddleAndSecuill
2024-10-24 04:57:44:160	_Error	A network-related or instance-specific error occurred while establishing a connection to SQL Server. The server was not found or was not accessible. Verify that the instance name is correct and that SQL Server is configured to allow remote connections. (provider: Named Pipes Provider, error: 40 - Could not open a connection to SQL Server)	cls_condbsecuill.chk_connect_db
2024-10-24 04:57:46:077	_Error	ไม่สามารถเชื่อมต่อ Server secuill	frmMain.CheckConnectMiddleAndSecuill
2024-10-24 04:57:47:999	Status	กำลังเชื่อมต่อใหม่อีกครั้ง Server secuill	frmMain.CheckConnectMiddleAndSecuill
2024-10-24 04:58:11:270	ERROR	A network-related or instance-specific error occurred while establishing a connection to SQL Server. The server was not found or was not accessible. Verify that the instance name is correct and that SQL Server is configured to allow remote connections. (provider: Named Pipes Provider, error: 40 - Could not open a connection to SQL Server)	cls_condbmiddle.chk_connect_db()
2024-10-24 04:58:13:016	_Error	ไม่สามารถเชื่อมต่อ Server Middle	frmMain.CheckConnectMiddleAndSecuill
2024-10-24 04:58:14:957	Status	กำลังเชื่อมต่อใหม่อีกครั้ง Server Middle	frmMain.CheckConnectMiddleAndSecuill
2024-10-24 04:58:31:736	_Error	A network-related or instance-specific error occurred while establishing a connection to SQL Server. The server was not found or was not accessible. Verify that the instance name is correct and that SQL Server is configured to allow remote connections. (provider: Named Pipes Provider, error: 40 - Could not open a connection to SQL Server)	cls_condbsecuill.chk_connect_db
2024-10-24 04:58:33:652	_Error	ไม่สามารถเชื่อมต่อ Server secuill	frmMain.CheckConnectMiddleAndSecuill
2024-10-24 04:58:35:567	Status	กำลังเชื่อมต่อใหม่อีกครั้ง Server secuill	frmMain.CheckConnectMiddleAndSecuill
2024-10-24 04:58:58:764	ERROR	A network-related or instance-specific error occurred while establishing a connection to SQL Server. The server was not found or was not accessible. Verify that the instance name is correct and that SQL Server is configured to allow remote connections. (provider: Named Pipes Provider, error: 40 - Could not open a connection to SQL Server)	cls_condbmiddle.chk_connect_db()
2024-10-24 04:59:00:558	_Error	ไม่สามารถเชื่อมต่อ Server Middle	frmMain.CheckConnectMiddleAndSecuill
2024-10-24 04:59:02:503	Status	กำลังเชื่อมต่อใหม่อีกครั้ง Server Middle	frmMain.CheckConnectMiddleAndSecuill
2024-10-24 04:59:19:309	_Error	A network-related or instance-specific error occurred while establishing a connection to SQL Server. The server was not found or was not accessible. Verify that the instance name is correct and that SQL Server is configured to allow remote connections. (provider: Named Pipes Provider, error: 40 - Could not open a connection to SQL Server)	cls_condbsecuill.chk_connect_db
2024-10-24 04:59:21:218	_Error	ไม่สามารถเชื่อมต่อ Server secuill	frmMain.CheckConnectMiddleAndSecuill
2024-10-24 04:59:23:132	Status	กำลังเชื่อมต่อใหม่อีกครั้ง Server secuill	frmMain.CheckConnectMiddleAndSecuill
2024-10-24 04:59:46:229	ERROR	A network-related or instance-specific error occurred while establishing a connection to SQL Server. The server was not found or was not accessible. Verify that the instance name is correct and that SQL Server is configured to allow remote connections. (provider: Named Pipes Provider, error: 40 - Could not open a connection to SQL Server)	cls_condbmiddle.chk_connect_db()
2024-10-24 04:59:48:178	_Error	ไม่สามารถเชื่อมต่อ Server Middle	frmMain.CheckConnectMiddleAndSecuill
2024-10-24 04:59:50:124	Status	กำลังเชื่อมต่อใหม่อีกครั้ง Server Middle	frmMain.CheckConnectMiddleAndSecuill
2024-10-24 05:00:06:433	_Error	A network-related or instance-specific error occurred while establishing a connection to SQL Server. The server was not found or was not accessible. Verify that the instance name is correct and that SQL Server is configured to allow remote connections. (provider: Named Pipes Provider, error: 40 - Could not open a connection to SQL Server)	cls_condbsecuill.chk_connect_db
2024-10-24 05:00:08:349	_Error	ไม่สามารถเชื่อมต่อ Server secuill	frmMain.CheckConnectMiddleAndSecuill
2024-10-24 05:00:10:266	Status	กำลังเชื่อมต่อใหม่อีกครั้ง Server secuill	frmMain.CheckConnectMiddleAndSecuill
2024-10-24 05:00:33:693	ERROR	A network-related or instance-specific error occurred while establishing a connection to SQL Server. The server was not found or was not accessible. Verify that the instance name is correct and that SQL Server is configured to allow remote connections. (provider: Named Pipes Provider, error: 40 - Could not open a connection to SQL Server)	cls_condbmiddle.chk_connect_db()
2024-10-24 05:00:35:308	_Error	ไม่สามารถเชื่อมต่อ Server Middle	frmMain.CheckConnectMiddleAndSecuill
2024-10-24 05:00:37:253	Status	กำลังเชื่อมต่อใหม่อีกครั้ง Server Middle	frmMain.CheckConnectMiddleAndSecuill
2024-10-24 05:00:54:056	_Error	A network-related or instance-specific error occurred while establishing a connection to SQL Server. The server was not found or was not accessible. Verify that the instance name is correct and that SQL Server is configured to allow remote connections. (provider: Named Pipes Provider, error: 40 - Could not open a connection to SQL Server)	cls_condbsecuill.chk_connect_db
2024-10-24 05:00:55:969	_Error	ไม่สามารถเชื่อมต่อ Server secuill	frmMain.CheckConnectMiddleAndSecuill
2024-10-24 05:00:57:886	Status	กำลังเชื่อมต่อใหม่อีกครั้ง Server secuill	frmMain.CheckConnectMiddleAndSecuill
2024-10-24 05:01:11:122	ERROR	A network-related or instance-specific error occurred while establishing a connection to SQL Server. The server was not found or was not accessible. Verify that the instance name is correct and that SQL Server is configured to allow remote connections. (provider: SQL Network Interfaces, error: 26 - Error Locating Server/Instance Specified)	 (cls_condbserver.ExecuteNonQuery())
2024-10-24 05:01:21:135	ERROR	A network-related or instance-specific error occurred while establishing a connection to SQL Server. The server was not found or was not accessible. Verify that the instance name is correct and that SQL Server is configured to allow remote connections. (provider: Named Pipes Provider, error: 40 - Could not open a connection to SQL Server)	cls_condbmiddle.chk_connect_db()
2024-10-24 05:01:22:928	_Error	ไม่สามารถเชื่อมต่อ Server Middle	frmMain.CheckConnectMiddleAndSecuill
2024-10-24 05:01:24:877	Status	กำลังเชื่อมต่อใหม่อีกครั้ง Server Middle	frmMain.CheckConnectMiddleAndSecuill
2024-10-24 05:01:41:703	_Error	A network-related or instance-specific error occurred while establishing a connection to SQL Server. The server was not found or was not accessible. Verify that the instance name is correct and that SQL Server is configured to allow remote connections. (provider: Named Pipes Provider, error: 40 - Could not open a connection to SQL Server)	cls_condbsecuill.chk_connect_db
2024-10-24 05:01:43:626	_Error	ไม่สามารถเชื่อมต่อ Server secuill	frmMain.CheckConnectMiddleAndSecuill
2024-10-24 05:01:45:544	Status	กำลังเชื่อมต่อใหม่อีกครั้ง Server secuill	frmMain.CheckConnectMiddleAndSecuill
2024-10-24 05:02:08:599	ERROR	A network-related or instance-specific error occurred while establishing a connection to SQL Server. The server was not found or was not accessible. Verify that the instance name is correct and that SQL Server is configured to allow remote connections. (provider: Named Pipes Provider, error: 40 - Could not open a connection to SQL Server)	cls_condbmiddle.chk_connect_db()
2024-10-24 05:02:10:549	_Error	ไม่สามารถเชื่อมต่อ Server Middle	frmMain.CheckConnectMiddleAndSecuill
2024-10-24 05:02:12:497	Status	กำลังเชื่อมต่อใหม่อีกครั้ง Server Middle	frmMain.CheckConnectMiddleAndSecuill
2024-10-24 05:02:28:813	_Error	A network-related or instance-specific error occurred while establishing a connection to SQL Server. The server was not found or was not accessible. Verify that the instance name is correct and that SQL Server is configured to allow remote connections. (provider: Named Pipes Provider, error: 40 - Could not open a connection to SQL Server)	cls_condbsecuill.chk_connect_db
2024-10-24 05:02:30:717	_Error	ไม่สามารถเชื่อมต่อ Server secuill	frmMain.CheckConnectMiddleAndSecuill
2024-10-24 05:02:32:640	Status	กำลังเชื่อมต่อใหม่อีกครั้ง Server secuill	frmMain.CheckConnectMiddleAndSecuill
2024-10-24 05:02:56:064	ERROR	A network-related or instance-specific error occurred while establishing a connection to SQL Server. The server was not found or was not accessible. Verify that the instance name is correct and that SQL Server is configured to allow remote connections. (provider: Named Pipes Provider, error: 40 - Could not open a connection to SQL Server)	cls_condbmiddle.chk_connect_db()
2024-10-24 05:02:57:676	_Error	ไม่สามารถเชื่อมต่อ Server Middle	frmMain.CheckConnectMiddleAndSecuill
2024-10-24 05:02:59:612	Status	กำลังเชื่อมต่อใหม่อีกครั้ง Server Middle	frmMain.CheckConnectMiddleAndSecuill
2024-10-24 05:03:16:382	_Error	A network-related or instance-specific error occurred while establishing a connection to SQL Server. The server was not found or was not accessible. Verify that the instance name is correct and that SQL Server is configured to allow remote connections. (provider: Named Pipes Provider, error: 40 - Could not open a connection to SQL Server)	cls_condbsecuill.chk_connect_db
2024-10-24 05:03:18:300	_Error	ไม่สามารถเชื่อมต่อ Server secuill	frmMain.CheckConnectMiddleAndSecuill
2024-10-24 05:03:20:225	Status	กำลังเชื่อมต่อใหม่อีกครั้ง Server secuill	frmMain.CheckConnectMiddleAndSecuill
2024-10-24 05:03:43:508	ERROR	A network-related or instance-specific error occurred while establishing a connection to SQL Server. The server was not found or was not accessible. Verify that the instance name is correct and that SQL Server is configured to allow remote connections. (provider: Named Pipes Provider, error: 40 - Could not open a connection to SQL Server)	cls_condbmiddle.chk_connect_db()
2024-10-24 05:03:45:218	_Error	ไม่สามารถเชื่อมต่อ Server Middle	frmMain.CheckConnectMiddleAndSecuill
2024-10-24 05:03:47:167	Status	กำลังเชื่อมต่อใหม่อีกครั้ง Server Middle	frmMain.CheckConnectMiddleAndSecuill
2024-10-24 05:04:03:994	_Error	A network-related or instance-specific error occurred while establishing a connection to SQL Server. The server was not found or was not accessible. Verify that the instance name is correct and that SQL Server is configured to allow remote connections. (provider: Named Pipes Provider, error: 40 - Could not open a connection to SQL Server)	cls_condbsecuill.chk_connect_db
2024-10-24 05:04:05:913	_Error	ไม่สามารถเชื่อมต่อ Server secuill	frmMain.CheckConnectMiddleAndSecuill
2024-10-24 05:04:07:824	Status	กำลังเชื่อมต่อใหม่อีกครั้ง Server secuill	frmMain.CheckConnectMiddleAndSecuill
2024-10-24 05:04:30:960	ERROR	A network-related or instance-specific error occurred while establishing a connection to SQL Server. The server was not found or was not accessible. Verify that the instance name is correct and that SQL Server is configured to allow remote connections. (provider: Named Pipes Provider, error: 40 - Could not open a connection to SQL Server)	cls_condbmiddle.chk_connect_db()
2024-10-24 05:04:32:810	_Error	ไม่สามารถเชื่อมต่อ Server Middle	frmMain.CheckConnectMiddleAndSecuill
2024-10-24 05:04:34:761	Status	กำลังเชื่อมต่อใหม่อีกครั้ง Server Middle	frmMain.CheckConnectMiddleAndSecuill
2024-10-24 05:04:51:583	_Error	A network-related or instance-specific error occurred while establishing a connection to SQL Server. The server was not found or was not accessible. Verify that the instance name is correct and that SQL Server is configured to allow remote connections. (provider: Named Pipes Provider, error: 40 - Could not open a connection to SQL Server)	cls_condbsecuill.chk_connect_db
2024-10-24 05:04:53:498	_Error	ไม่สามารถเชื่อมต่อ Server secuill	frmMain.CheckConnectMiddleAndSecuill
2024-10-24 05:04:55:413	Status	กำลังเชื่อมต่อใหม่อีกครั้ง Server secuill	frmMain.CheckConnectMiddleAndSecuill
2024-10-24 05:05:18:417	ERROR	A network-related or instance-specific error occurred while establishing a connection to SQL Server. The server was not found or was not accessible. Verify that the instance name is correct and that SQL Server is configured to allow remote connections. (provider: Named Pipes Provider, error: 40 - Could not open a connection to SQL Server)	cls_condbmiddle.chk_connect_db()
2024-10-24 05:05:19:947	_Error	ไม่สามารถเชื่อมต่อ Server Middle	frmMain.CheckConnectMiddleAndSecuill
2024-10-24 05:05:21:888	Status	กำลังเชื่อมต่อใหม่อีกครั้ง Server Middle	frmMain.CheckConnectMiddleAndSecuill
2024-10-24 05:05:38:662	_Error	A network-related or instance-specific error occurred while establishing a connection to SQL Server. The server was not found or was not accessible. Verify that the instance name is correct and that SQL Server is configured to allow remote connections. (provider: Named Pipes Provider, error: 40 - Could not open a connection to SQL Server)	cls_condbsecuill.chk_connect_db
2024-10-24 05:05:40:574	_Error	ไม่สามารถเชื่อมต่อ Server secuill	frmMain.CheckConnectMiddleAndSecuill
2024-10-24 05:05:42:497	Status	กำลังเชื่อมต่อใหม่อีกครั้ง Server secuill	frmMain.CheckConnectMiddleAndSecuill
2024-10-24 05:05:55:847	ERROR	A network-related or instance-specific error occurred while establishing a connection to SQL Server. The server was not found or was not accessible. Verify that the instance name is correct and that SQL Server is configured to allow remote connections. (provider: SQL Network Interfaces, error: 26 - Error Locating Server/Instance Specified)	 (cls_condbserver.ExecuteNonQuery())
2024-10-24 05:06:05:875	ERROR	A network-related or instance-specific error occurred while establishing a connection to SQL Server. The server was not found or was not accessible. Verify that the instance name is correct and that SQL Server is configured to allow remote connections. (provider: Named Pipes Provider, error: 40 - Could not open a connection to SQL Server)	cls_condbmiddle.chk_connect_db()
2024-10-24 05:06:07:522	_Error	ไม่สามารถเชื่อมต่อ Server Middle	frmMain.CheckConnectMiddleAndSecuill
2024-10-24 05:06:09:470	Status	กำลังเชื่อมต่อใหม่อีกครั้ง Server Middle	frmMain.CheckConnectMiddleAndSecuill
2024-10-24 05:06:26:295	_Error	A network-related or instance-specific error occurred while establishing a connection to SQL Server. The server was not found or was not accessible. Verify that the instance name is correct and that SQL Server is configured to allow remote connections. (provider: Named Pipes Provider, error: 40 - Could not open a connection to SQL Server)	cls_condbsecuill.chk_connect_db
2024-10-24 05:06:28:198	_Error	ไม่สามารถเชื่อมต่อ Server secuill	frmMain.CheckConnectMiddleAndSecuill
2024-10-24 05:06:30:118	Status	กำลังเชื่อมต่อใหม่อีกครั้ง Server secuill	frmMain.CheckConnectMiddleAndSecuill
2024-10-24 05:06:53:357	ERROR	A network-related or instance-specific error occurred while establishing a connection to SQL Server. The server was not found or was not accessible. Verify that the instance name is correct and that SQL Server is configured to allow remote connections. (provider: Named Pipes Provider, error: 40 - Could not open a connection to SQL Server)	cls_condbmiddle.chk_connect_db()
2024-10-24 05:06:55:130	_Error	ไม่สามารถเชื่อมต่อ Server Middle	frmMain.CheckConnectMiddleAndSecuill
2024-10-24 05:06:57:076	Status	กำลังเชื่อมต่อใหม่อีกครั้ง Server Middle	frmMain.CheckConnectMiddleAndSecuill
2024-10-24 05:07:13:870	_Error	A network-related or instance-specific error occurred while establishing a connection to SQL Server. The server was not found or was not accessible. Verify that the instance name is correct and that SQL Server is configured to allow remote connections. (provider: Named Pipes Provider, error: 40 - Could not open a connection to SQL Server)	cls_condbsecuill.chk_connect_db
2024-10-24 05:07:15:783	_Error	ไม่สามารถเชื่อมต่อ Server secuill	frmMain.CheckConnectMiddleAndSecuill
2024-10-24 05:07:17:696	Status	กำลังเชื่อมต่อใหม่อีกครั้ง Server secuill	frmMain.CheckConnectMiddleAndSecuill
2024-10-24 05:07:40:812	ERROR	A network-related or instance-specific error occurred while establishing a connection to SQL Server. The server was not found or was not accessible. Verify that the instance name is correct and that SQL Server is configured to allow remote connections. (provider: Named Pipes Provider, error: 40 - Could not open a connection to SQL Server)	cls_condbmiddle.chk_connect_db()
2024-10-24 05:07:42:688	_Error	ไม่สามารถเชื่อมต่อ Server Middle	frmMain.CheckConnectMiddleAndSecuill
2024-10-24 05:07:44:634	Status	กำลังเชื่อมต่อใหม่อีกครั้ง Server Middle	frmMain.CheckConnectMiddleAndSecuill
2024-10-24 05:08:01:470	_Error	A network-related or instance-specific error occurred while establishing a connection to SQL Server. The server was not found or was not accessible. Verify that the instance name is correct and that SQL Server is configured to allow remote connections. (provider: Named Pipes Provider, error: 40 - Could not open a connection to SQL Server)	cls_condbsecuill.chk_connect_db
2024-10-24 05:08:03:390	_Error	ไม่สามารถเชื่อมต่อ Server secuill	frmMain.CheckConnectMiddleAndSecuill
2024-10-24 05:08:05:301	Status	กำลังเชื่อมต่อใหม่อีกครั้ง Server secuill	frmMain.CheckConnectMiddleAndSecuill
2024-10-24 05:08:28:282	ERROR	A network-related or instance-specific error occurred while establishing a connection to SQL Server. The server was not found or was not accessible. Verify that the instance name is correct and that SQL Server is configured to allow remote connections. (provider: Named Pipes Provider, error: 40 - Could not open a connection to SQL Server)	cls_condbmiddle.chk_connect_db()
2024-10-24 05:08:29:818	_Error	ไม่สามารถเชื่อมต่อ Server Middle	frmMain.CheckConnectMiddleAndSecuill
2024-10-24 05:08:31:761	Status	กำลังเชื่อมต่อใหม่อีกครั้ง Server Middle	frmMain.CheckConnectMiddleAndSecuill
2024-10-24 05:08:48:572	_Error	A network-related or instance-specific error occurred while establishing a connection to SQL Server. The server was not found or was not accessible. Verify that the instance name is correct and that SQL Server is configured to allow remote connections. (provider: Named Pipes Provider, error: 40 - Could not open a connection to SQL Server)	cls_condbsecuill.chk_connect_db
2024-10-24 05:08:50:499	_Error	ไม่สามารถเชื่อมต่อ Server secuill	frmMain.CheckConnectMiddleAndSecuill
2024-10-24 05:08:52:417	Status	กำลังเชื่อมต่อใหม่อีกครั้ง Server secuill	frmMain.CheckConnectMiddleAndSecuill
2024-10-24 05:09:15:821	ERROR	A network-related or instance-specific error occurred while establishing a connection to SQL Server. The server was not found or was not accessible. Verify that the instance name is correct and that SQL Server is configured to allow remote connections. (provider: Named Pipes Provider, error: 40 - Could not open a connection to SQL Server)	cls_condbmiddle.chk_connect_db()
2024-10-24 05:09:17:466	_Error	ไม่สามารถเชื่อมต่อ Server Middle	frmMain.CheckConnectMiddleAndSecuill
2024-10-24 05:09:19:400	Status	กำลังเชื่อมต่อใหม่อีกครั้ง Server Middle	frmMain.CheckConnectMiddleAndSecuill
2024-10-24 05:09:36:213	_Error	A network-related or instance-specific error occurred while establishing a connection to SQL Server. The server was not found or was not accessible. Verify that the instance name is correct and that SQL Server is configured to allow remote connections. (provider: Named Pipes Provider, error: 40 - Could not open a connection to SQL Server)	cls_condbsecuill.chk_connect_db
2024-10-24 05:09:38:128	_Error	ไม่สามารถเชื่อมต่อ Server secuill	frmMain.CheckConnectMiddleAndSecuill
2024-10-24 05:09:40:044	Status	กำลังเชื่อมต่อใหม่อีกครั้ง Server secuill	frmMain.CheckConnectMiddleAndSecuill
2024-10-24 05:10:03:281	ERROR	A network-related or instance-specific error occurred while establishing a connection to SQL Server. The server was not found or was not accessible. Verify that the instance name is correct and that SQL Server is configured to allow remote connections. (provider: Named Pipes Provider, error: 40 - Could not open a connection to SQL Server)	cls_condbmiddle.chk_connect_db()
2024-10-24 05:10:05:071	_Error	ไม่สามารถเชื่อมต่อ Server Middle	frmMain.CheckConnectMiddleAndSecuill
2024-10-24 05:10:07:013	Status	กำลังเชื่อมต่อใหม่อีกครั้ง Server Middle	frmMain.CheckConnectMiddleAndSecuill
2024-10-24 05:10:23:849	_Error	A network-related or instance-specific error occurred while establishing a connection to SQL Server. The server was not found or was not accessible. Verify that the instance name is correct and that SQL Server is configured to allow remote connections. (provider: Named Pipes Provider, error: 40 - Could not open a connection to SQL Server)	cls_condbsecuill.chk_connect_db
2024-10-24 05:10:25:763	_Error	ไม่สามารถเชื่อมต่อ Server secuill	frmMain.CheckConnectMiddleAndSecuill
2024-10-24 05:10:27:673	Status	กำลังเชื่อมต่อใหม่อีกครั้ง Server secuill	frmMain.CheckConnectMiddleAndSecuill
2024-10-24 05:10:40:760	ERROR	A network-related or instance-specific error occurred while establishing a connection to SQL Server. The server was not found or was not accessible. Verify that the instance name is correct and that SQL Server is configured to allow remote connections. (provider: SQL Network Interfaces, error: 26 - Error Locating Server/Instance Specified)	 (cls_condbserver.ExecuteNonQuery())
2024-10-24 05:10:50:769	ERROR	A network-related or instance-specific error occurred while establishing a connection to SQL Server. The server was not found or was not accessible. Verify that the instance name is correct and that SQL Server is configured to allow remote connections. (provider: Named Pipes Provider, error: 40 - Could not open a connection to SQL Server)	cls_condbmiddle.chk_connect_db()
2024-10-24 05:10:52:665	_Error	ไม่สามารถเชื่อมต่อ Server Middle	frmMain.CheckConnectMiddleAndSecuill
2024-10-24 05:10:54:605	Status	กำลังเชื่อมต่อใหม่อีกครั้ง Server Middle	frmMain.CheckConnectMiddleAndSecuill
2024-10-24 05:11:11:403	_Error	A network-related or instance-specific error occurred while establishing a connection to SQL Server. The server was not found or was not accessible. Verify that the instance name is correct and that SQL Server is configured to allow remote connections. (provider: Named Pipes Provider, error: 40 - Could not open a connection to SQL Server)	cls_condbsecuill.chk_connect_db
2024-10-24 05:11:13:327	_Error	ไม่สามารถเชื่อมต่อ Server secuill	frmMain.CheckConnectMiddleAndSecuill
2024-10-24 05:11:15:241	Status	กำลังเชื่อมต่อใหม่อีกครั้ง Server secuill	frmMain.CheckConnectMiddleAndSecuill
2024-10-24 05:11:38:282	ERROR	A network-related or instance-specific error occurred while establishing a connection to SQL Server. The server was not found or was not accessible. Verify that the instance name is correct and that SQL Server is configured to allow remote connections. (provider: Named Pipes Provider, error: 40 - Could not open a connection to SQL Server)	cls_condbmiddle.chk_connect_db()
2024-10-24 05:11:39:747	_Error	ไม่สามารถเชื่อมต่อ Server Middle	frmMain.CheckConnectMiddleAndSecuill
2024-10-24 05:11:42:211	Status	กำลังเชื่อมต่อใหม่อีกครั้ง Server Middle	frmMain.CheckConnectMiddleAndSecuill
2024-10-24 05:11:58:511	_Error	A network-related or instance-specific error occurred while establishing a connection to SQL Server. The server was not found or was not accessible. Verify that the instance name is correct and that SQL Server is configured to allow remote connections. (provider: Named Pipes Provider, error: 40 - Could not open a connection to SQL Server)	cls_condbsecuill.chk_connect_db
2024-10-24 05:12:00:416	_Error	ไม่สามารถเชื่อมต่อ Server secuill	frmMain.CheckConnectMiddleAndSecuill
2024-10-24 05:12:02:323	Status	กำลังเชื่อมต่อใหม่อีกครั้ง Server secuill	frmMain.CheckConnectMiddleAndSecuill
2024-10-24 05:12:25:750	ERROR	A network-related or instance-specific error occurred while establishing a connection to SQL Server. The server was not found or was not accessible. Verify that the instance name is correct and that SQL Server is configured to allow remote connections. (provider: Named Pipes Provider, error: 40 - Could not open a connection to SQL Server)	cls_condbmiddle.chk_connect_db()
2024-10-24 05:12:27:342	_Error	ไม่สามารถเชื่อมต่อ Server Middle	frmMain.CheckConnectMiddleAndSecuill
2024-10-24 05:12:29:294	Status	กำลังเชื่อมต่อใหม่อีกครั้ง Server Middle	frmMain.CheckConnectMiddleAndSecuill
2024-10-24 05:12:46:114	_Error	A network-related or instance-specific error occurred while establishing a connection to SQL Server. The server was not found or was not accessible. Verify that the instance name is correct and that SQL Server is configured to allow remote connections. (provider: Named Pipes Provider, error: 40 - Could not open a connection to SQL Server)	cls_condbsecuill.chk_connect_db
2024-10-24 05:12:48:031	_Error	ไม่สามารถเชื่อมต่อ Server secuill	frmMain.CheckConnectMiddleAndSecuill
2024-10-24 05:12:49:944	Status	กำลังเชื่อมต่อใหม่อีกครั้ง Server secuill	frmMain.CheckConnectMiddleAndSecuill
2024-10-24 05:13:13:233	ERROR	A network-related or instance-specific error occurred while establishing a connection to SQL Server. The server was not found or was not accessible. Verify that the instance name is correct and that SQL Server is configured to allow remote connections. (provider: Named Pipes Provider, error: 40 - Could not open a connection to SQL Server)	cls_condbmiddle.chk_connect_db()
2024-10-24 05:13:14:951	_Error	ไม่สามารถเชื่อมต่อ Server Middle	frmMain.CheckConnectMiddleAndSecuill
2024-10-24 05:13:16:892	Status	กำลังเชื่อมต่อใหม่อีกครั้ง Server Middle	frmMain.CheckConnectMiddleAndSecuill
2024-10-24 05:13:33:735	_Error	A network-related or instance-specific error occurred while establishing a connection to SQL Server. The server was not found or was not accessible. Verify that the instance name is correct and that SQL Server is configured to allow remote connections. (provider: Named Pipes Provider, error: 40 - Could not open a connection to SQL Server)	cls_condbsecuill.chk_connect_db
2024-10-24 05:13:35:656	_Error	ไม่สามารถเชื่อมต่อ Server secuill	frmMain.CheckConnectMiddleAndSecuill
2024-10-24 05:13:37:569	Status	กำลังเชื่อมต่อใหม่อีกครั้ง Server secuill	frmMain.CheckConnectMiddleAndSecuill
2024-10-24 05:14:00:710	ERROR	A network-related or instance-specific error occurred while establishing a connection to SQL Server. The server was not found or was not accessible. Verify that the instance name is correct and that SQL Server is configured to allow remote connections. (provider: Named Pipes Provider, error: 40 - Could not open a connection to SQL Server)	cls_condbmiddle.chk_connect_db()
2024-10-24 05:14:02:619	_Error	ไม่สามารถเชื่อมต่อ Server Middle	frmMain.CheckConnectMiddleAndSecuill
2024-10-24 05:14:04:564	Status	กำลังเชื่อมต่อใหม่อีกครั้ง Server Middle	frmMain.CheckConnectMiddleAndSecuill
2024-10-24 05:14:21:343	_Error	A network-related or instance-specific error occurred while establishing a connection to SQL Server. The server was not found or was not accessible. Verify that the instance name is correct and that SQL Server is configured to allow remote connections. (provider: Named Pipes Provider, error: 40 - Could not open a connection to SQL Server)	cls_condbsecuill.chk_connect_db
2024-10-24 05:14:23:262	_Error	ไม่สามารถเชื่อมต่อ Server secuill	frmMain.CheckConnectMiddleAndSecuill
2024-10-24 05:14:25:173	Status	กำลังเชื่อมต่อใหม่อีกครั้ง Server secuill	frmMain.CheckConnectMiddleAndSecuill
2024-10-24 05:14:48:206	ERROR	A network-related or instance-specific error occurred while establishing a connection to SQL Server. The server was not found or was not accessible. Verify that the instance name is correct and that SQL Server is configured to allow remote connections. (provider: Named Pipes Provider, error: 40 - Could not open a connection to SQL Server)	cls_condbmiddle.chk_connect_db()
2024-10-24 05:14:50:167	_Error	ไม่สามารถเชื่อมต่อ Server Middle	frmMain.CheckConnectMiddleAndSecuill
2024-10-24 05:14:52:116	Status	กำลังเชื่อมต่อใหม่อีกครั้ง Server Middle	frmMain.CheckConnectMiddleAndSecuill
2024-10-24 05:15:08:805	_Error	A network-related or instance-specific error occurred while establishing a connection to SQL Server. The server was not found or was not accessible. Verify that the instance name is correct and that SQL Server is configured to allow remote connections. (provider: Named Pipes Provider, error: 40 - Could not open a connection to SQL Server)	cls_condbsecuill.chk_connect_db
2024-10-24 05:15:10:737	_Error	ไม่สามารถเชื่อมต่อ Server secuill	frmMain.CheckConnectMiddleAndSecuill
2024-10-24 05:15:12:673	Status	กำลังเชื่อมต่อใหม่อีกครั้ง Server secuill	frmMain.CheckConnectMiddleAndSecuill
2024-10-24 05:15:25:559	ERROR	A network-related or instance-specific error occurred while establishing a connection to SQL Server. The server was not found or was not accessible. Verify that the instance name is correct and that SQL Server is configured to allow remote connections. (provider: SQL Network Interfaces, error: 26 - Error Locating Server/Instance Specified)	 (cls_condbserver.ExecuteNonQuery())
2024-10-24 05:15:35:590	ERROR	A network-related or instance-specific error occurred while establishing a connection to SQL Server. The server was not found or was not accessible. Verify that the instance name is correct and that SQL Server is configured to allow remote connections. (provider: Named Pipes Provider, error: 40 - Could not open a connection to SQL Server)	cls_condbmiddle.chk_connect_db()
2024-10-24 05:15:37:456	_Error	ไม่สามารถเชื่อมต่อ Server Middle	frmMain.CheckConnectMiddleAndSecuill
2024-10-24 05:15:39:416	Status	กำลังเชื่อมต่อใหม่อีกครั้ง Server Middle	frmMain.CheckConnectMiddleAndSecuill
2024-10-24 05:15:56:125	_Error	A network-related or instance-specific error occurred while establishing a connection to SQL Server. The server was not found or was not accessible. Verify that the instance name is correct and that SQL Server is configured to allow remote connections. (provider: Named Pipes Provider, error: 40 - Could not open a connection to SQL Server)	cls_condbsecuill.chk_connect_db
2024-10-24 05:15:58:052	_Error	ไม่สามารถเชื่อมต่อ Server secuill	frmMain.CheckConnectMiddleAndSecuill
2024-10-24 05:15:59:976	Status	กำลังเชื่อมต่อใหม่อีกครั้ง Server secuill	frmMain.CheckConnectMiddleAndSecuill
2024-10-24 05:16:22:945	ERROR	A network-related or instance-specific error occurred while establishing a connection to SQL Server. The server was not found or was not accessible. Verify that the instance name is correct and that SQL Server is configured to allow remote connections. (provider: Named Pipes Provider, error: 40 - Could not open a connection to SQL Server)	cls_condbmiddle.chk_connect_db()
2024-10-24 05:16:24:739	_Error	ไม่สามารถเชื่อมต่อ Server Middle	frmMain.CheckConnectMiddleAndSecuill
2024-10-24 05:16:26:713	Status	กำลังเชื่อมต่อใหม่อีกครั้ง Server Middle	frmMain.CheckConnectMiddleAndSecuill
2024-10-24 05:16:43:406	_Error	A network-related or instance-specific error occurred while establishing a connection to SQL Server. The server was not found or was not accessible. Verify that the instance name is correct and that SQL Server is configured to allow remote connections. (provider: Named Pipes Provider, error: 40 - Could not open a connection to SQL Server)	cls_condbsecuill.chk_connect_db
2024-10-24 05:16:45:342	_Error	ไม่สามารถเชื่อมต่อ Server secuill	frmMain.CheckConnectMiddleAndSecuill
2024-10-24 05:16:47:270	Status	กำลังเชื่อมต่อใหม่อีกครั้ง Server secuill	frmMain.CheckConnectMiddleAndSecuill
2024-10-24 05:17:10:338	ERROR	A network-related or instance-specific error occurred while establishing a connection to SQL Server. The server was not found or was not accessible. Verify that the instance name is correct and that SQL Server is configured to allow remote connections. (provider: Named Pipes Provider, error: 40 - Could not open a connection to SQL Server)	cls_condbmiddle.chk_connect_db()
2024-10-24 05:17:12:048	_Error	ไม่สามารถเชื่อมต่อ Server Middle	frmMain.CheckConnectMiddleAndSecuill
2024-10-24 05:17:13:991	Status	กำลังเชื่อมต่อใหม่อีกครั้ง Server Middle	frmMain.CheckConnectMiddleAndSecuill
2024-10-24 05:17:30:678	_Error	A network-related or instance-specific error occurred while establishing a connection to SQL Server. The server was not found or was not accessible. Verify that the instance name is correct and that SQL Server is configured to allow remote connections. (provider: Named Pipes Provider, error: 40 - Could not open a connection to SQL Server)	cls_condbsecuill.chk_connect_db
2024-10-24 05:17:32:612	_Error	ไม่สามารถเชื่อมต่อ Server secuill	frmMain.CheckConnectMiddleAndSecuill
2024-10-24 05:17:34:543	Status	กำลังเชื่อมต่อใหม่อีกครั้ง Server secuill	frmMain.CheckConnectMiddleAndSecuill
2024-10-24 05:17:57:712	ERROR	A network-related or instance-specific error occurred while establishing a connection to SQL Server. The server was not found or was not accessible. Verify that the instance name is correct and that SQL Server is configured to allow remote connections. (provider: Named Pipes Provider, error: 40 - Could not open a connection to SQL Server)	cls_condbmiddle.chk_connect_db()
2024-10-24 05:17:59:375	_Error	ไม่สามารถเชื่อมต่อ Server Middle	frmMain.CheckConnectMiddleAndSecuill
2024-10-24 05:18:01:321	Status	กำลังเชื่อมต่อใหม่อีกครั้ง Server Middle	frmMain.CheckConnectMiddleAndSecuill
2024-10-24 05:18:18:131	_Error	A network-related or instance-specific error occurred while establishing a connection to SQL Server. The server was not found or was not accessible. Verify that the instance name is correct and that SQL Server is configured to allow remote connections. (provider: Named Pipes Provider, error: 40 - Could not open a connection to SQL Server)	cls_condbsecuill.chk_connect_db
2024-10-24 05:18:20:048	_Error	ไม่สามารถเชื่อมต่อ Server secuill	frmMain.CheckConnectMiddleAndSecuill
2024-10-24 05:18:21:961	Status	กำลังเชื่อมต่อใหม่อีกครั้ง Server secuill	frmMain.CheckConnectMiddleAndSecuill
2024-10-24 05:18:45:128	ERROR	A network-related or instance-specific error occurred while establishing a connection to SQL Server. The server was not found or was not accessible. Verify that the instance name is correct and that SQL Server is configured to allow remote connections. (provider: Named Pipes Provider, error: 40 - Could not open a connection to SQL Server)	cls_condbmiddle.chk_connect_db()
2024-10-24 05:18:46:966	_Error	ไม่สามารถเชื่อมต่อ Server Middle	frmMain.CheckConnectMiddleAndSecuill
2024-10-24 05:18:48:914	Status	กำลังเชื่อมต่อใหม่อีกครั้ง Server Middle	frmMain.CheckConnectMiddleAndSecuill
2024-10-24 05:19:05:744	_Error	A network-related or instance-specific error occurred while establishing a connection to SQL Server. The server was not found or was not accessible. Verify that the instance name is correct and that SQL Server is configured to allow remote connections. (provider: Named Pipes Provider, error: 40 - Could not open a connection to SQL Server)	cls_condbsecuill.chk_connect_db
2024-10-24 05:19:07:652	_Error	ไม่สามารถเชื่อมต่อ Server secuill	frmMain.CheckConnectMiddleAndSecuill
2024-10-24 05:19:09:571	Status	กำลังเชื่อมต่อใหม่อีกครั้ง Server secuill	frmMain.CheckConnectMiddleAndSecuill
2024-10-24 05:19:32:596	ERROR	A network-related or instance-specific error occurred while establishing a connection to SQL Server. The server was not found or was not accessible. Verify that the instance name is correct and that SQL Server is configured to allow remote connections. (provider: Named Pipes Provider, error: 40 - Could not open a connection to SQL Server)	cls_condbmiddle.chk_connect_db()
2024-10-24 05:19:34:104	_Error	ไม่สามารถเชื่อมต่อ Server Middle	frmMain.CheckConnectMiddleAndSecuill
2024-10-24 05:19:36:561	Status	กำลังเชื่อมต่อใหม่อีกครั้ง Server Middle	frmMain.CheckConnectMiddleAndSecuill
2024-10-24 05:19:52:836	_Error	A network-related or instance-specific error occurred while establishing a connection to SQL Server. The server was not found or was not accessible. Verify that the instance name is correct and that SQL Server is configured to allow remote connections. (provider: Named Pipes Provider, error: 40 - Could not open a connection to SQL Server)	cls_condbsecuill.chk_connect_db
2024-10-24 05:19:54:746	_Error	ไม่สามารถเชื่อมต่อ Server secuill	frmMain.CheckConnectMiddleAndSecuill
2024-10-24 05:19:56:655	Status	กำลังเชื่อมต่อใหม่อีกครั้ง Server secuill	frmMain.CheckConnectMiddleAndSecuill
2024-10-24 05:20:10:048	ERROR	A network-related or instance-specific error occurred while establishing a connection to SQL Server. The server was not found or was not accessible. Verify that the instance name is correct and that SQL Server is configured to allow remote connections. (provider: SQL Network Interfaces, error: 26 - Error Locating Server/Instance Specified)	 (cls_condbserver.ExecuteNonQuery())
2024-10-24 05:20:20:068	ERROR	A network-related or instance-specific error occurred while establishing a connection to SQL Server. The server was not found or was not accessible. Verify that the instance name is correct and that SQL Server is configured to allow remote connections. (provider: Named Pipes Provider, error: 40 - Could not open a connection to SQL Server)	cls_condbmiddle.chk_connect_db()
2024-10-24 05:20:21:683	_Error	ไม่สามารถเชื่อมต่อ Server Middle	frmMain.CheckConnectMiddleAndSecuill
2024-10-24 05:20:23:631	Status	กำลังเชื่อมต่อใหม่อีกครั้ง Server Middle	frmMain.CheckConnectMiddleAndSecuill
2024-10-24 05:20:40:459	_Error	A network-related or instance-specific error occurred while establishing a connection to SQL Server. The server was not found or was not accessible. Verify that the instance name is correct and that SQL Server is configured to allow remote connections. (provider: Named Pipes Provider, error: 40 - Could not open a connection to SQL Server)	cls_condbsecuill.chk_connect_db
2024-10-24 05:20:42:368	_Error	ไม่สามารถเชื่อมต่อ Server secuill	frmMain.CheckConnectMiddleAndSecuill
2024-10-24 05:20:44:279	Status	กำลังเชื่อมต่อใหม่อีกครั้ง Server secuill	frmMain.CheckConnectMiddleAndSecuill
2024-10-24 05:21:07:530	ERROR	A network-related or instance-specific error occurred while establishing a connection to SQL Server. The server was not found or was not accessible. Verify that the instance name is correct and that SQL Server is configured to allow remote connections. (provider: Named Pipes Provider, error: 40 - Could not open a connection to SQL Server)	cls_condbmiddle.chk_connect_db()
2024-10-24 05:21:09:279	_Error	ไม่สามารถเชื่อมต่อ Server Middle	frmMain.CheckConnectMiddleAndSecuill
2024-10-24 05:21:11:217	Status	กำลังเชื่อมต่อใหม่อีกครั้ง Server Middle	frmMain.CheckConnectMiddleAndSecuill
2024-10-24 05:21:28:031	_Error	A network-related or instance-specific error occurred while establishing a connection to SQL Server. The server was not found or was not accessible. Verify that the instance name is correct and that SQL Server is configured to allow remote connections. (provider: Named Pipes Provider, error: 40 - Could not open a connection to SQL Server)	cls_condbsecuill.chk_connect_db
2024-10-24 05:21:29:950	_Error	ไม่สามารถเชื่อมต่อ Server secuill	frmMain.CheckConnectMiddleAndSecuill
2024-10-24 05:21:31:863	Status	กำลังเชื่อมต่อใหม่อีกครั้ง Server secuill	frmMain.CheckConnectMiddleAndSecuill
2024-10-24 05:21:55:039	ERROR	A network-related or instance-specific error occurred while establishing a connection to SQL Server. The server was not found or was not accessible. Verify that the instance name is correct and that SQL Server is configured to allow remote connections. (provider: Named Pipes Provider, error: 40 - Could not open a connection to SQL Server)	cls_condbmiddle.chk_connect_db()
2024-10-24 05:21:56:894	_Error	ไม่สามารถเชื่อมต่อ Server Middle	frmMain.CheckConnectMiddleAndSecuill
2024-10-24 05:21:58:844	Status	กำลังเชื่อมต่อใหม่อีกครั้ง Server Middle	frmMain.CheckConnectMiddleAndSecuill
2024-10-24 05:22:15:666	_Error	A network-related or instance-specific error occurred while establishing a connection to SQL Server. The server was not found or was not accessible. Verify that the instance name is correct and that SQL Server is configured to allow remote connections. (provider: Named Pipes Provider, error: 40 - Could not open a connection to SQL Server)	cls_condbsecuill.chk_connect_db
2024-10-24 05:22:17:576	_Error	ไม่สามารถเชื่อมต่อ Server secuill	frmMain.CheckConnectMiddleAndSecuill
2024-10-24 05:22:19:491	Status	กำลังเชื่อมต่อใหม่อีกครั้ง Server secuill	frmMain.CheckConnectMiddleAndSecuill
2024-10-24 05:22:42:535	ERROR	A network-related or instance-specific error occurred while establishing a connection to SQL Server. The server was not found or was not accessible. Verify that the instance name is correct and that SQL Server is configured to allow remote connections. (provider: Named Pipes Provider, error: 40 - Could not open a connection to SQL Server)	cls_condbmiddle.chk_connect_db()
2024-10-24 05:22:44:033	_Error	ไม่สามารถเชื่อมต่อ Server Middle	frmMain.CheckConnectMiddleAndSecuill
2024-10-24 05:22:46:497	Status	กำลังเชื่อมต่อใหม่อีกครั้ง Server Middle	frmMain.CheckConnectMiddleAndSecuill
2024-10-24 05:23:02:763	_Error	A network-related or instance-specific error occurred while establishing a connection to SQL Server. The server was not found or was not accessible. Verify that the instance name is correct and that SQL Server is configured to allow remote connections. (provider: Named Pipes Provider, error: 40 - Could not open a connection to SQL Server)	cls_condbsecuill.chk_connect_db
2024-10-24 05:23:04:687	_Error	ไม่สามารถเชื่อมต่อ Server secuill	frmMain.CheckConnectMiddleAndSecuill
2024-10-24 05:23:06:614	Status	กำลังเชื่อมต่อใหม่อีกครั้ง Server secuill	frmMain.CheckConnectMiddleAndSecuill
2024-10-24 05:23:30:007	ERROR	A network-related or instance-specific error occurred while establishing a connection to SQL Server. The server was not found or was not accessible. Verify that the instance name is correct and that SQL Server is configured to allow remote connections. (provider: Named Pipes Provider, error: 40 - Could not open a connection to SQL Server)	cls_condbmiddle.chk_connect_db()
2024-10-24 05:23:31:629	_Error	ไม่สามารถเชื่อมต่อ Server Middle	frmMain.CheckConnectMiddleAndSecuill
2024-10-24 05:23:33:567	Status	กำลังเชื่อมต่อใหม่อีกครั้ง Server Middle	frmMain.CheckConnectMiddleAndSecuill
2024-10-24 05:23:50:376	_Error	A network-related or instance-specific error occurred while establishing a connection to SQL Server. The server was not found or was not accessible. Verify that the instance name is correct and that SQL Server is configured to allow remote connections. (provider: Named Pipes Provider, error: 40 - Could not open a connection to SQL Server)	cls_condbsecuill.chk_connect_db
2024-10-24 05:23:52:291	_Error	ไม่สามารถเชื่อมต่อ Server secuill	frmMain.CheckConnectMiddleAndSecuill
2024-10-24 05:23:54:204	Status	กำลังเชื่อมต่อใหม่อีกครั้ง Server secuill	frmMain.CheckConnectMiddleAndSecuill
2024-10-24 05:24:17:461	ERROR	A network-related or instance-specific error occurred while establishing a connection to SQL Server. The server was not found or was not accessible. Verify that the instance name is correct and that SQL Server is configured to allow remote connections. (provider: Named Pipes Provider, error: 40 - Could not open a connection to SQL Server)	cls_condbmiddle.chk_connect_db()
2024-10-24 05:24:19:222	_Error	ไม่สามารถเชื่อมต่อ Server Middle	frmMain.CheckConnectMiddleAndSecuill
2024-10-24 05:24:21:168	Status	กำลังเชื่อมต่อใหม่อีกครั้ง Server Middle	frmMain.CheckConnectMiddleAndSecuill
2024-10-24 05:24:38:008	_Error	A network-related or instance-specific error occurred while establishing a connection to SQL Server. The server was not found or was not accessible. Verify that the instance name is correct and that SQL Server is configured to allow remote connections. (provider: Named Pipes Provider, error: 40 - Could not open a connection to SQL Server)	cls_condbsecuill.chk_connect_db
2024-10-24 05:24:39:920	_Error	ไม่สามารถเชื่อมต่อ Server secuill	frmMain.CheckConnectMiddleAndSecuill
2024-10-24 05:24:41:833	Status	กำลังเชื่อมต่อใหม่อีกครั้ง Server secuill	frmMain.CheckConnectMiddleAndSecuill
2024-10-24 05:24:54:949	ERROR	A network-related or instance-specific error occurred while establishing a connection to SQL Server. The server was not found or was not accessible. Verify that the instance name is correct and that SQL Server is configured to allow remote connections. (provider: SQL Network Interfaces, error: 26 - Error Locating Server/Instance Specified)	 (cls_condbserver.ExecuteNonQuery())
2024-10-24 05:25:04:933	ERROR	A network-related or instance-specific error occurred while establishing a connection to SQL Server. The server was not found or was not accessible. Verify that the instance name is correct and that SQL Server is configured to allow remote connections. (provider: Named Pipes Provider, error: 40 - Could not open a connection to SQL Server)	cls_condbmiddle.chk_connect_db()
2024-10-24 05:25:06:854	_Error	ไม่สามารถเชื่อมต่อ Server Middle	frmMain.CheckConnectMiddleAndSecuill
2024-10-24 05:25:08:804	Status	กำลังเชื่อมต่อใหม่อีกครั้ง Server Middle	frmMain.CheckConnectMiddleAndSecuill
2024-10-24 05:25:25:597	_Error	A network-related or instance-specific error occurred while establishing a connection to SQL Server. The server was not found or was not accessible. Verify that the instance name is correct and that SQL Server is configured to allow remote connections. (provider: Named Pipes Provider, error: 40 - Could not open a connection to SQL Server)	cls_condbsecuill.chk_connect_db
2024-10-24 05:25:27:513	_Error	ไม่สามารถเชื่อมต่อ Server secuill	frmMain.CheckConnectMiddleAndSecuill
2024-10-24 05:25:29:416	Status	กำลังเชื่อมต่อใหม่อีกครั้ง Server secuill	frmMain.CheckConnectMiddleAndSecuill
2024-10-24 05:25:52:436	ERROR	A network-related or instance-specific error occurred while establishing a connection to SQL Server. The server was not found or was not accessible. Verify that the instance name is correct and that SQL Server is configured to allow remote connections. (provider: Named Pipes Provider, error: 40 - Could not open a connection to SQL Server)	cls_condbmiddle.chk_connect_db()
2024-10-24 05:25:53:935	_Error	ไม่สามารถเชื่อมต่อ Server Middle	frmMain.CheckConnectMiddleAndSecuill
2024-10-24 05:25:56:396	Status	กำลังเชื่อมต่อใหม่อีกครั้ง Server Middle	frmMain.CheckConnectMiddleAndSecuill
2024-10-24 05:26:12:711	_Error	A network-related or instance-specific error occurred while establishing a connection to SQL Server. The server was not found or was not accessible. Verify that the instance name is correct and that SQL Server is configured to allow remote connections. (provider: Named Pipes Provider, error: 40 - Could not open a connection to SQL Server)	cls_condbsecuill.chk_connect_db
2024-10-24 05:26:14:629	_Error	ไม่สามารถเชื่อมต่อ Server secuill	frmMain.CheckConnectMiddleAndSecuill
2024-10-24 05:26:16:549	Status	กำลังเชื่อมต่อใหม่อีกครั้ง Server secuill	frmMain.CheckConnectMiddleAndSecuill
2024-10-24 05:26:39:893	ERROR	A network-related or instance-specific error occurred while establishing a connection to SQL Server. The server was not found or was not accessible. Verify that the instance name is correct and that SQL Server is configured to allow remote connections. (provider: Named Pipes Provider, error: 40 - Could not open a connection to SQL Server)	cls_condbmiddle.chk_connect_db()
2024-10-24 05:26:41:561	_Error	ไม่สามารถเชื่อมต่อ Server Middle	frmMain.CheckConnectMiddleAndSecuill
2024-10-24 05:26:43:500	Status	กำลังเชื่อมต่อใหม่อีกครั้ง Server Middle	frmMain.CheckConnectMiddleAndSecuill
2024-10-24 05:27:00:306	_Error	A network-related or instance-specific error occurred while establishing a connection to SQL Server. The server was not found or was not accessible. Verify that the instance name is correct and that SQL Server is configured to allow remote connections. (provider: Named Pipes Provider, error: 40 - Could not open a connection to SQL Server)	cls_condbsecuill.chk_connect_db
2024-10-24 05:27:02:208	_Error	ไม่สามารถเชื่อมต่อ Server secuill	frmMain.CheckConnectMiddleAndSecuill
2024-10-24 05:27:04:122	Status	กำลังเชื่อมต่อใหม่อีกครั้ง Server secuill	frmMain.CheckConnectMiddleAndSecuill
2024-10-24 05:27:27:357	ERROR	A network-related or instance-specific error occurred while establishing a connection to SQL Server. The server was not found or was not accessible. Verify that the instance name is correct and that SQL Server is configured to allow remote connections. (provider: Named Pipes Provider, error: 40 - Could not open a connection to SQL Server)	cls_condbmiddle.chk_connect_db()
2024-10-24 05:27:29:157	_Error	ไม่สามารถเชื่อมต่อ Server Middle	frmMain.CheckConnectMiddleAndSecuill
2024-10-24 05:27:31:110	Status	กำลังเชื่อมต่อใหม่อีกครั้ง Server Middle	frmMain.CheckConnectMiddleAndSecuill
2024-10-24 05:27:47:919	_Error	A network-related or instance-specific error occurred while establishing a connection to SQL Server. The server was not found or was not accessible. Verify that the instance name is correct and that SQL Server is configured to allow remote connections. (provider: Named Pipes Provider, error: 40 - Could not open a connection to SQL Server)	cls_condbsecuill.chk_connect_db
2024-10-24 05:27:49:835	_Error	ไม่สามารถเชื่อมต่อ Server secuill	frmMain.CheckConnectMiddleAndSecuill
2024-10-24 05:27:51:748	Status	กำลังเชื่อมต่อใหม่อีกครั้ง Server secuill	frmMain.CheckConnectMiddleAndSecuill
2024-10-24 05:28:14:844	ERROR	A network-related or instance-specific error occurred while establishing a connection to SQL Server. The server was not found or was not accessible. Verify that the instance name is correct and that SQL Server is configured to allow remote connections. (provider: Named Pipes Provider, error: 40 - Could not open a connection to SQL Server)	cls_condbmiddle.chk_connect_db()
2024-10-24 05:28:16:708	_Error	ไม่สามารถเชื่อมต่อ Server Middle	frmMain.CheckConnectMiddleAndSecuill
2024-10-24 05:28:18:653	Status	กำลังเชื่อมต่อใหม่อีกครั้ง Server Middle	frmMain.CheckConnectMiddleAndSecuill
2024-10-24 05:28:35:443	_Error	A network-related or instance-specific error occurred while establishing a connection to SQL Server. The server was not found or was not accessible. Verify that the instance name is correct and that SQL Server is configured to allow remote connections. (provider: Named Pipes Provider, error: 40 - Could not open a connection to SQL Server)	cls_condbsecuill.chk_connect_db
2024-10-24 05:28:37:364	_Error	ไม่สามารถเชื่อมต่อ Server secuill	frmMain.CheckConnectMiddleAndSecuill
2024-10-24 05:28:39:285	Status	กำลังเชื่อมต่อใหม่อีกครั้ง Server secuill	frmMain.CheckConnectMiddleAndSecuill
2024-10-24 05:29:02:306	ERROR	A network-related or instance-specific error occurred while establishing a connection to SQL Server. The server was not found or was not accessible. Verify that the instance name is correct and that SQL Server is configured to allow remote connections. (provider: Named Pipes Provider, error: 40 - Could not open a connection to SQL Server)	cls_condbmiddle.chk_connect_db()
2024-10-24 05:29:03:780	_Error	ไม่สามารถเชื่อมต่อ Server Middle	frmMain.CheckConnectMiddleAndSecuill
2024-10-24 05:29:06:237	Status	กำลังเชื่อมต่อใหม่อีกครั้ง Server Middle	frmMain.CheckConnectMiddleAndSecuill
2024-10-24 05:29:22:534	_Error	A network-related or instance-specific error occurred while establishing a connection to SQL Server. The server was not found or was not accessible. Verify that the instance name is correct and that SQL Server is configured to allow remote connections. (provider: Named Pipes Provider, error: 40 - Could not open a connection to SQL Server)	cls_condbsecuill.chk_connect_db
2024-10-24 05:29:24:449	_Error	ไม่สามารถเชื่อมต่อ Server secuill	frmMain.CheckConnectMiddleAndSecuill
2024-10-24 05:29:26:358	Status	กำลังเชื่อมต่อใหม่อีกครั้ง Server secuill	frmMain.CheckConnectMiddleAndSecuill
2024-10-24 05:29:39:797	ERROR	A network-related or instance-specific error occurred while establishing a connection to SQL Server. The server was not found or was not accessible. Verify that the instance name is correct and that SQL Server is configured to allow remote connections. (provider: SQL Network Interfaces, error: 26 - Error Locating Server/Instance Specified)	 (cls_condbserver.ExecuteNonQuery())
2024-10-24 05:29:49:783	ERROR	A network-related or instance-specific error occurred while establishing a connection to SQL Server. The server was not found or was not accessible. Verify that the instance name is correct and that SQL Server is configured to allow remote connections. (provider: Named Pipes Provider, error: 40 - Could not open a connection to SQL Server)	cls_condbmiddle.chk_connect_db()
2024-10-24 05:29:51:389	_Error	ไม่สามารถเชื่อมต่อ Server Middle	frmMain.CheckConnectMiddleAndSecuill
2024-10-24 05:29:53:334	Status	กำลังเชื่อมต่อใหม่อีกครั้ง Server Middle	frmMain.CheckConnectMiddleAndSecuill
2024-10-24 05:30:10:137	_Error	A network-related or instance-specific error occurred while establishing a connection to SQL Server. The server was not found or was not accessible. Verify that the instance name is correct and that SQL Server is configured to allow remote connections. (provider: Named Pipes Provider, error: 40 - Could not open a connection to SQL Server)	cls_condbsecuill.chk_connect_db
2024-10-24 05:30:12:056	_Error	ไม่สามารถเชื่อมต่อ Server secuill	frmMain.CheckConnectMiddleAndSecuill
2024-10-24 05:30:13:970	Status	กำลังเชื่อมต่อใหม่อีกครั้ง Server secuill	frmMain.CheckConnectMiddleAndSecuill
2024-10-24 05:30:37:247	ERROR	A network-related or instance-specific error occurred while establishing a connection to SQL Server. The server was not found or was not accessible. Verify that the instance name is correct and that SQL Server is configured to allow remote connections. (provider: Named Pipes Provider, error: 40 - Could not open a connection to SQL Server)	cls_condbmiddle.chk_connect_db()
2024-10-24 05:30:39:003	_Error	ไม่สามารถเชื่อมต่อ Server Middle	frmMain.CheckConnectMiddleAndSecuill
2024-10-24 05:30:40:953	Status	กำลังเชื่อมต่อใหม่อีกครั้ง Server Middle	frmMain.CheckConnectMiddleAndSecuill
2024-10-24 05:30:57:710	_Error	A network-related or instance-specific error occurred while establishing a connection to SQL Server. The server was not found or was not accessible. Verify that the instance name is correct and that SQL Server is configured to allow remote connections. (provider: Named Pipes Provider, error: 40 - Could not open a connection to SQL Server)	cls_condbsecuill.chk_connect_db
2024-10-24 05:30:59:625	_Error	ไม่สามารถเชื่อมต่อ Server secuill	frmMain.CheckConnectMiddleAndSecuill
2024-10-24 05:31:01:546	Status	กำลังเชื่อมต่อใหม่อีกครั้ง Server secuill	frmMain.CheckConnectMiddleAndSecuill
2024-10-24 05:31:24:681	ERROR	A network-related or instance-specific error occurred while establishing a connection to SQL Server. The server was not found or was not accessible. Verify that the instance name is correct and that SQL Server is configured to allow remote connections. (provider: Named Pipes Provider, error: 40 - Could not open a connection to SQL Server)	cls_condbmiddle.chk_connect_db()
2024-10-24 05:31:26:563	_Error	ไม่สามารถเชื่อมต่อ Server Middle	frmMain.CheckConnectMiddleAndSecuill
2024-10-24 05:31:28:512	Status	กำลังเชื่อมต่อใหม่อีกครั้ง Server Middle	frmMain.CheckConnectMiddleAndSecuill
2024-10-24 05:31:45:319	_Error	A network-related or instance-specific error occurred while establishing a connection to SQL Server. The server was not found or was not accessible. Verify that the instance name is correct and that SQL Server is configured to allow remote connections. (provider: Named Pipes Provider, error: 40 - Could not open a connection to SQL Server)	cls_condbsecuill.chk_connect_db
2024-10-24 05:31:47:236	_Error	ไม่สามารถเชื่อมต่อ Server secuill	frmMain.CheckConnectMiddleAndSecuill
2024-10-24 05:31:49:158	Status	กำลังเชื่อมต่อใหม่อีกครั้ง Server secuill	frmMain.CheckConnectMiddleAndSecuill
2024-10-24 05:32:12:112	ERROR	A network-related or instance-specific error occurred while establishing a connection to SQL Server. The server was not found or was not accessible. Verify that the instance name is correct and that SQL Server is configured to allow remote connections. (provider: Named Pipes Provider, error: 40 - Could not open a connection to SQL Server)	cls_condbmiddle.chk_connect_db()
2024-10-24 05:32:13:643	_Error	ไม่สามารถเชื่อมต่อ Server Middle	frmMain.CheckConnectMiddleAndSecuill
2024-10-24 05:32:15:589	Status	กำลังเชื่อมต่อใหม่อีกครั้ง Server Middle	frmMain.CheckConnectMiddleAndSecuill
2024-10-24 05:32:32:405	_Error	A network-related or instance-specific error occurred while establishing a connection to SQL Server. The server was not found or was not accessible. Verify that the instance name is correct and that SQL Server is configured to allow remote connections. (provider: Named Pipes Provider, error: 40 - Could not open a connection to SQL Server)	cls_condbsecuill.chk_connect_db
2024-10-24 05:32:34:324	_Error	ไม่สามารถเชื่อมต่อ Server secuill	frmMain.CheckConnectMiddleAndSecuill
2024-10-24 05:32:36:238	Status	กำลังเชื่อมต่อใหม่อีกครั้ง Server secuill	frmMain.CheckConnectMiddleAndSecuill
2024-10-24 05:32:59:545	ERROR	A network-related or instance-specific error occurred while establishing a connection to SQL Server. The server was not found or was not accessible. Verify that the instance name is correct and that SQL Server is configured to allow remote connections. (provider: Named Pipes Provider, error: 40 - Could not open a connection to SQL Server)	cls_condbmiddle.chk_connect_db()
2024-10-24 05:33:01:290	_Error	ไม่สามารถเชื่อมต่อ Server Middle	frmMain.CheckConnectMiddleAndSecuill
2024-10-24 05:33:03:218	Status	กำลังเชื่อมต่อใหม่อีกครั้ง Server Middle	frmMain.CheckConnectMiddleAndSecuill
2024-10-24 05:33:20:017	_Error	A network-related or instance-specific error occurred while establishing a connection to SQL Server. The server was not found or was not accessible. Verify that the instance name is correct and that SQL Server is configured to allow remote connections. (provider: Named Pipes Provider, error: 40 - Could not open a connection to SQL Server)	cls_condbsecuill.chk_connect_db
2024-10-24 05:33:21:936	_Error	ไม่สามารถเชื่อมต่อ Server secuill	frmMain.CheckConnectMiddleAndSecuill
2024-10-24 05:33:23:851	Status	กำลังเชื่อมต่อใหม่อีกครั้ง Server secuill	frmMain.CheckConnectMiddleAndSecuill
2024-10-24 05:33:47:013	ERROR	A network-related or instance-specific error occurred while establishing a connection to SQL Server. The server was not found or was not accessible. Verify that the instance name is correct and that SQL Server is configured to allow remote connections. (provider: Named Pipes Provider, error: 40 - Could not open a connection to SQL Server)	cls_condbmiddle.chk_connect_db()
2024-10-24 05:33:48:911	_Error	ไม่สามารถเชื่อมต่อ Server Middle	frmMain.CheckConnectMiddleAndSecuill
2024-10-24 05:33:50:857	Status	กำลังเชื่อมต่อใหม่อีกครั้ง Server Middle	frmMain.CheckConnectMiddleAndSecuill
2024-10-24 05:34:07:609	_Error	A network-related or instance-specific error occurred while establishing a connection to SQL Server. The server was not found or was not accessible. Verify that the instance name is correct and that SQL Server is configured to allow remote connections. (provider: Named Pipes Provider, error: 40 - Could not open a connection to SQL Server)	cls_condbsecuill.chk_connect_db
2024-10-24 05:34:09:524	_Error	ไม่สามารถเชื่อมต่อ Server secuill	frmMain.CheckConnectMiddleAndSecuill
2024-10-24 05:34:11:437	Status	กำลังเชื่อมต่อใหม่อีกครั้ง Server secuill	frmMain.CheckConnectMiddleAndSecuill
2024-10-24 05:34:24:458	ERROR	A network-related or instance-specific error occurred while establishing a connection to SQL Server. The server was not found or was not accessible. Verify that the instance name is correct and that SQL Server is configured to allow remote connections. (provider: SQL Network Interfaces, error: 26 - Error Locating Server/Instance Specified)	 (cls_condbserver.ExecuteNonQuery())
2024-10-24 05:34:34:515	ERROR	A network-related or instance-specific error occurred while establishing a connection to SQL Server. The server was not found or was not accessible. Verify that the instance name is correct and that SQL Server is configured to allow remote connections. (provider: Named Pipes Provider, error: 40 - Could not open a connection to SQL Server)	cls_condbmiddle.chk_connect_db()
2024-10-24 05:34:36:456	_Error	ไม่สามารถเชื่อมต่อ Server Middle	frmMain.CheckConnectMiddleAndSecuill
2024-10-24 05:34:38:399	Status	กำลังเชื่อมต่อใหม่อีกครั้ง Server Middle	frmMain.CheckConnectMiddleAndSecuill
2024-10-24 05:34:54:708	_Error	A network-related or instance-specific error occurred while establishing a connection to SQL Server. The server was not found or was not accessible. Verify that the instance name is correct and that SQL Server is configured to allow remote connections. (provider: Named Pipes Provider, error: 40 - Could not open a connection to SQL Server)	cls_condbsecuill.chk_connect_db
2024-10-24 05:34:56:621	_Error	ไม่สามารถเชื่อมต่อ Server secuill	frmMain.CheckConnectMiddleAndSecuill
2024-10-24 05:34:58:531	Status	กำลังเชื่อมต่อใหม่อีกครั้ง Server secuill	frmMain.CheckConnectMiddleAndSecuill
2024-10-24 05:35:21:997	ERROR	A network-related or instance-specific error occurred while establishing a connection to SQL Server. The server was not found or was not accessible. Verify that the instance name is correct and that SQL Server is configured to allow remote connections. (provider: Named Pipes Provider, error: 40 - Could not open a connection to SQL Server)	cls_condbmiddle.chk_connect_db()
2024-10-24 05:35:23:548	_Error	ไม่สามารถเชื่อมต่อ Server Middle	frmMain.CheckConnectMiddleAndSecuill
2024-10-24 05:35:25:498	Status	กำลังเชื่อมต่อใหม่อีกครั้ง Server Middle	frmMain.CheckConnectMiddleAndSecuill
2024-10-24 05:35:42:282	_Error	A network-related or instance-specific error occurred while establishing a connection to SQL Server. The server was not found or was not accessible. Verify that the instance name is correct and that SQL Server is configured to allow remote connections. (provider: Named Pipes Provider, error: 40 - Could not open a connection to SQL Server)	cls_condbsecuill.chk_connect_db
2024-10-24 05:35:44:190	_Error	ไม่สามารถเชื่อมต่อ Server secuill	frmMain.CheckConnectMiddleAndSecuill
2024-10-24 05:35:46:108	Status	กำลังเชื่อมต่อใหม่อีกครั้ง Server secuill	frmMain.CheckConnectMiddleAndSecuill
2024-10-24 05:36:09:438	ERROR	A network-related or instance-specific error occurred while establishing a connection to SQL Server. The server was not found or was not accessible. Verify that the instance name is correct and that SQL Server is configured to allow remote connections. (provider: Named Pipes Provider, error: 40 - Could not open a connection to SQL Server)	cls_condbmiddle.chk_connect_db()
2024-10-24 05:36:11:120	_Error	ไม่สามารถเชื่อมต่อ Server Middle	frmMain.CheckConnectMiddleAndSecuill
2024-10-24 05:36:13:054	Status	กำลังเชื่อมต่อใหม่อีกครั้ง Server Middle	frmMain.CheckConnectMiddleAndSecuill
2024-10-24 05:36:29:831	_Error	A network-related or instance-specific error occurred while establishing a connection to SQL Server. The server was not found or was not accessible. Verify that the instance name is correct and that SQL Server is configured to allow remote connections. (provider: Named Pipes Provider, error: 40 - Could not open a connection to SQL Server)	cls_condbsecuill.chk_connect_db
2024-10-24 05:36:31:750	_Error	ไม่สามารถเชื่อมต่อ Server secuill	frmMain.CheckConnectMiddleAndSecuill
2024-10-24 05:36:33:662	Status	กำลังเชื่อมต่อใหม่อีกครั้ง Server secuill	frmMain.CheckConnectMiddleAndSecuill
2024-10-24 05:36:56:880	ERROR	A network-related or instance-specific error occurred while establishing a connection to SQL Server. The server was not found or was not accessible. Verify that the instance name is correct and that SQL Server is configured to allow remote connections. (provider: Named Pipes Provider, error: 40 - Could not open a connection to SQL Server)	cls_condbmiddle.chk_connect_db()
2024-10-24 05:36:58:685	_Error	ไม่สามารถเชื่อมต่อ Server Middle	frmMain.CheckConnectMiddleAndSecuill
2024-10-24 05:37:00:633	Status	กำลังเชื่อมต่อใหม่อีกครั้ง Server Middle	frmMain.CheckConnectMiddleAndSecuill
2024-10-24 05:37:17:468	_Error	A network-related or instance-specific error occurred while establishing a connection to SQL Server. The server was not found or was not accessible. Verify that the instance name is correct and that SQL Server is configured to allow remote connections. (provider: Named Pipes Provider, error: 40 - Could not open a connection to SQL Server)	cls_condbsecuill.chk_connect_db
2024-10-24 05:37:19:389	_Error	ไม่สามารถเชื่อมต่อ Server secuill	frmMain.CheckConnectMiddleAndSecuill
2024-10-24 05:37:21:301	Status	กำลังเชื่อมต่อใหม่อีกครั้ง Server secuill	frmMain.CheckConnectMiddleAndSecuill
2024-10-24 05:37:44:357	ERROR	A network-related or instance-specific error occurred while establishing a connection to SQL Server. The server was not found or was not accessible. Verify that the instance name is correct and that SQL Server is configured to allow remote connections. (provider: Named Pipes Provider, error: 40 - Could not open a connection to SQL Server)	cls_condbmiddle.chk_connect_db()
2024-10-24 05:37:45:825	_Error	ไม่สามารถเชื่อมต่อ Server Middle	frmMain.CheckConnectMiddleAndSecuill
2024-10-24 05:37:48:288	Status	กำลังเชื่อมต่อใหม่อีกครั้ง Server Middle	frmMain.CheckConnectMiddleAndSecuill
2024-10-24 05:38:04:606	_Error	A network-related or instance-specific error occurred while establishing a connection to SQL Server. The server was not found or was not accessible. Verify that the instance name is correct and that SQL Server is configured to allow remote connections. (provider: Named Pipes Provider, error: 40 - Could not open a connection to SQL Server)	cls_condbsecuill.chk_connect_db
2024-10-24 05:38:06:523	_Error	ไม่สามารถเชื่อมต่อ Server secuill	frmMain.CheckConnectMiddleAndSecuill
2024-10-24 05:38:08:437	Status	กำลังเชื่อมต่อใหม่อีกครั้ง Server secuill	frmMain.CheckConnectMiddleAndSecuill
2024-10-24 05:38:31:855	ERROR	A network-related or instance-specific error occurred while establishing a connection to SQL Server. The server was not found or was not accessible. Verify that the instance name is correct and that SQL Server is configured to allow remote connections. (provider: Named Pipes Provider, error: 40 - Could not open a connection to SQL Server)	cls_condbmiddle.chk_connect_db()
2024-10-24 05:38:33:468	_Error	ไม่สามารถเชื่อมต่อ Server Middle	frmMain.CheckConnectMiddleAndSecuill
2024-10-24 05:38:35:418	Status	กำลังเชื่อมต่อใหม่อีกครั้ง Server Middle	frmMain.CheckConnectMiddleAndSecuill
2024-10-24 05:38:52:240	_Error	A network-related or instance-specific error occurred while establishing a connection to SQL Server. The server was not found or was not accessible. Verify that the instance name is correct and that SQL Server is configured to allow remote connections. (provider: Named Pipes Provider, error: 40 - Could not open a connection to SQL Server)	cls_condbsecuill.chk_connect_db
2024-10-24 05:38:54:156	_Error	ไม่สามารถเชื่อมต่อ Server secuill	frmMain.CheckConnectMiddleAndSecuill
2024-10-24 05:38:56:071	Status	กำลังเชื่อมต่อใหม่อีกครั้ง Server secuill	frmMain.CheckConnectMiddleAndSecuill
2024-10-24 05:39:09:307	ERROR	A network-related or instance-specific error occurred while establishing a connection to SQL Server. The server was not found or was not accessible. Verify that the instance name is correct and that SQL Server is configured to allow remote connections. (provider: SQL Network Interfaces, error: 26 - Error Locating Server/Instance Specified)	 (cls_condbserver.ExecuteNonQuery())
2024-10-24 05:39:19:374	ERROR	A network-related or instance-specific error occurred while establishing a connection to SQL Server. The server was not found or was not accessible. Verify that the instance name is correct and that SQL Server is configured to allow remote connections. (provider: Named Pipes Provider, error: 40 - Could not open a connection to SQL Server)	cls_condbmiddle.chk_connect_db()
2024-10-24 05:39:21:099	_Error	ไม่สามารถเชื่อมต่อ Server Middle	frmMain.CheckConnectMiddleAndSecuill
2024-10-24 05:39:23:042	Status	กำลังเชื่อมต่อใหม่อีกครั้ง Server Middle	frmMain.CheckConnectMiddleAndSecuill
2024-10-24 05:39:39:809	_Error	A network-related or instance-specific error occurred while establishing a connection to SQL Server. The server was not found or was not accessible. Verify that the instance name is correct and that SQL Server is configured to allow remote connections. (provider: Named Pipes Provider, error: 40 - Could not open a connection to SQL Server)	cls_condbsecuill.chk_connect_db
2024-10-24 05:39:41:722	_Error	ไม่สามารถเชื่อมต่อ Server secuill	frmMain.CheckConnectMiddleAndSecuill
2024-10-24 05:39:43:629	Status	กำลังเชื่อมต่อใหม่อีกครั้ง Server secuill	frmMain.CheckConnectMiddleAndSecuill
2024-10-24 05:40:06:843	ERROR	A network-related or instance-specific error occurred while establishing a connection to SQL Server. The server was not found or was not accessible. Verify that the instance name is correct and that SQL Server is configured to allow remote connections. (provider: Named Pipes Provider, error: 40 - Could not open a connection to SQL Server)	cls_condbmiddle.chk_connect_db()
2024-10-24 05:40:08:648	_Error	ไม่สามารถเชื่อมต่อ Server Middle	frmMain.CheckConnectMiddleAndSecuill
2024-10-24 05:40:10:590	Status	กำลังเชื่อมต่อใหม่อีกครั้ง Server Middle	frmMain.CheckConnectMiddleAndSecuill
2024-10-24 05:40:27:403	_Error	A network-related or instance-specific error occurred while establishing a connection to SQL Server. The server was not found or was not accessible. Verify that the instance name is correct and that SQL Server is configured to allow remote connections. (provider: Named Pipes Provider, error: 40 - Could not open a connection to SQL Server)	cls_condbsecuill.chk_connect_db
2024-10-24 05:40:29:312	_Error	ไม่สามารถเชื่อมต่อ Server secuill	frmMain.CheckConnectMiddleAndSecuill
2024-10-24 05:40:31:221	Status	กำลังเชื่อมต่อใหม่อีกครั้ง Server secuill	frmMain.CheckConnectMiddleAndSecuill
2024-10-24 05:40:54:282	ERROR	A network-related or instance-specific error occurred while establishing a connection to SQL Server. The server was not found or was not accessible. Verify that the instance name is correct and that SQL Server is configured to allow remote connections. (provider: Named Pipes Provider, error: 40 - Could not open a connection to SQL Server)	cls_condbmiddle.chk_connect_db()
2024-10-24 05:40:56:199	_Error	ไม่สามารถเชื่อมต่อ Server Middle	frmMain.CheckConnectMiddleAndSecuill
2024-10-24 05:40:58:148	Status	กำลังเชื่อมต่อใหม่อีกครั้ง Server Middle	frmMain.CheckConnectMiddleAndSecuill
2024-10-24 05:41:14:956	_Error	A network-related or instance-specific error occurred while establishing a connection to SQL Server. The server was not found or was not accessible. Verify that the instance name is correct and that SQL Server is configured to allow remote connections. (provider: Named Pipes Provider, error: 40 - Could not open a connection to SQL Server)	cls_condbsecuill.chk_connect_db
2024-10-24 05:41:16:874	_Error	ไม่สามารถเชื่อมต่อ Server secuill	frmMain.CheckConnectMiddleAndSecuill
2024-10-24 05:41:18:782	Status	กำลังเชื่อมต่อใหม่อีกครั้ง Server secuill	frmMain.CheckConnectMiddleAndSecuill
2024-10-24 05:41:41:735	ERROR	A network-related or instance-specific error occurred while establishing a connection to SQL Server. The server was not found or was not accessible. Verify that the instance name is correct and that SQL Server is configured to allow remote connections. (provider: Named Pipes Provider, error: 40 - Could not open a connection to SQL Server)	cls_condbmiddle.chk_connect_db()
2024-10-24 05:41:43:279	_Error	ไม่สามารถเชื่อมต่อ Server Middle	frmMain.CheckConnectMiddleAndSecuill
2024-10-24 05:41:45:229	Status	กำลังเชื่อมต่อใหม่อีกครั้ง Server Middle	frmMain.CheckConnectMiddleAndSecuill
2024-10-24 05:42:02:010	_Error	A network-related or instance-specific error occurred while establishing a connection to SQL Server. The server was not found or was not accessible. Verify that the instance name is correct and that SQL Server is configured to allow remote connections. (provider: Named Pipes Provider, error: 40 - Could not open a connection to SQL Server)	cls_condbsecuill.chk_connect_db
2024-10-24 05:42:03:928	_Error	ไม่สามารถเชื่อมต่อ Server secuill	frmMain.CheckConnectMiddleAndSecuill
2024-10-24 05:42:05:845	Status	กำลังเชื่อมต่อใหม่อีกครั้ง Server secuill	frmMain.CheckConnectMiddleAndSecuill
2024-10-24 05:42:29:226	ERROR	A network-related or instance-specific error occurred while establishing a connection to SQL Server. The server was not found or was not accessible. Verify that the instance name is correct and that SQL Server is configured to allow remote connections. (provider: Named Pipes Provider, error: 40 - Could not open a connection to SQL Server)	cls_condbmiddle.chk_connect_db()
2024-10-24 05:42:30:871	_Error	ไม่สามารถเชื่อมต่อ Server Middle	frmMain.CheckConnectMiddleAndSecuill
2024-10-24 05:42:32:820	Status	กำลังเชื่อมต่อใหม่อีกครั้ง Server Middle	frmMain.CheckConnectMiddleAndSecuill
2024-10-24 05:42:49:629	_Error	A network-related or instance-specific error occurred while establishing a connection to SQL Server. The server was not found or was not accessible. Verify that the instance name is correct and that SQL Server is configured to allow remote connections. (provider: Named Pipes Provider, error: 40 - Could not open a connection to SQL Server)	cls_condbsecuill.chk_connect_db
2024-10-24 05:42:51:549	_Error	ไม่สามารถเชื่อมต่อ Server secuill	frmMain.CheckConnectMiddleAndSecuill
2024-10-24 05:42:53:453	Status	กำลังเชื่อมต่อใหม่อีกครั้ง Server secuill	frmMain.CheckConnectMiddleAndSecuill
2024-10-24 05:43:16:687	ERROR	A network-related or instance-specific error occurred while establishing a connection to SQL Server. The server was not found or was not accessible. Verify that the instance name is correct and that SQL Server is configured to allow remote connections. (provider: Named Pipes Provider, error: 40 - Could not open a connection to SQL Server)	cls_condbmiddle.chk_connect_db()
2024-10-24 05:43:18:494	_Error	ไม่สามารถเชื่อมต่อ Server Middle	frmMain.CheckConnectMiddleAndSecuill
2024-10-24 05:43:20:442	Status	กำลังเชื่อมต่อใหม่อีกครั้ง Server Middle	frmMain.CheckConnectMiddleAndSecuill
2024-10-24 05:43:37:273	_Error	A network-related or instance-specific error occurred while establishing a connection to SQL Server. The server was not found or was not accessible. Verify that the instance name is correct and that SQL Server is configured to allow remote connections. (provider: Named Pipes Provider, error: 40 - Could not open a connection to SQL Server)	cls_condbsecuill.chk_connect_db
2024-10-24 05:43:39:188	_Error	ไม่สามารถเชื่อมต่อ Server secuill	frmMain.CheckConnectMiddleAndSecuill
2024-10-24 05:43:41:099	Status	กำลังเชื่อมต่อใหม่อีกครั้ง Server secuill	frmMain.CheckConnectMiddleAndSecuill
2024-10-24 05:43:54:095	ERROR	A network-related or instance-specific error occurred while establishing a connection to SQL Server. The server was not found or was not accessible. Verify that the instance name is correct and that SQL Server is configured to allow remote connections. (provider: SQL Network Interfaces, error: 26 - Error Locating Server/Instance Specified)	 (cls_condbserver.ExecuteNonQuery())
2024-10-24 05:44:04:106	ERROR	A network-related or instance-specific error occurred while establishing a connection to SQL Server. The server was not found or was not accessible. Verify that the instance name is correct and that SQL Server is configured to allow remote connections. (provider: Named Pipes Provider, error: 40 - Could not open a connection to SQL Server)	cls_condbmiddle.chk_connect_db()
2024-10-24 05:44:06:072	_Error	ไม่สามารถเชื่อมต่อ Server Middle	frmMain.CheckConnectMiddleAndSecuill
2024-10-24 05:44:08:019	Status	กำลังเชื่อมต่อใหม่อีกครั้ง Server Middle	frmMain.CheckConnectMiddleAndSecuill
2024-10-24 05:44:24:339	_Error	A network-related or instance-specific error occurred while establishing a connection to SQL Server. The server was not found or was not accessible. Verify that the instance name is correct and that SQL Server is configured to allow remote connections. (provider: Named Pipes Provider, error: 40 - Could not open a connection to SQL Server)	cls_condbsecuill.chk_connect_db
2024-10-24 05:44:26:262	_Error	ไม่สามารถเชื่อมต่อ Server secuill	frmMain.CheckConnectMiddleAndSecuill
2024-10-24 05:44:28:178	Status	กำลังเชื่อมต่อใหม่อีกครั้ง Server secuill	frmMain.CheckConnectMiddleAndSecuill
2024-10-24 05:44:51:555	ERROR	A network-related or instance-specific error occurred while establishing a connection to SQL Server. The server was not found or was not accessible. Verify that the instance name is correct and that SQL Server is configured to allow remote connections. (provider: Named Pipes Provider, error: 40 - Could not open a connection to SQL Server)	cls_condbmiddle.chk_connect_db()
2024-10-24 05:44:53:205	_Error	ไม่สามารถเชื่อมต่อ Server Middle	frmMain.CheckConnectMiddleAndSecuill
2024-10-24 05:44:55:158	Status	กำลังเชื่อมต่อใหม่อีกครั้ง Server Middle	frmMain.CheckConnectMiddleAndSecuill
2024-10-24 05:45:11:917	_Error	A network-related or instance-specific error occurred while establishing a connection to SQL Server. The server was not found or was not accessible. Verify that the instance name is correct and that SQL Server is configured to allow remote connections. (provider: Named Pipes Provider, error: 40 - Could not open a connection to SQL Server)	cls_condbsecuill.chk_connect_db
2024-10-24 05:45:13:839	_Error	ไม่สามารถเชื่อมต่อ Server secuill	frmMain.CheckConnectMiddleAndSecuill
2024-10-24 05:45:15:750	Status	กำลังเชื่อมต่อใหม่อีกครั้ง Server secuill	frmMain.CheckConnectMiddleAndSecuill
2024-10-24 05:45:39:022	ERROR	A network-related or instance-specific error occurred while establishing a connection to SQL Server. The server was not found or was not accessible. Verify that the instance name is correct and that SQL Server is configured to allow remote connections. (provider: Named Pipes Provider, error: 40 - Could not open a connection to SQL Server)	cls_condbmiddle.chk_connect_db()
2024-10-24 05:45:40:780	_Error	ไม่สามารถเชื่อมต่อ Server Middle	frmMain.CheckConnectMiddleAndSecuill
2024-10-24 05:45:42:724	Status	กำลังเชื่อมต่อใหม่อีกครั้ง Server Middle	frmMain.CheckConnectMiddleAndSecuill
2024-10-24 05:45:59:536	_Error	A network-related or instance-specific error occurred while establishing a connection to SQL Server. The server was not found or was not accessible. Verify that the instance name is correct and that SQL Server is configured to allow remote connections. (provider: Named Pipes Provider, error: 40 - Could not open a connection to SQL Server)	cls_condbsecuill.chk_connect_db
2024-10-24 05:46:01:456	_Error	ไม่สามารถเชื่อมต่อ Server secuill	frmMain.CheckConnectMiddleAndSecuill
2024-10-24 05:46:03:374	Status	กำลังเชื่อมต่อใหม่อีกครั้ง Server secuill	frmMain.CheckConnectMiddleAndSecuill
2024-10-24 05:46:26:525	ERROR	A network-related or instance-specific error occurred while establishing a connection to SQL Server. The server was not found or was not accessible. Verify that the instance name is correct and that SQL Server is configured to allow remote connections. (provider: Named Pipes Provider, error: 40 - Could not open a connection to SQL Server)	cls_condbmiddle.chk_connect_db()
2024-10-24 05:46:28:358	_Error	ไม่สามารถเชื่อมต่อ Server Middle	frmMain.CheckConnectMiddleAndSecuill
2024-10-24 05:46:30:295	Status	กำลังเชื่อมต่อใหม่อีกครั้ง Server Middle	frmMain.CheckConnectMiddleAndSecuill
2024-10-24 05:46:47:113	_Error	A network-related or instance-specific error occurred while establishing a connection to SQL Server. The server was not found or was not accessible. Verify that the instance name is correct and that SQL Server is configured to allow remote connections. (provider: Named Pipes Provider, error: 40 - Could not open a connection to SQL Server)	cls_condbsecuill.chk_connect_db
2024-10-24 05:46:49:032	_Error	ไม่สามารถเชื่อมต่อ Server secuill	frmMain.CheckConnectMiddleAndSecuill
2024-10-24 05:46:50:951	Status	กำลังเชื่อมต่อใหม่อีกครั้ง Server secuill	frmMain.CheckConnectMiddleAndSecuill
2024-10-24 05:47:13:982	ERROR	A network-related or instance-specific error occurred while establishing a connection to SQL Server. The server was not found or was not accessible. Verify that the instance name is correct and that SQL Server is configured to allow remote connections. (provider: Named Pipes Provider, error: 40 - Could not open a connection to SQL Server)	cls_condbmiddle.chk_connect_db()
2024-10-24 05:47:15:486	_Error	ไม่สามารถเชื่อมต่อ Server Middle	frmMain.CheckConnectMiddleAndSecuill
2024-10-24 05:47:17:952	Status	กำลังเชื่อมต่อใหม่อีกครั้ง Server Middle	frmMain.CheckConnectMiddleAndSecuill
2024-10-24 05:47:34:268	_Error	A network-related or instance-specific error occurred while establishing a connection to SQL Server. The server was not found or was not accessible. Verify that the instance name is correct and that SQL Server is configured to allow remote connections. (provider: Named Pipes Provider, error: 40 - Could not open a connection to SQL Server)	cls_condbsecuill.chk_connect_db
2024-10-24 05:47:36:180	_Error	ไม่สามารถเชื่อมต่อ Server secuill	frmMain.CheckConnectMiddleAndSecuill
2024-10-24 05:47:38:093	Status	กำลังเชื่อมต่อใหม่อีกครั้ง Server secuill	frmMain.CheckConnectMiddleAndSecuill
2024-10-24 05:48:01:455	ERROR	A network-related or instance-specific error occurred while establishing a connection to SQL Server. The server was not found or was not accessible. Verify that the instance name is correct and that SQL Server is configured to allow remote connections. (provider: Named Pipes Provider, error: 40 - Could not open a connection to SQL Server)	cls_condbmiddle.chk_connect_db()
2024-10-24 05:48:03:108	_Error	ไม่สามารถเชื่อมต่อ Server Middle	frmMain.CheckConnectMiddleAndSecuill
2024-10-24 05:48:05:059	Status	กำลังเชื่อมต่อใหม่อีกครั้ง Server Middle	frmMain.CheckConnectMiddleAndSecuill
2024-10-24 05:48:21:856	_Error	A network-related or instance-specific error occurred while establishing a connection to SQL Server. The server was not found or was not accessible. Verify that the instance name is correct and that SQL Server is configured to allow remote connections. (provider: Named Pipes Provider, error: 40 - Could not open a connection to SQL Server)	cls_condbsecuill.chk_connect_db
2024-10-24 05:48:23:774	_Error	ไม่สามารถเชื่อมต่อ Server secuill	frmMain.CheckConnectMiddleAndSecuill
2024-10-24 05:48:25:696	Status	กำลังเชื่อมต่อใหม่อีกครั้ง Server secuill	frmMain.CheckConnectMiddleAndSecuill
2024-10-24 05:48:38:907	ERROR	A network-related or instance-specific error occurred while establishing a connection to SQL Server. The server was not found or was not accessible. Verify that the instance name is correct and that SQL Server is configured to allow remote connections. (provider: SQL Network Interfaces, error: 26 - Error Locating Server/Instance Specified)	 (cls_condbserver.ExecuteNonQuery())
2024-10-24 05:48:48:930	ERROR	A network-related or instance-specific error occurred while establishing a connection to SQL Server. The server was not found or was not accessible. Verify that the instance name is correct and that SQL Server is configured to allow remote connections. (provider: Named Pipes Provider, error: 40 - Could not open a connection to SQL Server)	cls_condbmiddle.chk_connect_db()
2024-10-24 05:48:50:734	_Error	ไม่สามารถเชื่อมต่อ Server Middle	frmMain.CheckConnectMiddleAndSecuill
2024-10-24 05:48:52:680	Status	กำลังเชื่อมต่อใหม่อีกครั้ง Server Middle	frmMain.CheckConnectMiddleAndSecuill
2024-10-24 05:49:09:522	_Error	A network-related or instance-specific error occurred while establishing a connection to SQL Server. The server was not found or was not accessible. Verify that the instance name is correct and that SQL Server is configured to allow remote connections. (provider: Named Pipes Provider, error: 40 - Could not open a connection to SQL Server)	cls_condbsecuill.chk_connect_db
2024-10-24 05:49:11:443	_Error	ไม่สามารถเชื่อมต่อ Server secuill	frmMain.CheckConnectMiddleAndSecuill
2024-10-24 05:49:13:359	Status	กำลังเชื่อมต่อใหม่อีกครั้ง Server secuill	frmMain.CheckConnectMiddleAndSecuill
2024-10-24 05:49:36:417	ERROR	A network-related or instance-specific error occurred while establishing a connection to SQL Server. The server was not found or was not accessible. Verify that the instance name is correct and that SQL Server is configured to allow remote connections. (provider: Named Pipes Provider, error: 40 - Could not open a connection to SQL Server)	cls_condbmiddle.chk_connect_db()
2024-10-24 05:49:38:341	_Error	ไม่สามารถเชื่อมต่อ Server Middle	frmMain.CheckConnectMiddleAndSecuill
2024-10-24 05:49:40:282	Status	กำลังเชื่อมต่อใหม่อีกครั้ง Server Middle	frmMain.CheckConnectMiddleAndSecuill
2024-10-24 05:49:56:611	_Error	A network-related or instance-specific error occurred while establishing a connection to SQL Server. The server was not found or was not accessible. Verify that the instance name is correct and that SQL Server is configured to allow remote connections. (provider: Named Pipes Provider, error: 40 - Could not open a connection to SQL Server)	cls_condbsecuill.chk_connect_db
2024-10-24 05:49:58:530	_Error	ไม่สามารถเชื่อมต่อ Server secuill	frmMain.CheckConnectMiddleAndSecuill
2024-10-24 05:50:00:442	Status	กำลังเชื่อมต่อใหม่อีกครั้ง Server secuill	frmMain.CheckConnectMiddleAndSecuill
2024-10-24 05:50:23:856	ERROR	A network-related or instance-specific error occurred while establishing a connection to SQL Server. The server was not found or was not accessible. Verify that the instance name is correct and that SQL Server is configured to allow remote connections. (provider: Named Pipes Provider, error: 40 - Could not open a connection to SQL Server)	cls_condbmiddle.chk_connect_db()
2024-10-24 05:50:25:471	_Error	ไม่สามารถเชื่อมต่อ Server Middle	frmMain.CheckConnectMiddleAndSecuill
2024-10-24 05:50:27:416	Status	กำลังเชื่อมต่อใหม่อีกครั้ง Server Middle	frmMain.CheckConnectMiddleAndSecuill
2024-10-24 05:50:44:214	_Error	A network-related or instance-specific error occurred while establishing a connection to SQL Server. The server was not found or was not accessible. Verify that the instance name is correct and that SQL Server is configured to allow remote connections. (provider: Named Pipes Provider, error: 40 - Could not open a connection to SQL Server)	cls_condbsecuill.chk_connect_db
2024-10-24 05:50:46:126	_Error	ไม่สามารถเชื่อมต่อ Server secuill	frmMain.CheckConnectMiddleAndSecuill
2024-10-24 05:50:48:038	Status	กำลังเชื่อมต่อใหม่อีกครั้ง Server secuill	frmMain.CheckConnectMiddleAndSecuill
2024-10-24 05:51:11:343	ERROR	A network-related or instance-specific error occurred while establishing a connection to SQL Server. The server was not found or was not accessible. Verify that the instance name is correct and that SQL Server is configured to allow remote connections. (provider: Named Pipes Provider, error: 40 - Could not open a connection to SQL Server)	cls_condbmiddle.chk_connect_db()
2024-10-24 05:51:13:065	_Error	ไม่สามารถเชื่อมต่อ Server Middle	frmMain.CheckConnectMiddleAndSecuill
2024-10-24 05:51:15:000	Status	กำลังเชื่อมต่อใหม่อีกครั้ง Server Middle	frmMain.CheckConnectMiddleAndSecuill
2024-10-24 05:51:31:820	_Error	A network-related or instance-specific error occurred while establishing a connection to SQL Server. The server was not found or was not accessible. Verify that the instance name is correct and that SQL Server is configured to allow remote connections. (provider: Named Pipes Provider, error: 40 - Could not open a connection to SQL Server)	cls_condbsecuill.chk_connect_db
2024-10-24 05:51:33:734	_Error	ไม่สามารถเชื่อมต่อ Server secuill	frmMain.CheckConnectMiddleAndSecuill
2024-10-24 05:51:35:653	Status	กำลังเชื่อมต่อใหม่อีกครั้ง Server secuill	frmMain.CheckConnectMiddleAndSecuill
2024-10-24 05:51:58:825	ERROR	A network-related or instance-specific error occurred while establishing a connection to SQL Server. The server was not found or was not accessible. Verify that the instance name is correct and that SQL Server is configured to allow remote connections. (provider: Named Pipes Provider, error: 40 - Could not open a connection to SQL Server)	cls_condbmiddle.chk_connect_db()
2024-10-24 05:52:00:627	_Error	ไม่สามารถเชื่อมต่อ Server Middle	frmMain.CheckConnectMiddleAndSecuill
2024-10-24 05:52:02:573	Status	กำลังเชื่อมต่อใหม่อีกครั้ง Server Middle	frmMain.CheckConnectMiddleAndSecuill
2024-10-24 05:52:19:378	_Error	A network-related or instance-specific error occurred while establishing a connection to SQL Server. The server was not found or was not accessible. Verify that the instance name is correct and that SQL Server is configured to allow remote connections. (provider: Named Pipes Provider, error: 40 - Could not open a connection to SQL Server)	cls_condbsecuill.chk_connect_db
2024-10-24 05:52:21:290	_Error	ไม่สามารถเชื่อมต่อ Server secuill	frmMain.CheckConnectMiddleAndSecuill
2024-10-24 05:52:23:196	Status	กำลังเชื่อมต่อใหม่อีกครั้ง Server secuill	frmMain.CheckConnectMiddleAndSecuill
2024-10-24 05:52:46:328	ERROR	A network-related or instance-specific error occurred while establishing a connection to SQL Server. The server was not found or was not accessible. Verify that the instance name is correct and that SQL Server is configured to allow remote connections. (provider: Named Pipes Provider, error: 40 - Could not open a connection to SQL Server)	cls_condbmiddle.chk_connect_db()
2024-10-24 05:52:48:216	_Error	ไม่สามารถเชื่อมต่อ Server Middle	frmMain.CheckConnectMiddleAndSecuill
2024-10-24 05:52:50:158	Status	กำลังเชื่อมต่อใหม่อีกครั้ง Server Middle	frmMain.CheckConnectMiddleAndSecuill
2024-10-24 05:53:06:987	_Error	A network-related or instance-specific error occurred while establishing a connection to SQL Server. The server was not found or was not accessible. Verify that the instance name is correct and that SQL Server is configured to allow remote connections. (provider: Named Pipes Provider, error: 40 - Could not open a connection to SQL Server)	cls_condbsecuill.chk_connect_db
2024-10-24 05:53:08:895	_Error	ไม่สามารถเชื่อมต่อ Server secuill	frmMain.CheckConnectMiddleAndSecuill
2024-10-24 05:53:10:808	Status	กำลังเชื่อมต่อใหม่อีกครั้ง Server secuill	frmMain.CheckConnectMiddleAndSecuill
2024-10-24 05:53:23:787	ERROR	A network-related or instance-specific error occurred while establishing a connection to SQL Server. The server was not found or was not accessible. Verify that the instance name is correct and that SQL Server is configured to allow remote connections. (provider: SQL Network Interfaces, error: 26 - Error Locating Server/Instance Specified)	 (cls_condbserver.ExecuteNonQuery())
2024-10-24 05:53:33:760	ERROR	A network-related or instance-specific error occurred while establishing a connection to SQL Server. The server was not found or was not accessible. Verify that the instance name is correct and that SQL Server is configured to allow remote connections. (provider: Named Pipes Provider, error: 40 - Could not open a connection to SQL Server)	cls_condbmiddle.chk_connect_db()
2024-10-24 05:53:35:285	_Error	ไม่สามารถเชื่อมต่อ Server Middle	frmMain.CheckConnectMiddleAndSecuill
2024-10-24 05:53:37:232	Status	กำลังเชื่อมต่อใหม่อีกครั้ง Server Middle	frmMain.CheckConnectMiddleAndSecuill
2024-10-24 05:53:54:015	_Error	A network-related or instance-specific error occurred while establishing a connection to SQL Server. The server was not found or was not accessible. Verify that the instance name is correct and that SQL Server is configured to allow remote connections. (provider: Named Pipes Provider, error: 40 - Could not open a connection to SQL Server)	cls_condbsecuill.chk_connect_db
2024-10-24 05:53:55:926	_Error	ไม่สามารถเชื่อมต่อ Server secuill	frmMain.CheckConnectMiddleAndSecuill
2024-10-24 05:53:57:845	Status	กำลังเชื่อมต่อใหม่อีกครั้ง Server secuill	frmMain.CheckConnectMiddleAndSecuill
2024-10-24 05:54:21:196	ERROR	A network-related or instance-specific error occurred while establishing a connection to SQL Server. The server was not found or was not accessible. Verify that the instance name is correct and that SQL Server is configured to allow remote connections. (provider: Named Pipes Provider, error: 40 - Could not open a connection to SQL Server)	cls_condbmiddle.chk_connect_db()
2024-10-24 05:54:22:858	_Error	ไม่สามารถเชื่อมต่อ Server Middle	frmMain.CheckConnectMiddleAndSecuill
2024-10-24 05:54:24:804	Status	กำลังเชื่อมต่อใหม่อีกครั้ง Server Middle	frmMain.CheckConnectMiddleAndSecuill
2024-10-24 05:54:41:615	_Error	A network-related or instance-specific error occurred while establishing a connection to SQL Server. The server was not found or was not accessible. Verify that the instance name is correct and that SQL Server is configured to allow remote connections. (provider: Named Pipes Provider, error: 40 - Could not open a connection to SQL Server)	cls_condbsecuill.chk_connect_db
2024-10-24 05:54:43:530	_Error	ไม่สามารถเชื่อมต่อ Server secuill	frmMain.CheckConnectMiddleAndSecuill
2024-10-24 05:54:45:438	Status	กำลังเชื่อมต่อใหม่อีกครั้ง Server secuill	frmMain.CheckConnectMiddleAndSecuill
2024-10-24 05:55:08:680	ERROR	A network-related or instance-specific error occurred while establishing a connection to SQL Server. The server was not found or was not accessible. Verify that the instance name is correct and that SQL Server is configured to allow remote connections. (provider: Named Pipes Provider, error: 40 - Could not open a connection to SQL Server)	cls_condbmiddle.chk_connect_db()
2024-10-24 05:55:10:450	_Error	ไม่สามารถเชื่อมต่อ Server Middle	frmMain.CheckConnectMiddleAndSecuill
2024-10-24 05:55:12:401	Status	กำลังเชื่อมต่อใหม่อีกครั้ง Server Middle	frmMain.CheckConnectMiddleAndSecuill
2024-10-24 05:55:29:239	_Error	A network-related or instance-specific error occurred while establishing a connection to SQL Server. The server was not found or was not accessible. Verify that the instance name is correct and that SQL Server is configured to allow remote connections. (provider: Named Pipes Provider, error: 40 - Could not open a connection to SQL Server)	cls_condbsecuill.chk_connect_db
2024-10-24 05:55:31:164	_Error	ไม่สามารถเชื่อมต่อ Server secuill	frmMain.CheckConnectMiddleAndSecuill
2024-10-24 05:55:33:076	Status	กำลังเชื่อมต่อใหม่อีกครั้ง Server secuill	frmMain.CheckConnectMiddleAndSecuill
2024-10-24 05:55:56:166	ERROR	A network-related or instance-specific error occurred while establishing a connection to SQL Server. The server was not found or was not accessible. Verify that the instance name is correct and that SQL Server is configured to allow remote connections. (provider: Named Pipes Provider, error: 40 - Could not open a connection to SQL Server)	cls_condbmiddle.chk_connect_db()
2024-10-24 05:55:58:110	_Error	ไม่สามารถเชื่อมต่อ Server Middle	frmMain.CheckConnectMiddleAndSecuill
2024-10-24 05:56:00:057	Status	กำลังเชื่อมต่อใหม่อีกครั้ง Server Middle	frmMain.CheckConnectMiddleAndSecuill
2024-10-24 05:56:16:345	_Error	A network-related or instance-specific error occurred while establishing a connection to SQL Server. The server was not found or was not accessible. Verify that the instance name is correct and that SQL Server is configured to allow remote connections. (provider: Named Pipes Provider, error: 40 - Could not open a connection to SQL Server)	cls_condbsecuill.chk_connect_db
2024-10-24 05:56:18:258	_Error	ไม่สามารถเชื่อมต่อ Server secuill	frmMain.CheckConnectMiddleAndSecuill
2024-10-24 05:56:20:187	Status	กำลังเชื่อมต่อใหม่อีกครั้ง Server secuill	frmMain.CheckConnectMiddleAndSecuill
2024-10-24 05:56:43:663	ERROR	A network-related or instance-specific error occurred while establishing a connection to SQL Server. The server was not found or was not accessible. Verify that the instance name is correct and that SQL Server is configured to allow remote connections. (provider: Named Pipes Provider, error: 40 - Could not open a connection to SQL Server)	cls_condbmiddle.chk_connect_db()
2024-10-24 05:56:45:203	_Error	ไม่สามารถเชื่อมต่อ Server Middle	frmMain.CheckConnectMiddleAndSecuill
2024-10-24 05:56:47:148	Status	กำลังเชื่อมต่อใหม่อีกครั้ง Server Middle	frmMain.CheckConnectMiddleAndSecuill
2024-10-24 05:57:03:975	_Error	A network-related or instance-specific error occurred while establishing a connection to SQL Server. The server was not found or was not accessible. Verify that the instance name is correct and that SQL Server is configured to allow remote connections. (provider: Named Pipes Provider, error: 40 - Could not open a connection to SQL Server)	cls_condbsecuill.chk_connect_db
2024-10-24 05:57:05:896	_Error	ไม่สามารถเชื่อมต่อ Server secuill	frmMain.CheckConnectMiddleAndSecuill
2024-10-24 05:57:07:815	Status	กำลังเชื่อมต่อใหม่อีกครั้ง Server secuill	frmMain.CheckConnectMiddleAndSecuill
2024-10-24 05:57:31:138	ERROR	A network-related or instance-specific error occurred while establishing a connection to SQL Server. The server was not found or was not accessible. Verify that the instance name is correct and that SQL Server is configured to allow remote connections. (provider: Named Pipes Provider, error: 40 - Could not open a connection to SQL Server)	cls_condbmiddle.chk_connect_db()
2024-10-24 05:57:32:844	_Error	ไม่สามารถเชื่อมต่อ Server Middle	frmMain.CheckConnectMiddleAndSecuill
2024-10-24 05:57:34:797	Status	กำลังเชื่อมต่อใหม่อีกครั้ง Server Middle	frmMain.CheckConnectMiddleAndSecuill
2024-10-24 05:57:51:589	_Error	A network-related or instance-specific error occurred while establishing a connection to SQL Server. The server was not found or was not accessible. Verify that the instance name is correct and that SQL Server is configured to allow remote connections. (provider: Named Pipes Provider, error: 40 - Could not open a connection to SQL Server)	cls_condbsecuill.chk_connect_db
2024-10-24 05:57:53:502	_Error	ไม่สามารถเชื่อมต่อ Server secuill	frmMain.CheckConnectMiddleAndSecuill
2024-10-24 05:57:55:417	Status	กำลังเชื่อมต่อใหม่อีกครั้ง Server secuill	frmMain.CheckConnectMiddleAndSecuill
2024-10-24 05:58:08:587	ERROR	A network-related or instance-specific error occurred while establishing a connection to SQL Server. The server was not found or was not accessible. Verify that the instance name is correct and that SQL Server is configured to allow remote connections. (provider: SQL Network Interfaces, error: 26 - Error Locating Server/Instance Specified)	 (cls_condbserver.ExecuteNonQuery())
2024-10-24 05:58:18:651	ERROR	A network-related or instance-specific error occurred while establishing a connection to SQL Server. The server was not found or was not accessible. Verify that the instance name is correct and that SQL Server is configured to allow remote connections. (provider: Named Pipes Provider, error: 40 - Could not open a connection to SQL Server)	cls_condbmiddle.chk_connect_db()
2024-10-24 05:58:20:441	_Error	ไม่สามารถเชื่อมต่อ Server Middle	frmMain.CheckConnectMiddleAndSecuill
2024-10-24 05:58:22:389	Status	กำลังเชื่อมต่อใหม่อีกครั้ง Server Middle	frmMain.CheckConnectMiddleAndSecuill
2024-10-24 05:58:39:198	_Error	A network-related or instance-specific error occurred while establishing a connection to SQL Server. The server was not found or was not accessible. Verify that the instance name is correct and that SQL Server is configured to allow remote connections. (provider: Named Pipes Provider, error: 40 - Could not open a connection to SQL Server)	cls_condbsecuill.chk_connect_db
2024-10-24 05:58:41:108	_Error	ไม่สามารถเชื่อมต่อ Server secuill	frmMain.CheckConnectMiddleAndSecuill
2024-10-24 05:58:43:022	Status	กำลังเชื่อมต่อใหม่อีกครั้ง Server secuill	frmMain.CheckConnectMiddleAndSecuill
2024-10-24 05:59:06:129	ERROR	A network-related or instance-specific error occurred while establishing a connection to SQL Server. The server was not found or was not accessible. Verify that the instance name is correct and that SQL Server is configured to allow remote connections. (provider: Named Pipes Provider, error: 40 - Could not open a connection to SQL Server)	cls_condbmiddle.chk_connect_db()
2024-10-24 05:59:08:034	_Error	ไม่สามารถเชื่อมต่อ Server Middle	frmMain.CheckConnectMiddleAndSecuill
2024-10-24 05:59:09:970	Status	กำลังเชื่อมต่อใหม่อีกครั้ง Server Middle	frmMain.CheckConnectMiddleAndSecuill
2024-10-24 05:59:26:771	_Error	A network-related or instance-specific error occurred while establishing a connection to SQL Server. The server was not found or was not accessible. Verify that the instance name is correct and that SQL Server is configured to allow remote connections. (provider: Named Pipes Provider, error: 40 - Could not open a connection to SQL Server)	cls_condbsecuill.chk_connect_db
2024-10-24 05:59:28:684	_Error	ไม่สามารถเชื่อมต่อ Server secuill	frmMain.CheckConnectMiddleAndSecuill
2024-10-24 05:59:30:600	Status	กำลังเชื่อมต่อใหม่อีกครั้ง Server secuill	frmMain.CheckConnectMiddleAndSecuill
2024-10-24 05:59:53:610	ERROR	A network-related or instance-specific error occurred while establishing a connection to SQL Server. The server was not found or was not accessible. Verify that the instance name is correct and that SQL Server is configured to allow remote connections. (provider: Named Pipes Provider, error: 40 - Could not open a connection to SQL Server)	cls_condbmiddle.chk_connect_db()
2024-10-24 05:59:55:076	_Error	ไม่สามารถเชื่อมต่อ Server Middle	frmMain.CheckConnectMiddleAndSecuill
2024-10-24 05:59:57:531	Status	กำลังเชื่อมต่อใหม่อีกครั้ง Server Middle	frmMain.CheckConnectMiddleAndSecuill
2024-10-24 06:00:13:838	_Error	A network-related or instance-specific error occurred while establishing a connection to SQL Server. The server was not found or was not accessible. Verify that the instance name is correct and that SQL Server is configured to allow remote connections. (provider: Named Pipes Provider, error: 40 - Could not open a connection to SQL Server)	cls_condbsecuill.chk_connect_db
2024-10-24 06:00:15:755	_Error	ไม่สามารถเชื่อมต่อ Server secuill	frmMain.CheckConnectMiddleAndSecuill
2024-10-24 06:00:17:671	Status	กำลังเชื่อมต่อใหม่อีกครั้ง Server secuill	frmMain.CheckConnectMiddleAndSecuill
2024-10-24 06:00:41:080	ERROR	A network-related or instance-specific error occurred while establishing a connection to SQL Server. The server was not found or was not accessible. Verify that the instance name is correct and that SQL Server is configured to allow remote connections. (provider: Named Pipes Provider, error: 40 - Could not open a connection to SQL Server)	cls_condbmiddle.chk_connect_db()
2024-10-24 06:00:42:702	_Error	ไม่สามารถเชื่อมต่อ Server Middle	frmMain.CheckConnectMiddleAndSecuill
2024-10-24 06:00:44:647	Status	กำลังเชื่อมต่อใหม่อีกครั้ง Server Middle	frmMain.CheckConnectMiddleAndSecuill
2024-10-24 06:01:01:484	_Error	A network-related or instance-specific error occurred while establishing a connection to SQL Server. The server was not found or was not accessible. Verify that the instance name is correct and that SQL Server is configured to allow remote connections. (provider: Named Pipes Provider, error: 40 - Could not open a connection to SQL Server)	cls_condbsecuill.chk_connect_db
2024-10-24 06:01:03:397	_Error	ไม่สามารถเชื่อมต่อ Server secuill	frmMain.CheckConnectMiddleAndSecuill
2024-10-24 06:01:05:310	Status	กำลังเชื่อมต่อใหม่อีกครั้ง Server secuill	frmMain.CheckConnectMiddleAndSecuill
2024-10-24 06:01:28:536	ERROR	A network-related or instance-specific error occurred while establishing a connection to SQL Server. The server was not found or was not accessible. Verify that the instance name is correct and that SQL Server is configured to allow remote connections. (provider: Named Pipes Provider, error: 40 - Could not open a connection to SQL Server)	cls_condbmiddle.chk_connect_db()
2024-10-24 06:01:30:339	_Error	ไม่สามารถเชื่อมต่อ Server Middle	frmMain.CheckConnectMiddleAndSecuill
2024-10-24 06:01:32:278	Status	กำลังเชื่อมต่อใหม่อีกครั้ง Server Middle	frmMain.CheckConnectMiddleAndSecuill
2024-10-24 06:01:49:048	_Error	A network-related or instance-specific error occurred while establishing a connection to SQL Server. The server was not found or was not accessible. Verify that the instance name is correct and that SQL Server is configured to allow remote connections. (provider: Named Pipes Provider, error: 40 - Could not open a connection to SQL Server)	cls_condbsecuill.chk_connect_db
2024-10-24 06:01:50:967	_Error	ไม่สามารถเชื่อมต่อ Server secuill	frmMain.CheckConnectMiddleAndSecuill
2024-10-24 06:01:52:872	Status	กำลังเชื่อมต่อใหม่อีกครั้ง Server secuill	frmMain.CheckConnectMiddleAndSecuill
2024-10-24 06:02:16:031	ERROR	A network-related or instance-specific error occurred while establishing a connection to SQL Server. The server was not found or was not accessible. Verify that the instance name is correct and that SQL Server is configured to allow remote connections. (provider: Named Pipes Provider, error: 40 - Could not open a connection to SQL Server)	cls_condbmiddle.chk_connect_db()
2024-10-24 06:02:17:929	_Error	ไม่สามารถเชื่อมต่อ Server Middle	frmMain.CheckConnectMiddleAndSecuill
2024-10-24 06:02:19:877	Status	กำลังเชื่อมต่อใหม่อีกครั้ง Server Middle	frmMain.CheckConnectMiddleAndSecuill
2024-10-24 06:02:36:694	_Error	A network-related or instance-specific error occurred while establishing a connection to SQL Server. The server was not found or was not accessible. Verify that the instance name is correct and that SQL Server is configured to allow remote connections. (provider: Named Pipes Provider, error: 40 - Could not open a connection to SQL Server)	cls_condbsecuill.chk_connect_db
2024-10-24 06:02:38:609	_Error	ไม่สามารถเชื่อมต่อ Server secuill	frmMain.CheckConnectMiddleAndSecuill
2024-10-24 06:02:40:522	Status	กำลังเชื่อมต่อใหม่อีกครั้ง Server secuill	frmMain.CheckConnectMiddleAndSecuill
2024-10-24 06:02:53:492	ERROR	A network-related or instance-specific error occurred while establishing a connection to SQL Server. The server was not found or was not accessible. Verify that the instance name is correct and that SQL Server is configured to allow remote connections. (provider: SQL Network Interfaces, error: 26 - Error Locating Server/Instance Specified)	 (cls_condbserver.ExecuteNonQuery())
2024-10-24 06:03:03:537	ERROR	A network-related or instance-specific error occurred while establishing a connection to SQL Server. The server was not found or was not accessible. Verify that the instance name is correct and that SQL Server is configured to allow remote connections. (provider: Named Pipes Provider, error: 40 - Could not open a connection to SQL Server)	cls_condbmiddle.chk_connect_db()
2024-10-24 06:03:05:052	_Error	ไม่สามารถเชื่อมต่อ Server Middle	frmMain.CheckConnectMiddleAndSecuill
2024-10-24 06:03:07:508	Status	กำลังเชื่อมต่อใหม่อีกครั้ง Server Middle	frmMain.CheckConnectMiddleAndSecuill
2024-10-24 06:03:23:803	_Error	A network-related or instance-specific error occurred while establishing a connection to SQL Server. The server was not found or was not accessible. Verify that the instance name is correct and that SQL Server is configured to allow remote connections. (provider: Named Pipes Provider, error: 40 - Could not open a connection to SQL Server)	cls_condbsecuill.chk_connect_db
2024-10-24 06:03:25:718	_Error	ไม่สามารถเชื่อมต่อ Server secuill	frmMain.CheckConnectMiddleAndSecuill
2024-10-24 06:03:27:637	Status	กำลังเชื่อมต่อใหม่อีกครั้ง Server secuill	frmMain.CheckConnectMiddleAndSecuill
2024-10-24 06:03:50:947	ERROR	A network-related or instance-specific error occurred while establishing a connection to SQL Server. The server was not found or was not accessible. Verify that the instance name is correct and that SQL Server is configured to allow remote connections. (provider: Named Pipes Provider, error: 40 - Could not open a connection to SQL Server)	cls_condbmiddle.chk_connect_db()
2024-10-24 06:03:52:629	_Error	ไม่สามารถเชื่อมต่อ Server Middle	frmMain.CheckConnectMiddleAndSecuill
2024-10-24 06:03:54:578	Status	กำลังเชื่อมต่อใหม่อีกครั้ง Server Middle	frmMain.CheckConnectMiddleAndSecuill
2024-10-24 06:04:11:376	_Error	A network-related or instance-specific error occurred while establishing a connection to SQL Server. The server was not found or was not accessible. Verify that the instance name is correct and that SQL Server is configured to allow remote connections. (provider: Named Pipes Provider, error: 40 - Could not open a connection to SQL Server)	cls_condbsecuill.chk_connect_db
2024-10-24 06:04:13:295	_Error	ไม่สามารถเชื่อมต่อ Server secuill	frmMain.CheckConnectMiddleAndSecuill
2024-10-24 06:04:15:213	Status	กำลังเชื่อมต่อใหม่อีกครั้ง Server secuill	frmMain.CheckConnectMiddleAndSecuill
2024-10-24 06:04:38:431	ERROR	A network-related or instance-specific error occurred while establishing a connection to SQL Server. The server was not found or was not accessible. Verify that the instance name is correct and that SQL Server is configured to allow remote connections. (provider: Named Pipes Provider, error: 40 - Could not open a connection to SQL Server)	cls_condbmiddle.chk_connect_db()
2024-10-24 06:04:40:243	_Error	ไม่สามารถเชื่อมต่อ Server Middle	frmMain.CheckConnectMiddleAndSecuill
2024-10-24 06:04:42:196	Status	กำลังเชื่อมต่อใหม่อีกครั้ง Server Middle	frmMain.CheckConnectMiddleAndSecuill
2024-10-24 06:04:58:969	_Error	A network-related or instance-specific error occurred while establishing a connection to SQL Server. The server was not found or was not accessible. Verify that the instance name is correct and that SQL Server is configured to allow remote connections. (provider: Named Pipes Provider, error: 40 - Could not open a connection to SQL Server)	cls_condbsecuill.chk_connect_db
2024-10-24 06:05:00:880	_Error	ไม่สามารถเชื่อมต่อ Server secuill	frmMain.CheckConnectMiddleAndSecuill
2024-10-24 06:05:02:798	Status	กำลังเชื่อมต่อใหม่อีกครั้ง Server secuill	frmMain.CheckConnectMiddleAndSecuill
2024-10-24 06:05:25:875	ERROR	A network-related or instance-specific error occurred while establishing a connection to SQL Server. The server was not found or was not accessible. Verify that the instance name is correct and that SQL Server is configured to allow remote connections. (provider: Named Pipes Provider, error: 40 - Could not open a connection to SQL Server)	cls_condbmiddle.chk_connect_db()
2024-10-24 06:05:27:350	_Error	ไม่สามารถเชื่อมต่อ Server Middle	frmMain.CheckConnectMiddleAndSecuill
2024-10-24 06:05:29:809	Status	กำลังเชื่อมต่อใหม่อีกครั้ง Server Middle	frmMain.CheckConnectMiddleAndSecuill
2024-10-24 06:05:46:114	_Error	A network-related or instance-specific error occurred while establishing a connection to SQL Server. The server was not found or was not accessible. Verify that the instance name is correct and that SQL Server is configured to allow remote connections. (provider: Named Pipes Provider, error: 40 - Could not open a connection to SQL Server)	cls_condbsecuill.chk_connect_db
2024-10-24 06:05:48:031	_Error	ไม่สามารถเชื่อมต่อ Server secuill	frmMain.CheckConnectMiddleAndSecuill
2024-10-24 06:05:49:947	Status	กำลังเชื่อมต่อใหม่อีกครั้ง Server secuill	frmMain.CheckConnectMiddleAndSecuill
2024-10-24 06:06:13:337	ERROR	A network-related or instance-specific error occurred while establishing a connection to SQL Server. The server was not found or was not accessible. Verify that the instance name is correct and that SQL Server is configured to allow remote connections. (provider: Named Pipes Provider, error: 40 - Could not open a connection to SQL Server)	cls_condbmiddle.chk_connect_db()
2024-10-24 06:06:14:923	_Error	ไม่สามารถเชื่อมต่อ Server Middle	frmMain.CheckConnectMiddleAndSecuill
2024-10-24 06:06:16:871	Status	กำลังเชื่อมต่อใหม่อีกครั้ง Server Middle	frmMain.CheckConnectMiddleAndSecuill
2024-10-24 06:06:33:709	_Error	A network-related or instance-specific error occurred while establishing a connection to SQL Server. The server was not found or was not accessible. Verify that the instance name is correct and that SQL Server is configured to allow remote connections. (provider: Named Pipes Provider, error: 40 - Could not open a connection to SQL Server)	cls_condbsecuill.chk_connect_db
2024-10-24 06:06:35:626	_Error	ไม่สามารถเชื่อมต่อ Server secuill	frmMain.CheckConnectMiddleAndSecuill
2024-10-24 06:06:37:543	Status	กำลังเชื่อมต่อใหม่อีกครั้ง Server secuill	frmMain.CheckConnectMiddleAndSecuill
2024-10-24 06:07:00:793	ERROR	A network-related or instance-specific error occurred while establishing a connection to SQL Server. The server was not found or was not accessible. Verify that the instance name is correct and that SQL Server is configured to allow remote connections. (provider: Named Pipes Provider, error: 40 - Could not open a connection to SQL Server)	cls_condbmiddle.chk_connect_db()
2024-10-24 06:07:02:525	_Error	ไม่สามารถเชื่อมต่อ Server Middle	frmMain.CheckConnectMiddleAndSecuill
2024-10-24 06:07:04:475	Status	กำลังเชื่อมต่อใหม่อีกครั้ง Server Middle	frmMain.CheckConnectMiddleAndSecuill
2024-10-24 06:07:21:279	_Error	A network-related or instance-specific error occurred while establishing a connection to SQL Server. The server was not found or was not accessible. Verify that the instance name is correct and that SQL Server is configured to allow remote connections. (provider: Named Pipes Provider, error: 40 - Could not open a connection to SQL Server)	cls_condbsecuill.chk_connect_db
2024-10-24 06:07:23:191	_Error	ไม่สามารถเชื่อมต่อ Server secuill	frmMain.CheckConnectMiddleAndSecuill
2024-10-24 06:07:25:109	Status	กำลังเชื่อมต่อใหม่อีกครั้ง Server secuill	frmMain.CheckConnectMiddleAndSecuill
2024-10-24 06:07:38:253	ERROR	A network-related or instance-specific error occurred while establishing a connection to SQL Server. The server was not found or was not accessible. Verify that the instance name is correct and that SQL Server is configured to allow remote connections. (provider: SQL Network Interfaces, error: 26 - Error Locating Server/Instance Specified)	 (cls_condbserver.ExecuteNonQuery())
2024-10-24 06:07:48:266	ERROR	A network-related or instance-specific error occurred while establishing a connection to SQL Server. The server was not found or was not accessible. Verify that the instance name is correct and that SQL Server is configured to allow remote connections. (provider: Named Pipes Provider, error: 40 - Could not open a connection to SQL Server)	cls_condbmiddle.chk_connect_db()
2024-10-24 06:07:50:105	_Error	ไม่สามารถเชื่อมต่อ Server Middle	frmMain.CheckConnectMiddleAndSecuill
2024-10-24 06:07:52:056	Status	กำลังเชื่อมต่อใหม่อีกครั้ง Server Middle	frmMain.CheckConnectMiddleAndSecuill
2024-10-24 06:08:08:851	_Error	A network-related or instance-specific error occurred while establishing a connection to SQL Server. The server was not found or was not accessible. Verify that the instance name is correct and that SQL Server is configured to allow remote connections. (provider: Named Pipes Provider, error: 40 - Could not open a connection to SQL Server)	cls_condbsecuill.chk_connect_db
2024-10-24 06:08:10:778	_Error	ไม่สามารถเชื่อมต่อ Server secuill	frmMain.CheckConnectMiddleAndSecuill
2024-10-24 06:08:12:686	Status	กำลังเชื่อมต่อใหม่อีกครั้ง Server secuill	frmMain.CheckConnectMiddleAndSecuill
2024-10-24 06:08:35:734	ERROR	A network-related or instance-specific error occurred while establishing a connection to SQL Server. The server was not found or was not accessible. Verify that the instance name is correct and that SQL Server is configured to allow remote connections. (provider: Named Pipes Provider, error: 40 - Could not open a connection to SQL Server)	cls_condbmiddle.chk_connect_db()
2024-10-24 06:08:37:694	_Error	ไม่สามารถเชื่อมต่อ Server Middle	frmMain.CheckConnectMiddleAndSecuill
2024-10-24 06:08:39:637	Status	กำลังเชื่อมต่อใหม่อีกครั้ง Server Middle	frmMain.CheckConnectMiddleAndSecuill
2024-10-24 06:08:55:954	_Error	A network-related or instance-specific error occurred while establishing a connection to SQL Server. The server was not found or was not accessible. Verify that the instance name is correct and that SQL Server is configured to allow remote connections. (provider: Named Pipes Provider, error: 40 - Could not open a connection to SQL Server)	cls_condbsecuill.chk_connect_db
2024-10-24 06:08:57:869	_Error	ไม่สามารถเชื่อมต่อ Server secuill	frmMain.CheckConnectMiddleAndSecuill
2024-10-24 06:08:59:784	Status	กำลังเชื่อมต่อใหม่อีกครั้ง Server secuill	frmMain.CheckConnectMiddleAndSecuill
2024-10-24 06:09:23:169	ERROR	A network-related or instance-specific error occurred while establishing a connection to SQL Server. The server was not found or was not accessible. Verify that the instance name is correct and that SQL Server is configured to allow remote connections. (provider: Named Pipes Provider, error: 40 - Could not open a connection to SQL Server)	cls_condbmiddle.chk_connect_db()
2024-10-24 06:09:24:728	_Error	ไม่สามารถเชื่อมต่อ Server Middle	frmMain.CheckConnectMiddleAndSecuill
2024-10-24 06:09:26:673	Status	กำลังเชื่อมต่อใหม่อีกครั้ง Server Middle	frmMain.CheckConnectMiddleAndSecuill
2024-10-24 06:09:43:521	_Error	A network-related or instance-specific error occurred while establishing a connection to SQL Server. The server was not found or was not accessible. Verify that the instance name is correct and that SQL Server is configured to allow remote connections. (provider: Named Pipes Provider, error: 40 - Could not open a connection to SQL Server)	cls_condbsecuill.chk_connect_db
2024-10-24 06:09:45:438	_Error	ไม่สามารถเชื่อมต่อ Server secuill	frmMain.CheckConnectMiddleAndSecuill
2024-10-24 06:09:47:350	Status	กำลังเชื่อมต่อใหม่อีกครั้ง Server secuill	frmMain.CheckConnectMiddleAndSecuill
2024-10-24 06:10:10:657	ERROR	A network-related or instance-specific error occurred while establishing a connection to SQL Server. The server was not found or was not accessible. Verify that the instance name is correct and that SQL Server is configured to allow remote connections. (provider: Named Pipes Provider, error: 40 - Could not open a connection to SQL Server)	cls_condbmiddle.chk_connect_db()
2024-10-24 06:10:12:359	_Error	ไม่สามารถเชื่อมต่อ Server Middle	frmMain.CheckConnectMiddleAndSecuill
2024-10-24 06:10:14:310	Status	กำลังเชื่อมต่อใหม่อีกครั้ง Server Middle	frmMain.CheckConnectMiddleAndSecuill
2024-10-24 06:10:31:102	_Error	A network-related or instance-specific error occurred while establishing a connection to SQL Server. The server was not found or was not accessible. Verify that the instance name is correct and that SQL Server is configured to allow remote connections. (provider: Named Pipes Provider, error: 40 - Could not open a connection to SQL Server)	cls_condbsecuill.chk_connect_db
2024-10-24 06:10:33:008	_Error	ไม่สามารถเชื่อมต่อ Server secuill	frmMain.CheckConnectMiddleAndSecuill
2024-10-24 06:10:34:921	Status	กำลังเชื่อมต่อใหม่อีกครั้ง Server secuill	frmMain.CheckConnectMiddleAndSecuill
2024-10-24 06:10:58:141	ERROR	A network-related or instance-specific error occurred while establishing a connection to SQL Server. The server was not found or was not accessible. Verify that the instance name is correct and that SQL Server is configured to allow remote connections. (provider: Named Pipes Provider, error: 40 - Could not open a connection to SQL Server)	cls_condbmiddle.chk_connect_db()
2024-10-24 06:10:59:929	_Error	ไม่สามารถเชื่อมต่อ Server Middle	frmMain.CheckConnectMiddleAndSecuill
2024-10-24 06:11:01:870	Status	กำลังเชื่อมต่อใหม่อีกครั้ง Server Middle	frmMain.CheckConnectMiddleAndSecuill
2024-10-24 06:11:18:698	_Error	A network-related or instance-specific error occurred while establishing a connection to SQL Server. The server was not found or was not accessible. Verify that the instance name is correct and that SQL Server is configured to allow remote connections. (provider: Named Pipes Provider, error: 40 - Could not open a connection to SQL Server)	cls_condbsecuill.chk_connect_db
2024-10-24 06:11:20:620	_Error	ไม่สามารถเชื่อมต่อ Server secuill	frmMain.CheckConnectMiddleAndSecuill
2024-10-24 06:11:22:536	Status	กำลังเชื่อมต่อใหม่อีกครั้ง Server secuill	frmMain.CheckConnectMiddleAndSecuill
2024-10-24 06:11:45:618	ERROR	A network-related or instance-specific error occurred while establishing a connection to SQL Server. The server was not found or was not accessible. Verify that the instance name is correct and that SQL Server is configured to allow remote connections. (provider: Named Pipes Provider, error: 40 - Could not open a connection to SQL Server)	cls_condbmiddle.chk_connect_db()
2024-10-24 06:11:47:503	_Error	ไม่สามารถเชื่อมต่อ Server Middle	frmMain.CheckConnectMiddleAndSecuill
2024-10-24 06:11:49:450	Status	กำลังเชื่อมต่อใหม่อีกครั้ง Server Middle	frmMain.CheckConnectMiddleAndSecuill
2024-10-24 06:12:06:280	_Error	A network-related or instance-specific error occurred while establishing a connection to SQL Server. The server was not found or was not accessible. Verify that the instance name is correct and that SQL Server is configured to allow remote connections. (provider: Named Pipes Provider, error: 40 - Could not open a connection to SQL Server)	cls_condbsecuill.chk_connect_db
2024-10-24 06:12:08:199	_Error	ไม่สามารถเชื่อมต่อ Server secuill	frmMain.CheckConnectMiddleAndSecuill
2024-10-24 06:12:10:131	Status	กำลังเชื่อมต่อใหม่อีกครั้ง Server secuill	frmMain.CheckConnectMiddleAndSecuill
2024-10-24 06:12:23:087	ERROR	A network-related or instance-specific error occurred while establishing a connection to SQL Server. The server was not found or was not accessible. Verify that the instance name is correct and that SQL Server is configured to allow remote connections. (provider: SQL Network Interfaces, error: 26 - Error Locating Server/Instance Specified)	 (cls_condbserver.ExecuteNonQuery())
2024-10-24 06:12:33:096	ERROR	A network-related or instance-specific error occurred while establishing a connection to SQL Server. The server was not found or was not accessible. Verify that the instance name is correct and that SQL Server is configured to allow remote connections. (provider: Named Pipes Provider, error: 40 - Could not open a connection to SQL Server)	cls_condbmiddle.chk_connect_db()
2024-10-24 06:12:34:625	_Error	ไม่สามารถเชื่อมต่อ Server Middle	frmMain.CheckConnectMiddleAndSecuill
2024-10-24 06:12:36:573	Status	กำลังเชื่อมต่อใหม่อีกครั้ง Server Middle	frmMain.CheckConnectMiddleAndSecuill
2024-10-24 06:12:53:393	_Error	A network-related or instance-specific error occurred while establishing a connection to SQL Server. The server was not found or was not accessible. Verify that the instance name is correct and that SQL Server is configured to allow remote connections. (provider: Named Pipes Provider, error: 40 - Could not open a connection to SQL Server)	cls_condbsecuill.chk_connect_db
2024-10-24 06:12:55:308	_Error	ไม่สามารถเชื่อมต่อ Server secuill	frmMain.CheckConnectMiddleAndSecuill
2024-10-24 06:12:57:218	Status	กำลังเชื่อมต่อใหม่อีกครั้ง Server secuill	frmMain.CheckConnectMiddleAndSecuill
2024-10-24 06:13:20:529	ERROR	A network-related or instance-specific error occurred while establishing a connection to SQL Server. The server was not found or was not accessible. Verify that the instance name is correct and that SQL Server is configured to allow remote connections. (provider: Named Pipes Provider, error: 40 - Could not open a connection to SQL Server)	cls_condbmiddle.chk_connect_db()
2024-10-24 06:13:22:146	_Error	ไม่สามารถเชื่อมต่อ Server Middle	frmMain.CheckConnectMiddleAndSecuill
2024-10-24 06:13:24:094	Status	กำลังเชื่อมต่อใหม่อีกครั้ง Server Middle	frmMain.CheckConnectMiddleAndSecuill
2024-10-24 06:13:40:871	_Error	A network-related or instance-specific error occurred while establishing a connection to SQL Server. The server was not found or was not accessible. Verify that the instance name is correct and that SQL Server is configured to allow remote connections. (provider: Named Pipes Provider, error: 40 - Could not open a connection to SQL Server)	cls_condbsecuill.chk_connect_db
2024-10-24 06:13:42:786	_Error	ไม่สามารถเชื่อมต่อ Server secuill	frmMain.CheckConnectMiddleAndSecuill
2024-10-24 06:13:44:694	Status	กำลังเชื่อมต่อใหม่อีกครั้ง Server secuill	frmMain.CheckConnectMiddleAndSecuill
2024-10-24 06:14:08:023	ERROR	A network-related or instance-specific error occurred while establishing a connection to SQL Server. The server was not found or was not accessible. Verify that the instance name is correct and that SQL Server is configured to allow remote connections. (provider: Named Pipes Provider, error: 40 - Could not open a connection to SQL Server)	cls_condbmiddle.chk_connect_db()
2024-10-24 06:14:09:669	_Error	ไม่สามารถเชื่อมต่อ Server Middle	frmMain.CheckConnectMiddleAndSecuill
2024-10-24 06:14:11:616	Status	กำลังเชื่อมต่อใหม่อีกครั้ง Server Middle	frmMain.CheckConnectMiddleAndSecuill
2024-10-24 06:14:28:422	_Error	A network-related or instance-specific error occurred while establishing a connection to SQL Server. The server was not found or was not accessible. Verify that the instance name is correct and that SQL Server is configured to allow remote connections. (provider: Named Pipes Provider, error: 40 - Could not open a connection to SQL Server)	cls_condbsecuill.chk_connect_db
2024-10-24 06:14:30:341	_Error	ไม่สามารถเชื่อมต่อ Server secuill	frmMain.CheckConnectMiddleAndSecuill
2024-10-24 06:14:32:265	Status	กำลังเชื่อมต่อใหม่อีกครั้ง Server secuill	frmMain.CheckConnectMiddleAndSecuill
2024-10-24 06:14:55:518	ERROR	A network-related or instance-specific error occurred while establishing a connection to SQL Server. The server was not found or was not accessible. Verify that the instance name is correct and that SQL Server is configured to allow remote connections. (provider: Named Pipes Provider, error: 40 - Could not open a connection to SQL Server)	cls_condbmiddle.chk_connect_db()
2024-10-24 06:14:57:293	_Error	ไม่สามารถเชื่อมต่อ Server Middle	frmMain.CheckConnectMiddleAndSecuill
2024-10-24 06:14:59:236	Status	กำลังเชื่อมต่อใหม่อีกครั้ง Server Middle	frmMain.CheckConnectMiddleAndSecuill
2024-10-24 06:15:16:050	_Error	A network-related or instance-specific error occurred while establishing a connection to SQL Server. The server was not found or was not accessible. Verify that the instance name is correct and that SQL Server is configured to allow remote connections. (provider: Named Pipes Provider, error: 40 - Could not open a connection to SQL Server)	cls_condbsecuill.chk_connect_db
2024-10-24 06:15:17:967	_Error	ไม่สามารถเชื่อมต่อ Server secuill	frmMain.CheckConnectMiddleAndSecuill
2024-10-24 06:15:19:886	Status	กำลังเชื่อมต่อใหม่อีกครั้ง Server secuill	frmMain.CheckConnectMiddleAndSecuill
2024-10-24 06:15:42:980	ERROR	A network-related or instance-specific error occurred while establishing a connection to SQL Server. The server was not found or was not accessible. Verify that the instance name is correct and that SQL Server is configured to allow remote connections. (provider: Named Pipes Provider, error: 40 - Could not open a connection to SQL Server)	cls_condbmiddle.chk_connect_db()
2024-10-24 06:15:44:929	_Error	ไม่สามารถเชื่อมต่อ Server Middle	frmMain.CheckConnectMiddleAndSecuill
2024-10-24 06:15:46:883	Status	กำลังเชื่อมต่อใหม่อีกครั้ง Server Middle	frmMain.CheckConnectMiddleAndSecuill
2024-10-24 06:16:03:170	_Error	A network-related or instance-specific error occurred while establishing a connection to SQL Server. The server was not found or was not accessible. Verify that the instance name is correct and that SQL Server is configured to allow remote connections. (provider: Named Pipes Provider, error: 40 - Could not open a connection to SQL Server)	cls_condbsecuill.chk_connect_db
2024-10-24 06:16:05:092	_Error	ไม่สามารถเชื่อมต่อ Server secuill	frmMain.CheckConnectMiddleAndSecuill
2024-10-24 06:16:07:004	Status	กำลังเชื่อมต่อใหม่อีกครั้ง Server secuill	frmMain.CheckConnectMiddleAndSecuill
2024-10-24 06:16:30:453	ERROR	A network-related or instance-specific error occurred while establishing a connection to SQL Server. The server was not found or was not accessible. Verify that the instance name is correct and that SQL Server is configured to allow remote connections. (provider: Named Pipes Provider, error: 40 - Could not open a connection to SQL Server)	cls_condbmiddle.chk_connect_db()
2024-10-24 06:16:31:983	_Error	ไม่สามารถเชื่อมต่อ Server Middle	frmMain.CheckConnectMiddleAndSecuill
2024-10-24 06:16:33:926	Status	กำลังเชื่อมต่อใหม่อีกครั้ง Server Middle	frmMain.CheckConnectMiddleAndSecuill
2024-10-24 06:16:50:703	_Error	A network-related or instance-specific error occurred while establishing a connection to SQL Server. The server was not found or was not accessible. Verify that the instance name is correct and that SQL Server is configured to allow remote connections. (provider: Named Pipes Provider, error: 40 - Could not open a connection to SQL Server)	cls_condbsecuill.chk_connect_db
2024-10-24 06:16:52:617	_Error	ไม่สามารถเชื่อมต่อ Server secuill	frmMain.CheckConnectMiddleAndSecuill
2024-10-24 06:16:54:526	Status	กำลังเชื่อมต่อใหม่อีกครั้ง Server secuill	frmMain.CheckConnectMiddleAndSecuill
2024-10-24 06:17:07:932	ERROR	A network-related or instance-specific error occurred while establishing a connection to SQL Server. The server was not found or was not accessible. Verify that the instance name is correct and that SQL Server is configured to allow remote connections. (provider: SQL Network Interfaces, error: 26 - Error Locating Server/Instance Specified)	 (cls_condbserver.ExecuteNonQuery())
2024-10-24 06:17:17:959	ERROR	A network-related or instance-specific error occurred while establishing a connection to SQL Server. The server was not found or was not accessible. Verify that the instance name is correct and that SQL Server is configured to allow remote connections. (provider: Named Pipes Provider, error: 40 - Could not open a connection to SQL Server)	cls_condbmiddle.chk_connect_db()
2024-10-24 06:17:19:563	_Error	ไม่สามารถเชื่อมต่อ Server Middle	frmMain.CheckConnectMiddleAndSecuill
2024-10-24 06:17:21:500	Status	กำลังเชื่อมต่อใหม่อีกครั้ง Server Middle	frmMain.CheckConnectMiddleAndSecuill
2024-10-24 06:17:38:327	_Error	A network-related or instance-specific error occurred while establishing a connection to SQL Server. The server was not found or was not accessible. Verify that the instance name is correct and that SQL Server is configured to allow remote connections. (provider: Named Pipes Provider, error: 40 - Could not open a connection to SQL Server)	cls_condbsecuill.chk_connect_db
2024-10-24 06:17:40:247	_Error	ไม่สามารถเชื่อมต่อ Server secuill	frmMain.CheckConnectMiddleAndSecuill
2024-10-24 06:17:42:161	Status	กำลังเชื่อมต่อใหม่อีกครั้ง Server secuill	frmMain.CheckConnectMiddleAndSecuill
2024-10-24 06:18:05:416	ERROR	A network-related or instance-specific error occurred while establishing a connection to SQL Server. The server was not found or was not accessible. Verify that the instance name is correct and that SQL Server is configured to allow remote connections. (provider: Named Pipes Provider, error: 40 - Could not open a connection to SQL Server)	cls_condbmiddle.chk_connect_db()
2024-10-24 06:18:07:204	_Error	ไม่สามารถเชื่อมต่อ Server Middle	frmMain.CheckConnectMiddleAndSecuill
2024-10-24 06:18:09:148	Status	กำลังเชื่อมต่อใหม่อีกครั้ง Server Middle	frmMain.CheckConnectMiddleAndSecuill
2024-10-24 06:18:25:964	_Error	A network-related or instance-specific error occurred while establishing a connection to SQL Server. The server was not found or was not accessible. Verify that the instance name is correct and that SQL Server is configured to allow remote connections. (provider: Named Pipes Provider, error: 40 - Could not open a connection to SQL Server)	cls_condbsecuill.chk_connect_db
2024-10-24 06:18:27:883	_Error	ไม่สามารถเชื่อมต่อ Server secuill	frmMain.CheckConnectMiddleAndSecuill
2024-10-24 06:18:29:806	Status	กำลังเชื่อมต่อใหม่อีกครั้ง Server secuill	frmMain.CheckConnectMiddleAndSecuill
2024-10-24 06:18:52:908	ERROR	A network-related or instance-specific error occurred while establishing a connection to SQL Server. The server was not found or was not accessible. Verify that the instance name is correct and that SQL Server is configured to allow remote connections. (provider: Named Pipes Provider, error: 40 - Could not open a connection to SQL Server)	cls_condbmiddle.chk_connect_db()
2024-10-24 06:18:54:786	_Error	ไม่สามารถเชื่อมต่อ Server Middle	frmMain.CheckConnectMiddleAndSecuill
2024-10-24 06:18:56:733	Status	กำลังเชื่อมต่อใหม่อีกครั้ง Server Middle	frmMain.CheckConnectMiddleAndSecuill
2024-10-24 06:19:13:494	_Error	A network-related or instance-specific error occurred while establishing a connection to SQL Server. The server was not found or was not accessible. Verify that the instance name is correct and that SQL Server is configured to allow remote connections. (provider: Named Pipes Provider, error: 40 - Could not open a connection to SQL Server)	cls_condbsecuill.chk_connect_db
2024-10-24 06:19:15:407	_Error	ไม่สามารถเชื่อมต่อ Server secuill	frmMain.CheckConnectMiddleAndSecuill
2024-10-24 06:19:17:323	Status	กำลังเชื่อมต่อใหม่อีกครั้ง Server secuill	frmMain.CheckConnectMiddleAndSecuill
2024-10-24 06:19:40:405	ERROR	A network-related or instance-specific error occurred while establishing a connection to SQL Server. The server was not found or was not accessible. Verify that the instance name is correct and that SQL Server is configured to allow remote connections. (provider: Named Pipes Provider, error: 40 - Could not open a connection to SQL Server)	cls_condbmiddle.chk_connect_db()
2024-10-24 06:19:42:366	_Error	ไม่สามารถเชื่อมต่อ Server Middle	frmMain.CheckConnectMiddleAndSecuill
2024-10-24 06:19:44:307	Status	กำลังเชื่อมต่อใหม่อีกครั้ง Server Middle	frmMain.CheckConnectMiddleAndSecuill
2024-10-24 06:20:00:604	_Error	A network-related or instance-specific error occurred while establishing a connection to SQL Server. The server was not found or was not accessible. Verify that the instance name is correct and that SQL Server is configured to allow remote connections. (provider: Named Pipes Provider, error: 40 - Could not open a connection to SQL Server)	cls_condbsecuill.chk_connect_db
2024-10-24 06:20:02:519	_Error	ไม่สามารถเชื่อมต่อ Server secuill	frmMain.CheckConnectMiddleAndSecuill
2024-10-24 06:20:04:429	Status	กำลังเชื่อมต่อใหม่อีกครั้ง Server secuill	frmMain.CheckConnectMiddleAndSecuill
2024-10-24 06:20:27:899	ERROR	A network-related or instance-specific error occurred while establishing a connection to SQL Server. The server was not found or was not accessible. Verify that the instance name is correct and that SQL Server is configured to allow remote connections. (provider: Named Pipes Provider, error: 40 - Could not open a connection to SQL Server)	cls_condbmiddle.chk_connect_db()
2024-10-24 06:20:29:420	_Error	ไม่สามารถเชื่อมต่อ Server Middle	frmMain.CheckConnectMiddleAndSecuill
2024-10-24 06:20:31:366	Status	กำลังเชื่อมต่อใหม่อีกครั้ง Server Middle	frmMain.CheckConnectMiddleAndSecuill
2024-10-24 06:20:48:156	_Error	A network-related or instance-specific error occurred while establishing a connection to SQL Server. The server was not found or was not accessible. Verify that the instance name is correct and that SQL Server is configured to allow remote connections. (provider: Named Pipes Provider, error: 40 - Could not open a connection to SQL Server)	cls_condbsecuill.chk_connect_db
2024-10-24 06:20:50:078	_Error	ไม่สามารถเชื่อมต่อ Server secuill	frmMain.CheckConnectMiddleAndSecuill
2024-10-24 06:20:51:993	Status	กำลังเชื่อมต่อใหม่อีกครั้ง Server secuill	frmMain.CheckConnectMiddleAndSecuill
2024-10-24 06:21:15:388	ERROR	A network-related or instance-specific error occurred while establishing a connection to SQL Server. The server was not found or was not accessible. Verify that the instance name is correct and that SQL Server is configured to allow remote connections. (provider: Named Pipes Provider, error: 40 - Could not open a connection to SQL Server)	cls_condbmiddle.chk_connect_db()
2024-10-24 06:21:16:992	_Error	ไม่สามารถเชื่อมต่อ Server Middle	frmMain.CheckConnectMiddleAndSecuill
2024-10-24 06:21:18:952	Status	กำลังเชื่อมต่อใหม่อีกครั้ง Server Middle	frmMain.CheckConnectMiddleAndSecuill
2024-10-24 06:21:35:793	_Error	A network-related or instance-specific error occurred while establishing a connection to SQL Server. The server was not found or was not accessible. Verify that the instance name is correct and that SQL Server is configured to allow remote connections. (provider: Named Pipes Provider, error: 40 - Could not open a connection to SQL Server)	cls_condbsecuill.chk_connect_db
2024-10-24 06:21:37:705	_Error	ไม่สามารถเชื่อมต่อ Server secuill	frmMain.CheckConnectMiddleAndSecuill
2024-10-24 06:21:39:624	Status	กำลังเชื่อมต่อใหม่อีกครั้ง Server secuill	frmMain.CheckConnectMiddleAndSecuill
2024-10-24 06:21:52:847	ERROR	A network-related or instance-specific error occurred while establishing a connection to SQL Server. The server was not found or was not accessible. Verify that the instance name is correct and that SQL Server is configured to allow remote connections. (provider: SQL Network Interfaces, error: 26 - Error Locating Server/Instance Specified)	 (cls_condbserver.ExecuteNonQuery())
2024-10-24 06:22:02:858	ERROR	A network-related or instance-specific error occurred while establishing a connection to SQL Server. The server was not found or was not accessible. Verify that the instance name is correct and that SQL Server is configured to allow remote connections. (provider: Named Pipes Provider, error: 40 - Could not open a connection to SQL Server)	cls_condbmiddle.chk_connect_db()
2024-10-24 06:22:04:633	_Error	ไม่สามารถเชื่อมต่อ Server Middle	frmMain.CheckConnectMiddleAndSecuill
2024-10-24 06:22:06:577	Status	กำลังเชื่อมต่อใหม่อีกครั้ง Server Middle	frmMain.CheckConnectMiddleAndSecuill
2024-10-24 06:22:23:399	_Error	A network-related or instance-specific error occurred while establishing a connection to SQL Server. The server was not found or was not accessible. Verify that the instance name is correct and that SQL Server is configured to allow remote connections. (provider: Named Pipes Provider, error: 40 - Could not open a connection to SQL Server)	cls_condbsecuill.chk_connect_db
2024-10-24 06:22:25:313	_Error	ไม่สามารถเชื่อมต่อ Server secuill	frmMain.CheckConnectMiddleAndSecuill
2024-10-24 06:22:27:226	Status	กำลังเชื่อมต่อใหม่อีกครั้ง Server secuill	frmMain.CheckConnectMiddleAndSecuill
2024-10-24 06:22:50:311	ERROR	A network-related or instance-specific error occurred while establishing a connection to SQL Server. The server was not found or was not accessible. Verify that the instance name is correct and that SQL Server is configured to allow remote connections. (provider: Named Pipes Provider, error: 40 - Could not open a connection to SQL Server)	cls_condbmiddle.chk_connect_db()
2024-10-24 06:22:52:261	_Error	ไม่สามารถเชื่อมต่อ Server Middle	frmMain.CheckConnectMiddleAndSecuill
2024-10-24 06:22:54:196	Status	กำลังเชื่อมต่อใหม่อีกครั้ง Server Middle	frmMain.CheckConnectMiddleAndSecuill
2024-10-24 06:23:10:497	_Error	A network-related or instance-specific error occurred while establishing a connection to SQL Server. The server was not found or was not accessible. Verify that the instance name is correct and that SQL Server is configured to allow remote connections. (provider: Named Pipes Provider, error: 40 - Could not open a connection to SQL Server)	cls_condbsecuill.chk_connect_db
2024-10-24 06:23:12:408	_Error	ไม่สามารถเชื่อมต่อ Server secuill	frmMain.CheckConnectMiddleAndSecuill
2024-10-24 06:23:14:325	Status	กำลังเชื่อมต่อใหม่อีกครั้ง Server secuill	frmMain.CheckConnectMiddleAndSecuill
2024-10-24 06:23:37:764	ERROR	A network-related or instance-specific error occurred while establishing a connection to SQL Server. The server was not found or was not accessible. Verify that the instance name is correct and that SQL Server is configured to allow remote connections. (provider: Named Pipes Provider, error: 40 - Could not open a connection to SQL Server)	cls_condbmiddle.chk_connect_db()
2024-10-24 06:23:39:345	_Error	ไม่สามารถเชื่อมต่อ Server Middle	frmMain.CheckConnectMiddleAndSecuill
2024-10-24 06:23:41:288	Status	กำลังเชื่อมต่อใหม่อีกครั้ง Server Middle	frmMain.CheckConnectMiddleAndSecuill
2024-10-24 06:23:58:116	_Error	A network-related or instance-specific error occurred while establishing a connection to SQL Server. The server was not found or was not accessible. Verify that the instance name is correct and that SQL Server is configured to allow remote connections. (provider: Named Pipes Provider, error: 40 - Could not open a connection to SQL Server)	cls_condbsecuill.chk_connect_db
2024-10-24 06:24:00:029	_Error	ไม่สามารถเชื่อมต่อ Server secuill	frmMain.CheckConnectMiddleAndSecuill
2024-10-24 06:24:01:941	Status	กำลังเชื่อมต่อใหม่อีกครั้ง Server secuill	frmMain.CheckConnectMiddleAndSecuill
2024-10-24 06:24:25:210	ERROR	A network-related or instance-specific error occurred while establishing a connection to SQL Server. The server was not found or was not accessible. Verify that the instance name is correct and that SQL Server is configured to allow remote connections. (provider: Named Pipes Provider, error: 40 - Could not open a connection to SQL Server)	cls_condbmiddle.chk_connect_db()
2024-10-24 06:24:26:994	_Error	ไม่สามารถเชื่อมต่อ Server Middle	frmMain.CheckConnectMiddleAndSecuill
2024-10-24 06:24:28:945	Status	กำลังเชื่อมต่อใหม่อีกครั้ง Server Middle	frmMain.CheckConnectMiddleAndSecuill
2024-10-24 06:24:45:730	_Error	A network-related or instance-specific error occurred while establishing a connection to SQL Server. The server was not found or was not accessible. Verify that the instance name is correct and that SQL Server is configured to allow remote connections. (provider: Named Pipes Provider, error: 40 - Could not open a connection to SQL Server)	cls_condbsecuill.chk_connect_db
2024-10-24 06:24:47:642	_Error	ไม่สามารถเชื่อมต่อ Server secuill	frmMain.CheckConnectMiddleAndSecuill
2024-10-24 06:24:49:557	Status	กำลังเชื่อมต่อใหม่อีกครั้ง Server secuill	frmMain.CheckConnectMiddleAndSecuill
2024-10-24 06:25:12:715	ERROR	A network-related or instance-specific error occurred while establishing a connection to SQL Server. The server was not found or was not accessible. Verify that the instance name is correct and that SQL Server is configured to allow remote connections. (provider: Named Pipes Provider, error: 40 - Could not open a connection to SQL Server)	cls_condbmiddle.chk_connect_db()
2024-10-24 06:25:14:627	_Error	ไม่สามารถเชื่อมต่อ Server Middle	frmMain.CheckConnectMiddleAndSecuill
2024-10-24 06:25:16:568	Status	กำลังเชื่อมต่อใหม่อีกครั้ง Server Middle	frmMain.CheckConnectMiddleAndSecuill
2024-10-24 06:25:33:371	_Error	A network-related or instance-specific error occurred while establishing a connection to SQL Server. The server was not found or was not accessible. Verify that the instance name is correct and that SQL Server is configured to allow remote connections. (provider: Named Pipes Provider, error: 40 - Could not open a connection to SQL Server)	cls_condbsecuill.chk_connect_db
2024-10-24 06:25:35:283	_Error	ไม่สามารถเชื่อมต่อ Server secuill	frmMain.CheckConnectMiddleAndSecuill
2024-10-24 06:25:37:204	Status	กำลังเชื่อมต่อใหม่อีกครั้ง Server secuill	frmMain.CheckConnectMiddleAndSecuill
2024-10-24 06:26:00:160	ERROR	A network-related or instance-specific error occurred while establishing a connection to SQL Server. The server was not found or was not accessible. Verify that the instance name is correct and that SQL Server is configured to allow remote connections. (provider: Named Pipes Provider, error: 40 - Could not open a connection to SQL Server)	cls_condbmiddle.chk_connect_db()
2024-10-24 06:26:01:698	_Error	ไม่สามารถเชื่อมต่อ Server Middle	frmMain.CheckConnectMiddleAndSecuill
2024-10-24 06:26:03:641	Status	กำลังเชื่อมต่อใหม่อีกครั้ง Server Middle	frmMain.CheckConnectMiddleAndSecuill
2024-10-24 06:26:20:450	_Error	A network-related or instance-specific error occurred while establishing a connection to SQL Server. The server was not found or was not accessible. Verify that the instance name is correct and that SQL Server is configured to allow remote connections. (provider: Named Pipes Provider, error: 40 - Could not open a connection to SQL Server)	cls_condbsecuill.chk_connect_db
2024-10-24 06:26:22:370	_Error	ไม่สามารถเชื่อมต่อ Server secuill	frmMain.CheckConnectMiddleAndSecuill
2024-10-24 06:26:24:282	Status	กำลังเชื่อมต่อใหม่อีกครั้ง Server secuill	frmMain.CheckConnectMiddleAndSecuill
2024-10-24 06:26:37:642	ERROR	A network-related or instance-specific error occurred while establishing a connection to SQL Server. The server was not found or was not accessible. Verify that the instance name is correct and that SQL Server is configured to allow remote connections. (provider: SQL Network Interfaces, error: 26 - Error Locating Server/Instance Specified)	 (cls_condbserver.ExecuteNonQuery())
2024-10-24 06:26:39:505	_Error	A network-related or instance-specific error occurred while establishing a connection to SQL Server. The server was not found or was not accessible. Verify that the instance name is correct and that SQL Server is configured to allow remote connections. (provider: Named Pipes Provider, error: 40 - Could not open a connection to SQL Server)	cls_condbsecuill.chk_connect_db
2024-10-24 06:26:47:668	ERROR	A network-related or instance-specific error occurred while establishing a connection to SQL Server. The server was not found or was not accessible. Verify that the instance name is correct and that SQL Server is configured to allow remote connections. (provider: Named Pipes Provider, error: 40 - Could not open a connection to SQL Server)	cls_condbmiddle.chk_connect_db()
2024-10-24 06:26:49:138	_Error	ไม่สามารถเชื่อมต่อ Server Middle	frmMain.CheckConnectMiddleAndSecuill
2024-10-24 06:26:51:602	Status	กำลังเชื่อมต่อใหม่อีกครั้ง Server Middle	frmMain.CheckConnectMiddleAndSecuill
2024-10-24 06:27:07:870	_Error	A network-related or instance-specific error occurred while establishing a connection to SQL Server. The server was not found or was not accessible. Verify that the instance name is correct and that SQL Server is configured to allow remote connections. (provider: Named Pipes Provider, error: 40 - Could not open a connection to SQL Server)	cls_condbsecuill.chk_connect_db
2024-10-24 06:27:09:793	_Error	ไม่สามารถเชื่อมต่อ Server secuill	frmMain.CheckConnectMiddleAndSecuill
2024-10-24 06:27:11:706	Status	กำลังเชื่อมต่อใหม่อีกครั้ง Server secuill	frmMain.CheckConnectMiddleAndSecuill
2024-10-24 06:27:25:117	ERROR	A network-related or instance-specific error occurred while establishing a connection to SQL Server. The server was not found or was not accessible. Verify that the instance name is correct and that SQL Server is configured to allow remote connections. (provider: SQL Network Interfaces, error: 26 - Error Locating Server/Instance Specified)	 (cls_condbserver.ExecuteNonQuery())
2024-10-24 06:27:35:135	ERROR	A network-related or instance-specific error occurred while establishing a connection to SQL Server. The server was not found or was not accessible. Verify that the instance name is correct and that SQL Server is configured to allow remote connections. (provider: Named Pipes Provider, error: 40 - Could not open a connection to SQL Server)	cls_condbmiddle.chk_connect_db()
2024-10-24 06:27:36:681	_Error	ไม่สามารถเชื่อมต่อ Server Middle	frmMain.CheckConnectMiddleAndSecuill
2024-10-24 06:27:38:629	Status	กำลังเชื่อมต่อใหม่อีกครั้ง Server Middle	frmMain.CheckConnectMiddleAndSecuill
2024-10-24 06:27:55:432	_Error	A network-related or instance-specific error occurred while establishing a connection to SQL Server. The server was not found or was not accessible. Verify that the instance name is correct and that SQL Server is configured to allow remote connections. (provider: Named Pipes Provider, error: 40 - Could not open a connection to SQL Server)	cls_condbsecuill.chk_connect_db
2024-10-24 06:27:57:349	_Error	ไม่สามารถเชื่อมต่อ Server secuill	frmMain.CheckConnectMiddleAndSecuill
2024-10-24 06:27:59:254	Status	กำลังเชื่อมต่อใหม่อีกครั้ง Server secuill	frmMain.CheckConnectMiddleAndSecuill
2024-10-24 06:28:22:608	ERROR	A network-related or instance-specific error occurred while establishing a connection to SQL Server. The server was not found or was not accessible. Verify that the instance name is correct and that SQL Server is configured to allow remote connections. (provider: Named Pipes Provider, error: 40 - Could not open a connection to SQL Server)	cls_condbmiddle.chk_connect_db()
2024-10-24 06:28:24:287	_Error	ไม่สามารถเชื่อมต่อ Server Middle	frmMain.CheckConnectMiddleAndSecuill
2024-10-24 06:28:26:232	Status	กำลังเชื่อมต่อใหม่อีกครั้ง Server Middle	frmMain.CheckConnectMiddleAndSecuill
2024-10-24 06:28:43:068	_Error	A network-related or instance-specific error occurred while establishing a connection to SQL Server. The server was not found or was not accessible. Verify that the instance name is correct and that SQL Server is configured to allow remote connections. (provider: Named Pipes Provider, error: 40 - Could not open a connection to SQL Server)	cls_condbsecuill.chk_connect_db
2024-10-24 06:28:44:985	_Error	ไม่สามารถเชื่อมต่อ Server secuill	frmMain.CheckConnectMiddleAndSecuill
2024-10-24 06:28:46:901	Status	กำลังเชื่อมต่อใหม่อีกครั้ง Server secuill	frmMain.CheckConnectMiddleAndSecuill
2024-10-24 06:29:10:078	ERROR	A network-related or instance-specific error occurred while establishing a connection to SQL Server. The server was not found or was not accessible. Verify that the instance name is correct and that SQL Server is configured to allow remote connections. (provider: Named Pipes Provider, error: 40 - Could not open a connection to SQL Server)	cls_condbmiddle.chk_connect_db()
2024-10-24 06:29:11:881	_Error	ไม่สามารถเชื่อมต่อ Server Middle	frmMain.CheckConnectMiddleAndSecuill
2024-10-24 06:29:13:828	Status	กำลังเชื่อมต่อใหม่อีกครั้ง Server Middle	frmMain.CheckConnectMiddleAndSecuill
2024-10-24 06:29:30:628	_Error	A network-related or instance-specific error occurred while establishing a connection to SQL Server. The server was not found or was not accessible. Verify that the instance name is correct and that SQL Server is configured to allow remote connections. (provider: Named Pipes Provider, error: 40 - Could not open a connection to SQL Server)	cls_condbsecuill.chk_connect_db
2024-10-24 06:29:32:547	_Error	ไม่สามารถเชื่อมต่อ Server secuill	frmMain.CheckConnectMiddleAndSecuill
2024-10-24 06:29:34:467	Status	กำลังเชื่อมต่อใหม่อีกครั้ง Server secuill	frmMain.CheckConnectMiddleAndSecuill
2024-10-24 06:29:57:543	ERROR	A network-related or instance-specific error occurred while establishing a connection to SQL Server. The server was not found or was not accessible. Verify that the instance name is correct and that SQL Server is configured to allow remote connections. (provider: Named Pipes Provider, error: 40 - Could not open a connection to SQL Server)	cls_condbmiddle.chk_connect_db()
2024-10-24 06:29:59:458	_Error	ไม่สามารถเชื่อมต่อ Server Middle	frmMain.CheckConnectMiddleAndSecuill
2024-10-24 06:30:01:409	Status	กำลังเชื่อมต่อใหม่อีกครั้ง Server Middle	frmMain.CheckConnectMiddleAndSecuill
2024-10-24 06:30:18:203	_Error	A network-related or instance-specific error occurred while establishing a connection to SQL Server. The server was not found or was not accessible. Verify that the instance name is correct and that SQL Server is configured to allow remote connections. (provider: Named Pipes Provider, error: 40 - Could not open a connection to SQL Server)	cls_condbsecuill.chk_connect_db
2024-10-24 06:30:20:123	_Error	ไม่สามารถเชื่อมต่อ Server secuill	frmMain.CheckConnectMiddleAndSecuill
2024-10-24 06:30:22:042	Status	กำลังเชื่อมต่อใหม่อีกครั้ง Server secuill	frmMain.CheckConnectMiddleAndSecuill
2024-10-24 06:30:45:009	ERROR	A network-related or instance-specific error occurred while establishing a connection to SQL Server. The server was not found or was not accessible. Verify that the instance name is correct and that SQL Server is configured to allow remote connections. (provider: Named Pipes Provider, error: 40 - Could not open a connection to SQL Server)	cls_condbmiddle.chk_connect_db()
2024-10-24 06:30:46:502	_Error	ไม่สามารถเชื่อมต่อ Server Middle	frmMain.CheckConnectMiddleAndSecuill
2024-10-24 06:30:48:957	Status	กำลังเชื่อมต่อใหม่อีกครั้ง Server Middle	frmMain.CheckConnectMiddleAndSecuill
2024-10-24 06:31:05:266	_Error	A network-related or instance-specific error occurred while establishing a connection to SQL Server. The server was not found or was not accessible. Verify that the instance name is correct and that SQL Server is configured to allow remote connections. (provider: Named Pipes Provider, error: 40 - Could not open a connection to SQL Server)	cls_condbsecuill.chk_connect_db
2024-10-24 06:31:07:182	_Error	ไม่สามารถเชื่อมต่อ Server secuill	frmMain.CheckConnectMiddleAndSecuill
2024-10-24 06:31:09:099	Status	กำลังเชื่อมต่อใหม่อีกครั้ง Server secuill	frmMain.CheckConnectMiddleAndSecuill
2024-10-24 06:31:32:467	ERROR	A network-related or instance-specific error occurred while establishing a connection to SQL Server. The server was not found or was not accessible. Verify that the instance name is correct and that SQL Server is configured to allow remote connections. (provider: Named Pipes Provider, error: 40 - Could not open a connection to SQL Server)	cls_condbmiddle.chk_connect_db()
2024-10-24 06:31:34:106	_Error	ไม่สามารถเชื่อมต่อ Server Middle	frmMain.CheckConnectMiddleAndSecuill
2024-10-24 06:31:36:054	Status	กำลังเชื่อมต่อใหม่อีกครั้ง Server Middle	frmMain.CheckConnectMiddleAndSecuill
2024-10-24 06:31:52:881	_Error	A network-related or instance-specific error occurred while establishing a connection to SQL Server. The server was not found or was not accessible. Verify that the instance name is correct and that SQL Server is configured to allow remote connections. (provider: Named Pipes Provider, error: 40 - Could not open a connection to SQL Server)	cls_condbsecuill.chk_connect_db
2024-10-24 06:31:54:793	_Error	ไม่สามารถเชื่อมต่อ Server secuill	frmMain.CheckConnectMiddleAndSecuill
2024-10-24 06:31:56:713	Status	กำลังเชื่อมต่อใหม่อีกครั้ง Server secuill	frmMain.CheckConnectMiddleAndSecuill
2024-10-24 06:32:09:942	ERROR	A network-related or instance-specific error occurred while establishing a connection to SQL Server. The server was not found or was not accessible. Verify that the instance name is correct and that SQL Server is configured to allow remote connections. (provider: SQL Network Interfaces, error: 26 - Error Locating Server/Instance Specified)	 (cls_condbserver.ExecuteNonQuery())
2024-10-24 06:32:19:964	ERROR	A network-related or instance-specific error occurred while establishing a connection to SQL Server. The server was not found or was not accessible. Verify that the instance name is correct and that SQL Server is configured to allow remote connections. (provider: Named Pipes Provider, error: 40 - Could not open a connection to SQL Server)	cls_condbmiddle.chk_connect_db()
2024-10-24 06:32:21:729	_Error	ไม่สามารถเชื่อมต่อ Server Middle	frmMain.CheckConnectMiddleAndSecuill
2024-10-24 06:32:23:674	Status	กำลังเชื่อมต่อใหม่อีกครั้ง Server Middle	frmMain.CheckConnectMiddleAndSecuill
2024-10-24 06:32:40:476	_Error	A network-related or instance-specific error occurred while establishing a connection to SQL Server. The server was not found or was not accessible. Verify that the instance name is correct and that SQL Server is configured to allow remote connections. (provider: Named Pipes Provider, error: 40 - Could not open a connection to SQL Server)	cls_condbsecuill.chk_connect_db
2024-10-24 06:32:42:392	_Error	ไม่สามารถเชื่อมต่อ Server secuill	frmMain.CheckConnectMiddleAndSecuill
2024-10-24 06:32:44:307	Status	กำลังเชื่อมต่อใหม่อีกครั้ง Server secuill	frmMain.CheckConnectMiddleAndSecuill
2024-10-24 06:33:07:436	ERROR	A network-related or instance-specific error occurred while establishing a connection to SQL Server. The server was not found or was not accessible. Verify that the instance name is correct and that SQL Server is configured to allow remote connections. (provider: Named Pipes Provider, error: 40 - Could not open a connection to SQL Server)	cls_condbmiddle.chk_connect_db()
2024-10-24 06:33:09:358	_Error	ไม่สามารถเชื่อมต่อ Server Middle	frmMain.CheckConnectMiddleAndSecuill
2024-10-24 06:33:11:295	Status	กำลังเชื่อมต่อใหม่อีกครั้ง Server Middle	frmMain.CheckConnectMiddleAndSecuill
2024-10-24 06:33:27:613	_Error	A network-related or instance-specific error occurred while establishing a connection to SQL Server. The server was not found or was not accessible. Verify that the instance name is correct and that SQL Server is configured to allow remote connections. (provider: Named Pipes Provider, error: 40 - Could not open a connection to SQL Server)	cls_condbsecuill.chk_connect_db
2024-10-24 06:33:29:532	_Error	ไม่สามารถเชื่อมต่อ Server secuill	frmMain.CheckConnectMiddleAndSecuill
2024-10-24 06:33:31:448	Status	กำลังเชื่อมต่อใหม่อีกครั้ง Server secuill	frmMain.CheckConnectMiddleAndSecuill
2024-10-24 06:33:54:859	ERROR	A network-related or instance-specific error occurred while establishing a connection to SQL Server. The server was not found or was not accessible. Verify that the instance name is correct and that SQL Server is configured to allow remote connections. (provider: Named Pipes Provider, error: 40 - Could not open a connection to SQL Server)	cls_condbmiddle.chk_connect_db()
2024-10-24 06:33:56:472	_Error	ไม่สามารถเชื่อมต่อ Server Middle	frmMain.CheckConnectMiddleAndSecuill
2024-10-24 06:33:58:414	Status	กำลังเชื่อมต่อใหม่อีกครั้ง Server Middle	frmMain.CheckConnectMiddleAndSecuill
2024-10-24 06:34:15:238	_Error	A network-related or instance-specific error occurred while establishing a connection to SQL Server. The server was not found or was not accessible. Verify that the instance name is correct and that SQL Server is configured to allow remote connections. (provider: Named Pipes Provider, error: 40 - Could not open a connection to SQL Server)	cls_condbsecuill.chk_connect_db
2024-10-24 06:34:17:145	_Error	ไม่สามารถเชื่อมต่อ Server secuill	frmMain.CheckConnectMiddleAndSecuill
2024-10-24 06:34:19:065	Status	กำลังเชื่อมต่อใหม่อีกครั้ง Server secuill	frmMain.CheckConnectMiddleAndSecuill
2024-10-24 06:34:42:334	ERROR	A network-related or instance-specific error occurred while establishing a connection to SQL Server. The server was not found or was not accessible. Verify that the instance name is correct and that SQL Server is configured to allow remote connections. (provider: Named Pipes Provider, error: 40 - Could not open a connection to SQL Server)	cls_condbmiddle.chk_connect_db()
2024-10-24 06:34:44:028	_Error	ไม่สามารถเชื่อมต่อ Server Middle	frmMain.CheckConnectMiddleAndSecuill
2024-10-24 06:34:45:969	Status	กำลังเชื่อมต่อใหม่อีกครั้ง Server Middle	frmMain.CheckConnectMiddleAndSecuill
2024-10-24 06:35:02:772	_Error	A network-related or instance-specific error occurred while establishing a connection to SQL Server. The server was not found or was not accessible. Verify that the instance name is correct and that SQL Server is configured to allow remote connections. (provider: Named Pipes Provider, error: 40 - Could not open a connection to SQL Server)	cls_condbsecuill.chk_connect_db
2024-10-24 06:35:04:687	_Error	ไม่สามารถเชื่อมต่อ Server secuill	frmMain.CheckConnectMiddleAndSecuill
2024-10-24 06:35:06:606	Status	กำลังเชื่อมต่อใหม่อีกครั้ง Server secuill	frmMain.CheckConnectMiddleAndSecuill
2024-10-24 06:35:29:809	ERROR	A network-related or instance-specific error occurred while establishing a connection to SQL Server. The server was not found or was not accessible. Verify that the instance name is correct and that SQL Server is configured to allow remote connections. (provider: Named Pipes Provider, error: 40 - Could not open a connection to SQL Server)	cls_condbmiddle.chk_connect_db()
2024-10-24 06:35:31:518	_Error	ไม่สามารถเชื่อมต่อ Server Middle	frmMain.CheckConnectMiddleAndSecuill
2024-10-24 06:35:33:461	Status	กำลังเชื่อมต่อใหม่อีกครั้ง Server Middle	frmMain.CheckConnectMiddleAndSecuill
2024-10-24 06:35:50:225	_Error	A network-related or instance-specific error occurred while establishing a connection to SQL Server. The server was not found or was not accessible. Verify that the instance name is correct and that SQL Server is configured to allow remote connections. (provider: Named Pipes Provider, error: 40 - Could not open a connection to SQL Server)	cls_condbsecuill.chk_connect_db
2024-10-24 06:35:52:136	_Error	ไม่สามารถเชื่อมต่อ Server secuill	frmMain.CheckConnectMiddleAndSecuill
2024-10-24 06:35:54:057	Status	กำลังเชื่อมต่อใหม่อีกครั้ง Server secuill	frmMain.CheckConnectMiddleAndSecuill
2024-10-24 06:36:17:265	ERROR	A network-related or instance-specific error occurred while establishing a connection to SQL Server. The server was not found or was not accessible. Verify that the instance name is correct and that SQL Server is configured to allow remote connections. (provider: Named Pipes Provider, error: 40 - Could not open a connection to SQL Server)	cls_condbmiddle.chk_connect_db()
2024-10-24 06:36:19:081	_Error	ไม่สามารถเชื่อมต่อ Server Middle	frmMain.CheckConnectMiddleAndSecuill
2024-10-24 06:36:21:024	Status	กำลังเชื่อมต่อใหม่อีกครั้ง Server Middle	frmMain.CheckConnectMiddleAndSecuill
2024-10-24 06:36:37:843	_Error	A network-related or instance-specific error occurred while establishing a connection to SQL Server. The server was not found or was not accessible. Verify that the instance name is correct and that SQL Server is configured to allow remote connections. (provider: Named Pipes Provider, error: 40 - Could not open a connection to SQL Server)	cls_condbsecuill.chk_connect_db
2024-10-24 06:36:39:761	_Error	ไม่สามารถเชื่อมต่อ Server secuill	frmMain.CheckConnectMiddleAndSecuill
2024-10-24 06:36:41:694	Status	กำลังเชื่อมต่อใหม่อีกครั้ง Server secuill	frmMain.CheckConnectMiddleAndSecuill
2024-10-24 06:36:54:687	ERROR	A network-related or instance-specific error occurred while establishing a connection to SQL Server. The server was not found or was not accessible. Verify that the instance name is correct and that SQL Server is configured to allow remote connections. (provider: SQL Network Interfaces, error: 26 - Error Locating Server/Instance Specified)	 (cls_condbserver.ExecuteNonQuery())
2024-10-24 06:37:04:734	ERROR	A network-related or instance-specific error occurred while establishing a connection to SQL Server. The server was not found or was not accessible. Verify that the instance name is correct and that SQL Server is configured to allow remote connections. (provider: Named Pipes Provider, error: 40 - Could not open a connection to SQL Server)	cls_condbmiddle.chk_connect_db()
2024-10-24 06:37:06:192	_Error	ไม่สามารถเชื่อมต่อ Server Middle	frmMain.CheckConnectMiddleAndSecuill
2024-10-24 06:37:08:657	Status	กำลังเชื่อมต่อใหม่อีกครั้ง Server Middle	frmMain.CheckConnectMiddleAndSecuill
2024-10-24 06:37:24:970	_Error	A network-related or instance-specific error occurred while establishing a connection to SQL Server. The server was not found or was not accessible. Verify that the instance name is correct and that SQL Server is configured to allow remote connections. (provider: Named Pipes Provider, error: 40 - Could not open a connection to SQL Server)	cls_condbsecuill.chk_connect_db
2024-10-24 06:37:26:879	_Error	ไม่สามารถเชื่อมต่อ Server secuill	frmMain.CheckConnectMiddleAndSecuill
2024-10-24 06:37:28:792	Status	กำลังเชื่อมต่อใหม่อีกครั้ง Server secuill	frmMain.CheckConnectMiddleAndSecuill
2024-10-24 06:37:52:201	ERROR	A network-related or instance-specific error occurred while establishing a connection to SQL Server. The server was not found or was not accessible. Verify that the instance name is correct and that SQL Server is configured to allow remote connections. (provider: Named Pipes Provider, error: 40 - Could not open a connection to SQL Server)	cls_condbmiddle.chk_connect_db()
2024-10-24 06:37:53:800	_Error	ไม่สามารถเชื่อมต่อ Server Middle	frmMain.CheckConnectMiddleAndSecuill
2024-10-24 06:37:55:746	Status	กำลังเชื่อมต่อใหม่อีกครั้ง Server Middle	frmMain.CheckConnectMiddleAndSecuill
2024-10-24 06:38:12:549	_Error	A network-related or instance-specific error occurred while establishing a connection to SQL Server. The server was not found or was not accessible. Verify that the instance name is correct and that SQL Server is configured to allow remote connections. (provider: Named Pipes Provider, error: 40 - Could not open a connection to SQL Server)	cls_condbsecuill.chk_connect_db
2024-10-24 06:38:14:465	_Error	ไม่สามารถเชื่อมต่อ Server secuill	frmMain.CheckConnectMiddleAndSecuill
2024-10-24 06:38:16:380	Status	กำลังเชื่อมต่อใหม่อีกครั้ง Server secuill	frmMain.CheckConnectMiddleAndSecuill
2024-10-24 06:38:39:670	ERROR	A network-related or instance-specific error occurred while establishing a connection to SQL Server. The server was not found or was not accessible. Verify that the instance name is correct and that SQL Server is configured to allow remote connections. (provider: Named Pipes Provider, error: 40 - Could not open a connection to SQL Server)	cls_condbmiddle.chk_connect_db()
2024-10-24 06:38:41:403	_Error	ไม่สามารถเชื่อมต่อ Server Middle	frmMain.CheckConnectMiddleAndSecuill
2024-10-24 06:38:43:354	Status	กำลังเชื่อมต่อใหม่อีกครั้ง Server Middle	frmMain.CheckConnectMiddleAndSecuill
2024-10-24 06:39:00:143	_Error	A network-related or instance-specific error occurred while establishing a connection to SQL Server. The server was not found or was not accessible. Verify that the instance name is correct and that SQL Server is configured to allow remote connections. (provider: Named Pipes Provider, error: 40 - Could not open a connection to SQL Server)	cls_condbsecuill.chk_connect_db
2024-10-24 06:39:02:061	_Error	ไม่สามารถเชื่อมต่อ Server secuill	frmMain.CheckConnectMiddleAndSecuill
2024-10-24 06:39:03:983	Status	กำลังเชื่อมต่อใหม่อีกครั้ง Server secuill	frmMain.CheckConnectMiddleAndSecuill
2024-10-24 06:39:27:154	ERROR	A network-related or instance-specific error occurred while establishing a connection to SQL Server. The server was not found or was not accessible. Verify that the instance name is correct and that SQL Server is configured to allow remote connections. (provider: Named Pipes Provider, error: 40 - Could not open a connection to SQL Server)	cls_condbmiddle.chk_connect_db()
2024-10-24 06:39:29:005	_Error	ไม่สามารถเชื่อมต่อ Server Middle	frmMain.CheckConnectMiddleAndSecuill
2024-10-24 06:39:30:950	Status	กำลังเชื่อมต่อใหม่อีกครั้ง Server Middle	frmMain.CheckConnectMiddleAndSecuill
2024-10-24 06:39:47:763	_Error	A network-related or instance-specific error occurred while establishing a connection to SQL Server. The server was not found or was not accessible. Verify that the instance name is correct and that SQL Server is configured to allow remote connections. (provider: Named Pipes Provider, error: 40 - Could not open a connection to SQL Server)	cls_condbsecuill.chk_connect_db
2024-10-24 06:39:49:668	_Error	ไม่สามารถเชื่อมต่อ Server secuill	frmMain.CheckConnectMiddleAndSecuill
2024-10-24 06:39:51:593	Status	กำลังเชื่อมต่อใหม่อีกครั้ง Server secuill	frmMain.CheckConnectMiddleAndSecuill
2024-10-24 06:40:14:589	ERROR	A network-related or instance-specific error occurred while establishing a connection to SQL Server. The server was not found or was not accessible. Verify that the instance name is correct and that SQL Server is configured to allow remote connections. (provider: Named Pipes Provider, error: 40 - Could not open a connection to SQL Server)	cls_condbmiddle.chk_connect_db()
2024-10-24 06:40:16:080	_Error	ไม่สามารถเชื่อมต่อ Server Middle	frmMain.CheckConnectMiddleAndSecuill
2024-10-24 06:40:18:542	Status	กำลังเชื่อมต่อใหม่อีกครั้ง Server Middle	frmMain.CheckConnectMiddleAndSecuill
2024-10-24 06:40:34:846	_Error	A network-related or instance-specific error occurred while establishing a connection to SQL Server. The server was not found or was not accessible. Verify that the instance name is correct and that SQL Server is configured to allow remote connections. (provider: Named Pipes Provider, error: 40 - Could not open a connection to SQL Server)	cls_condbsecuill.chk_connect_db
2024-10-24 06:40:36:758	_Error	ไม่สามารถเชื่อมต่อ Server secuill	frmMain.CheckConnectMiddleAndSecuill
2024-10-24 06:40:38:674	Status	กำลังเชื่อมต่อใหม่อีกครั้ง Server secuill	frmMain.CheckConnectMiddleAndSecuill
2024-10-24 06:41:02:010	ERROR	A network-related or instance-specific error occurred while establishing a connection to SQL Server. The server was not found or was not accessible. Verify that the instance name is correct and that SQL Server is configured to allow remote connections. (provider: Named Pipes Provider, error: 40 - Could not open a connection to SQL Server)	cls_condbmiddle.chk_connect_db()
2024-10-24 06:41:03:650	_Error	ไม่สามารถเชื่อมต่อ Server Middle	frmMain.CheckConnectMiddleAndSecuill
2024-10-24 06:41:05:601	Status	กำลังเชื่อมต่อใหม่อีกครั้ง Server Middle	frmMain.CheckConnectMiddleAndSecuill
2024-10-24 06:41:22:436	_Error	A network-related or instance-specific error occurred while establishing a connection to SQL Server. The server was not found or was not accessible. Verify that the instance name is correct and that SQL Server is configured to allow remote connections. (provider: Named Pipes Provider, error: 40 - Could not open a connection to SQL Server)	cls_condbsecuill.chk_connect_db
2024-10-24 06:41:24:365	_Error	ไม่สามารถเชื่อมต่อ Server secuill	frmMain.CheckConnectMiddleAndSecuill
2024-10-24 06:41:26:287	Status	กำลังเชื่อมต่อใหม่อีกครั้ง Server secuill	frmMain.CheckConnectMiddleAndSecuill
2024-10-24 06:41:39:485	ERROR	A network-related or instance-specific error occurred while establishing a connection to SQL Server. The server was not found or was not accessible. Verify that the instance name is correct and that SQL Server is configured to allow remote connections. (provider: SQL Network Interfaces, error: 26 - Error Locating Server/Instance Specified)	 (cls_condbserver.ExecuteNonQuery())
2024-10-24 06:41:49:478	ERROR	A network-related or instance-specific error occurred while establishing a connection to SQL Server. The server was not found or was not accessible. Verify that the instance name is correct and that SQL Server is configured to allow remote connections. (provider: Named Pipes Provider, error: 40 - Could not open a connection to SQL Server)	cls_condbmiddle.chk_connect_db()
2024-10-24 06:41:51:281	_Error	ไม่สามารถเชื่อมต่อ Server Middle	frmMain.CheckConnectMiddleAndSecuill
2024-10-24 06:41:53:218	Status	กำลังเชื่อมต่อใหม่อีกครั้ง Server Middle	frmMain.CheckConnectMiddleAndSecuill
2024-10-24 06:42:10:048	_Error	A network-related or instance-specific error occurred while establishing a connection to SQL Server. The server was not found or was not accessible. Verify that the instance name is correct and that SQL Server is configured to allow remote connections. (provider: Named Pipes Provider, error: 40 - Could not open a connection to SQL Server)	cls_condbsecuill.chk_connect_db
2024-10-24 06:42:11:969	_Error	ไม่สามารถเชื่อมต่อ Server secuill	frmMain.CheckConnectMiddleAndSecuill
2024-10-24 06:42:13:879	Status	กำลังเชื่อมต่อใหม่อีกครั้ง Server secuill	frmMain.CheckConnectMiddleAndSecuill
2024-10-24 06:42:36:971	ERROR	A network-related or instance-specific error occurred while establishing a connection to SQL Server. The server was not found or was not accessible. Verify that the instance name is correct and that SQL Server is configured to allow remote connections. (provider: Named Pipes Provider, error: 40 - Could not open a connection to SQL Server)	cls_condbmiddle.chk_connect_db()
2024-10-24 06:42:38:900	_Error	ไม่สามารถเชื่อมต่อ Server Middle	frmMain.CheckConnectMiddleAndSecuill
2024-10-24 06:42:40:844	Status	กำลังเชื่อมต่อใหม่อีกครั้ง Server Middle	frmMain.CheckConnectMiddleAndSecuill
2024-10-24 06:42:57:633	_Error	A network-related or instance-specific error occurred while establishing a connection to SQL Server. The server was not found or was not accessible. Verify that the instance name is correct and that SQL Server is configured to allow remote connections. (provider: Named Pipes Provider, error: 40 - Could not open a connection to SQL Server)	cls_condbsecuill.chk_connect_db
2024-10-24 06:42:59:547	_Error	ไม่สามารถเชื่อมต่อ Server secuill	frmMain.CheckConnectMiddleAndSecuill
2024-10-24 06:43:01:462	Status	กำลังเชื่อมต่อใหม่อีกครั้ง Server secuill	frmMain.CheckConnectMiddleAndSecuill
2024-10-24 06:43:24:458	ERROR	A network-related or instance-specific error occurred while establishing a connection to SQL Server. The server was not found or was not accessible. Verify that the instance name is correct and that SQL Server is configured to allow remote connections. (provider: Named Pipes Provider, error: 40 - Could not open a connection to SQL Server)	cls_condbmiddle.chk_connect_db()
2024-10-24 06:43:25:953	_Error	ไม่สามารถเชื่อมต่อ Server Middle	frmMain.CheckConnectMiddleAndSecuill
2024-10-24 06:43:28:415	Status	กำลังเชื่อมต่อใหม่อีกครั้ง Server Middle	frmMain.CheckConnectMiddleAndSecuill
2024-10-24 06:43:44:710	_Error	A network-related or instance-specific error occurred while establishing a connection to SQL Server. The server was not found or was not accessible. Verify that the instance name is correct and that SQL Server is configured to allow remote connections. (provider: Named Pipes Provider, error: 40 - Could not open a connection to SQL Server)	cls_condbsecuill.chk_connect_db
2024-10-24 06:43:46:624	_Error	ไม่สามารถเชื่อมต่อ Server secuill	frmMain.CheckConnectMiddleAndSecuill
2024-10-24 06:43:48:537	Status	กำลังเชื่อมต่อใหม่อีกครั้ง Server secuill	frmMain.CheckConnectMiddleAndSecuill
2024-10-24 06:44:11:921	ERROR	A network-related or instance-specific error occurred while establishing a connection to SQL Server. The server was not found or was not accessible. Verify that the instance name is correct and that SQL Server is configured to allow remote connections. (provider: Named Pipes Provider, error: 40 - Could not open a connection to SQL Server)	cls_condbmiddle.chk_connect_db()
2024-10-24 06:44:13:536	_Error	ไม่สามารถเชื่อมต่อ Server Middle	frmMain.CheckConnectMiddleAndSecuill
2024-10-24 06:44:15:491	Status	กำลังเชื่อมต่อใหม่อีกครั้ง Server Middle	frmMain.CheckConnectMiddleAndSecuill
2024-10-24 06:44:32:316	_Error	A network-related or instance-specific error occurred while establishing a connection to SQL Server. The server was not found or was not accessible. Verify that the instance name is correct and that SQL Server is configured to allow remote connections. (provider: Named Pipes Provider, error: 40 - Could not open a connection to SQL Server)	cls_condbsecuill.chk_connect_db
2024-10-24 06:44:34:232	_Error	ไม่สามารถเชื่อมต่อ Server secuill	frmMain.CheckConnectMiddleAndSecuill
2024-10-24 06:44:36:151	Status	กำลังเชื่อมต่อใหม่อีกครั้ง Server secuill	frmMain.CheckConnectMiddleAndSecuill
2024-10-24 06:44:59:419	ERROR	A network-related or instance-specific error occurred while establishing a connection to SQL Server. The server was not found or was not accessible. Verify that the instance name is correct and that SQL Server is configured to allow remote connections. (provider: Named Pipes Provider, error: 40 - Could not open a connection to SQL Server)	cls_condbmiddle.chk_connect_db()
2024-10-24 06:45:01:156	_Error	ไม่สามารถเชื่อมต่อ Server Middle	frmMain.CheckConnectMiddleAndSecuill
2024-10-24 06:45:03:104	Status	กำลังเชื่อมต่อใหม่อีกครั้ง Server Middle	frmMain.CheckConnectMiddleAndSecuill
2024-10-24 06:45:19:902	_Error	A network-related or instance-specific error occurred while establishing a connection to SQL Server. The server was not found or was not accessible. Verify that the instance name is correct and that SQL Server is configured to allow remote connections. (provider: Named Pipes Provider, error: 40 - Could not open a connection to SQL Server)	cls_condbsecuill.chk_connect_db
2024-10-24 06:45:21:815	_Error	ไม่สามารถเชื่อมต่อ Server secuill	frmMain.CheckConnectMiddleAndSecuill
2024-10-24 06:45:23:734	Status	กำลังเชื่อมต่อใหม่อีกครั้ง Server secuill	frmMain.CheckConnectMiddleAndSecuill
2024-10-24 06:45:46:876	ERROR	A network-related or instance-specific error occurred while establishing a connection to SQL Server. The server was not found or was not accessible. Verify that the instance name is correct and that SQL Server is configured to allow remote connections. (provider: Named Pipes Provider, error: 40 - Could not open a connection to SQL Server)	cls_condbmiddle.chk_connect_db()
2024-10-24 06:45:48:748	_Error	ไม่สามารถเชื่อมต่อ Server Middle	frmMain.CheckConnectMiddleAndSecuill
2024-10-24 06:45:50:693	Status	กำลังเชื่อมต่อใหม่อีกครั้ง Server Middle	frmMain.CheckConnectMiddleAndSecuill
2024-10-24 06:46:07:551	_Error	A network-related or instance-specific error occurred while establishing a connection to SQL Server. The server was not found or was not accessible. Verify that the instance name is correct and that SQL Server is configured to allow remote connections. (provider: Named Pipes Provider, error: 40 - Could not open a connection to SQL Server)	cls_condbsecuill.chk_connect_db
2024-10-24 06:46:09:463	_Error	ไม่สามารถเชื่อมต่อ Server secuill	frmMain.CheckConnectMiddleAndSecuill
2024-10-24 06:46:11:376	Status	กำลังเชื่อมต่อใหม่อีกครั้ง Server secuill	frmMain.CheckConnectMiddleAndSecuill
2024-10-24 06:46:24:317	ERROR	A network-related or instance-specific error occurred while establishing a connection to SQL Server. The server was not found or was not accessible. Verify that the instance name is correct and that SQL Server is configured to allow remote connections. (provider: SQL Network Interfaces, error: 26 - Error Locating Server/Instance Specified)	 (cls_condbserver.ExecuteNonQuery())
2024-10-24 06:46:34:307	ERROR	A network-related or instance-specific error occurred while establishing a connection to SQL Server. The server was not found or was not accessible. Verify that the instance name is correct and that SQL Server is configured to allow remote connections. (provider: Named Pipes Provider, error: 40 - Could not open a connection to SQL Server)	cls_condbmiddle.chk_connect_db()
2024-10-24 06:46:35:879	_Error	ไม่สามารถเชื่อมต่อ Server Middle	frmMain.CheckConnectMiddleAndSecuill
2024-10-24 06:46:37:822	Status	กำลังเชื่อมต่อใหม่อีกครั้ง Server Middle	frmMain.CheckConnectMiddleAndSecuill
2024-10-24 06:46:54:630	_Error	A network-related or instance-specific error occurred while establishing a connection to SQL Server. The server was not found or was not accessible. Verify that the instance name is correct and that SQL Server is configured to allow remote connections. (provider: Named Pipes Provider, error: 40 - Could not open a connection to SQL Server)	cls_condbsecuill.chk_connect_db
2024-10-24 06:46:56:546	_Error	ไม่สามารถเชื่อมต่อ Server secuill	frmMain.CheckConnectMiddleAndSecuill
2024-10-24 06:46:58:466	Status	กำลังเชื่อมต่อใหม่อีกครั้ง Server secuill	frmMain.CheckConnectMiddleAndSecuill
2024-10-24 06:47:21:799	ERROR	A network-related or instance-specific error occurred while establishing a connection to SQL Server. The server was not found or was not accessible. Verify that the instance name is correct and that SQL Server is configured to allow remote connections. (provider: Named Pipes Provider, error: 40 - Could not open a connection to SQL Server)	cls_condbmiddle.chk_connect_db()
2024-10-24 06:47:23:483	_Error	ไม่สามารถเชื่อมต่อ Server Middle	frmMain.CheckConnectMiddleAndSecuill
2024-10-24 06:47:25:430	Status	กำลังเชื่อมต่อใหม่อีกครั้ง Server Middle	frmMain.CheckConnectMiddleAndSecuill
2024-10-24 06:47:42:286	_Error	A network-related or instance-specific error occurred while establishing a connection to SQL Server. The server was not found or was not accessible. Verify that the instance name is correct and that SQL Server is configured to allow remote connections. (provider: Named Pipes Provider, error: 40 - Could not open a connection to SQL Server)	cls_condbsecuill.chk_connect_db
2024-10-24 06:47:44:207	_Error	ไม่สามารถเชื่อมต่อ Server secuill	frmMain.CheckConnectMiddleAndSecuill
2024-10-24 06:47:46:128	Status	กำลังเชื่อมต่อใหม่อีกครั้ง Server secuill	frmMain.CheckConnectMiddleAndSecuill
2024-10-24 06:48:09:285	ERROR	A network-related or instance-specific error occurred while establishing a connection to SQL Server. The server was not found or was not accessible. Verify that the instance name is correct and that SQL Server is configured to allow remote connections. (provider: Named Pipes Provider, error: 40 - Could not open a connection to SQL Server)	cls_condbmiddle.chk_connect_db()
2024-10-24 06:48:11:158	_Error	ไม่สามารถเชื่อมต่อ Server Middle	frmMain.CheckConnectMiddleAndSecuill
2024-10-24 06:48:13:100	Status	กำลังเชื่อมต่อใหม่อีกครั้ง Server Middle	frmMain.CheckConnectMiddleAndSecuill
2024-10-24 06:48:29:910	_Error	A network-related or instance-specific error occurred while establishing a connection to SQL Server. The server was not found or was not accessible. Verify that the instance name is correct and that SQL Server is configured to allow remote connections. (provider: Named Pipes Provider, error: 40 - Could not open a connection to SQL Server)	cls_condbsecuill.chk_connect_db
2024-10-24 06:48:31:825	_Error	ไม่สามารถเชื่อมต่อ Server secuill	frmMain.CheckConnectMiddleAndSecuill
2024-10-24 06:48:33:741	Status	กำลังเชื่อมต่อใหม่อีกครั้ง Server secuill	frmMain.CheckConnectMiddleAndSecuill
2024-10-24 06:48:56:730	ERROR	A network-related or instance-specific error occurred while establishing a connection to SQL Server. The server was not found or was not accessible. Verify that the instance name is correct and that SQL Server is configured to allow remote connections. (provider: Named Pipes Provider, error: 40 - Could not open a connection to SQL Server)	cls_condbmiddle.chk_connect_db()
2024-10-24 06:48:58:188	_Error	ไม่สามารถเชื่อมต่อ Server Middle	frmMain.CheckConnectMiddleAndSecuill
2024-10-24 06:49:00:640	Status	กำลังเชื่อมต่อใหม่อีกครั้ง Server Middle	frmMain.CheckConnectMiddleAndSecuill
2024-10-24 06:49:16:923	_Error	A network-related or instance-specific error occurred while establishing a connection to SQL Server. The server was not found or was not accessible. Verify that the instance name is correct and that SQL Server is configured to allow remote connections. (provider: Named Pipes Provider, error: 40 - Could not open a connection to SQL Server)	cls_condbsecuill.chk_connect_db
2024-10-24 06:49:18:839	_Error	ไม่สามารถเชื่อมต่อ Server secuill	frmMain.CheckConnectMiddleAndSecuill
2024-10-24 06:49:20:752	Status	กำลังเชื่อมต่อใหม่อีกครั้ง Server secuill	frmMain.CheckConnectMiddleAndSecuill
2024-10-24 06:49:44:236	ERROR	A network-related or instance-specific error occurred while establishing a connection to SQL Server. The server was not found or was not accessible. Verify that the instance name is correct and that SQL Server is configured to allow remote connections. (provider: Named Pipes Provider, error: 40 - Could not open a connection to SQL Server)	cls_condbmiddle.chk_connect_db()
2024-10-24 06:49:45:766	_Error	ไม่สามารถเชื่อมต่อ Server Middle	frmMain.CheckConnectMiddleAndSecuill
2024-10-24 06:49:47:718	Status	กำลังเชื่อมต่อใหม่อีกครั้ง Server Middle	frmMain.CheckConnectMiddleAndSecuill
2024-10-24 06:50:04:515	_Error	A network-related or instance-specific error occurred while establishing a connection to SQL Server. The server was not found or was not accessible. Verify that the instance name is correct and that SQL Server is configured to allow remote connections. (provider: Named Pipes Provider, error: 40 - Could not open a connection to SQL Server)	cls_condbsecuill.chk_connect_db
2024-10-24 06:50:06:431	_Error	ไม่สามารถเชื่อมต่อ Server secuill	frmMain.CheckConnectMiddleAndSecuill
2024-10-24 06:50:08:352	Status	กำลังเชื่อมต่อใหม่อีกครั้ง Server secuill	frmMain.CheckConnectMiddleAndSecuill
2024-10-24 06:50:31:718	ERROR	A network-related or instance-specific error occurred while establishing a connection to SQL Server. The server was not found or was not accessible. Verify that the instance name is correct and that SQL Server is configured to allow remote connections. (provider: Named Pipes Provider, error: 40 - Could not open a connection to SQL Server)	cls_condbmiddle.chk_connect_db()
2024-10-24 06:50:33:346	_Error	ไม่สามารถเชื่อมต่อ Server Middle	frmMain.CheckConnectMiddleAndSecuill
2024-10-24 06:50:35:292	Status	กำลังเชื่อมต่อใหม่อีกครั้ง Server Middle	frmMain.CheckConnectMiddleAndSecuill
2024-10-24 06:50:52:079	_Error	A network-related or instance-specific error occurred while establishing a connection to SQL Server. The server was not found or was not accessible. Verify that the instance name is correct and that SQL Server is configured to allow remote connections. (provider: Named Pipes Provider, error: 40 - Could not open a connection to SQL Server)	cls_condbsecuill.chk_connect_db
2024-10-24 06:50:53:996	_Error	ไม่สามารถเชื่อมต่อ Server secuill	frmMain.CheckConnectMiddleAndSecuill
2024-10-24 06:50:55:903	Status	กำลังเชื่อมต่อใหม่อีกครั้ง Server secuill	frmMain.CheckConnectMiddleAndSecuill
2024-10-24 06:51:09:164	ERROR	A network-related or instance-specific error occurred while establishing a connection to SQL Server. The server was not found or was not accessible. Verify that the instance name is correct and that SQL Server is configured to allow remote connections. (provider: SQL Network Interfaces, error: 26 - Error Locating Server/Instance Specified)	 (cls_condbserver.ExecuteNonQuery())
2024-10-24 06:51:19:183	ERROR	A network-related or instance-specific error occurred while establishing a connection to SQL Server. The server was not found or was not accessible. Verify that the instance name is correct and that SQL Server is configured to allow remote connections. (provider: Named Pipes Provider, error: 40 - Could not open a connection to SQL Server)	cls_condbmiddle.chk_connect_db()
2024-10-24 06:51:20:901	_Error	ไม่สามารถเชื่อมต่อ Server Middle	frmMain.CheckConnectMiddleAndSecuill
2024-10-24 06:51:22:854	Status	กำลังเชื่อมต่อใหม่อีกครั้ง Server Middle	frmMain.CheckConnectMiddleAndSecuill
2024-10-24 06:51:39:650	_Error	A network-related or instance-specific error occurred while establishing a connection to SQL Server. The server was not found or was not accessible. Verify that the instance name is correct and that SQL Server is configured to allow remote connections. (provider: Named Pipes Provider, error: 40 - Could not open a connection to SQL Server)	cls_condbsecuill.chk_connect_db
2024-10-24 06:51:41:558	_Error	ไม่สามารถเชื่อมต่อ Server secuill	frmMain.CheckConnectMiddleAndSecuill
2024-10-24 06:51:43:474	Status	กำลังเชื่อมต่อใหม่อีกครั้ง Server secuill	frmMain.CheckConnectMiddleAndSecuill
2024-10-24 06:52:06:636	ERROR	A network-related or instance-specific error occurred while establishing a connection to SQL Server. The server was not found or was not accessible. Verify that the instance name is correct and that SQL Server is configured to allow remote connections. (provider: Named Pipes Provider, error: 40 - Could not open a connection to SQL Server)	cls_condbmiddle.chk_connect_db()
2024-10-24 06:52:08:487	_Error	ไม่สามารถเชื่อมต่อ Server Middle	frmMain.CheckConnectMiddleAndSecuill
2024-10-24 06:52:10:435	Status	กำลังเชื่อมต่อใหม่อีกครั้ง Server Middle	frmMain.CheckConnectMiddleAndSecuill
2024-10-24 06:52:27:245	_Error	A network-related or instance-specific error occurred while establishing a connection to SQL Server. The server was not found or was not accessible. Verify that the instance name is correct and that SQL Server is configured to allow remote connections. (provider: Named Pipes Provider, error: 40 - Could not open a connection to SQL Server)	cls_condbsecuill.chk_connect_db
2024-10-24 06:52:29:155	_Error	ไม่สามารถเชื่อมต่อ Server secuill	frmMain.CheckConnectMiddleAndSecuill
2024-10-24 06:52:31:069	Status	กำลังเชื่อมต่อใหม่อีกครั้ง Server secuill	frmMain.CheckConnectMiddleAndSecuill
2024-10-24 06:52:54:066	ERROR	A network-related or instance-specific error occurred while establishing a connection to SQL Server. The server was not found or was not accessible. Verify that the instance name is correct and that SQL Server is configured to allow remote connections. (provider: Named Pipes Provider, error: 40 - Could not open a connection to SQL Server)	cls_condbmiddle.chk_connect_db()
2024-10-24 06:52:55:586	_Error	ไม่สามารถเชื่อมต่อ Server Middle	frmMain.CheckConnectMiddleAndSecuill
2024-10-24 06:52:58:043	Status	กำลังเชื่อมต่อใหม่อีกครั้ง Server Middle	frmMain.CheckConnectMiddleAndSecuill
2024-10-24 06:53:14:344	_Error	A network-related or instance-specific error occurred while establishing a connection to SQL Server. The server was not found or was not accessible. Verify that the instance name is correct and that SQL Server is configured to allow remote connections. (provider: Named Pipes Provider, error: 40 - Could not open a connection to SQL Server)	cls_condbsecuill.chk_connect_db
2024-10-24 06:53:16:265	_Error	ไม่สามารถเชื่อมต่อ Server secuill	frmMain.CheckConnectMiddleAndSecuill
2024-10-24 06:53:18:179	Status	กำลังเชื่อมต่อใหม่อีกครั้ง Server secuill	frmMain.CheckConnectMiddleAndSecuill
2024-10-24 06:53:41:545	ERROR	A network-related or instance-specific error occurred while establishing a connection to SQL Server. The server was not found or was not accessible. Verify that the instance name is correct and that SQL Server is configured to allow remote connections. (provider: Named Pipes Provider, error: 40 - Could not open a connection to SQL Server)	cls_condbmiddle.chk_connect_db()
2024-10-24 06:53:43:192	_Error	ไม่สามารถเชื่อมต่อ Server Middle	frmMain.CheckConnectMiddleAndSecuill
2024-10-24 06:53:45:137	Status	กำลังเชื่อมต่อใหม่อีกครั้ง Server Middle	frmMain.CheckConnectMiddleAndSecuill
2024-10-24 06:54:01:934	_Error	A network-related or instance-specific error occurred while establishing a connection to SQL Server. The server was not found or was not accessible. Verify that the instance name is correct and that SQL Server is configured to allow remote connections. (provider: Named Pipes Provider, error: 40 - Could not open a connection to SQL Server)	cls_condbsecuill.chk_connect_db
2024-10-24 06:54:03:855	_Error	ไม่สามารถเชื่อมต่อ Server secuill	frmMain.CheckConnectMiddleAndSecuill
2024-10-24 06:54:05:776	Status	กำลังเชื่อมต่อใหม่อีกครั้ง Server secuill	frmMain.CheckConnectMiddleAndSecuill
2024-10-24 06:54:29:040	ERROR	A network-related or instance-specific error occurred while establishing a connection to SQL Server. The server was not found or was not accessible. Verify that the instance name is correct and that SQL Server is configured to allow remote connections. (provider: Named Pipes Provider, error: 40 - Could not open a connection to SQL Server)	cls_condbmiddle.chk_connect_db()
2024-10-24 06:54:30:767	_Error	ไม่สามารถเชื่อมต่อ Server Middle	frmMain.CheckConnectMiddleAndSecuill
2024-10-24 06:54:32:711	Status	กำลังเชื่อมต่อใหม่อีกครั้ง Server Middle	frmMain.CheckConnectMiddleAndSecuill
2024-10-24 06:54:49:539	_Error	A network-related or instance-specific error occurred while establishing a connection to SQL Server. The server was not found or was not accessible. Verify that the instance name is correct and that SQL Server is configured to allow remote connections. (provider: Named Pipes Provider, error: 40 - Could not open a connection to SQL Server)	cls_condbsecuill.chk_connect_db
2024-10-24 06:54:51:453	_Error	ไม่สามารถเชื่อมต่อ Server secuill	frmMain.CheckConnectMiddleAndSecuill
2024-10-24 06:54:53:374	Status	กำลังเชื่อมต่อใหม่อีกครั้ง Server secuill	frmMain.CheckConnectMiddleAndSecuill
2024-10-24 06:55:16:517	ERROR	A network-related or instance-specific error occurred while establishing a connection to SQL Server. The server was not found or was not accessible. Verify that the instance name is correct and that SQL Server is configured to allow remote connections. (provider: Named Pipes Provider, error: 40 - Could not open a connection to SQL Server)	cls_condbmiddle.chk_connect_db()
2024-10-24 06:55:18:365	_Error	ไม่สามารถเชื่อมต่อ Server Middle	frmMain.CheckConnectMiddleAndSecuill
2024-10-24 06:55:20:312	Status	กำลังเชื่อมต่อใหม่อีกครั้ง Server Middle	frmMain.CheckConnectMiddleAndSecuill
2024-10-24 06:55:37:126	_Error	A network-related or instance-specific error occurred while establishing a connection to SQL Server. The server was not found or was not accessible. Verify that the instance name is correct and that SQL Server is configured to allow remote connections. (provider: Named Pipes Provider, error: 40 - Could not open a connection to SQL Server)	cls_condbsecuill.chk_connect_db
2024-10-24 06:55:39:040	_Error	ไม่สามารถเชื่อมต่อ Server secuill	frmMain.CheckConnectMiddleAndSecuill
2024-10-24 06:55:40:958	Status	กำลังเชื่อมต่อใหม่อีกครั้ง Server secuill	frmMain.CheckConnectMiddleAndSecuill
2024-10-24 06:55:53:950	ERROR	A network-related or instance-specific error occurred while establishing a connection to SQL Server. The server was not found or was not accessible. Verify that the instance name is correct and that SQL Server is configured to allow remote connections. (provider: SQL Network Interfaces, error: 26 - Error Locating Server/Instance Specified)	 (cls_condbserver.ExecuteNonQuery())
2024-10-24 06:56:03:949	ERROR	A network-related or instance-specific error occurred while establishing a connection to SQL Server. The server was not found or was not accessible. Verify that the instance name is correct and that SQL Server is configured to allow remote connections. (provider: Named Pipes Provider, error: 40 - Could not open a connection to SQL Server)	cls_condbmiddle.chk_connect_db()
2024-10-24 06:56:05:489	_Error	ไม่สามารถเชื่อมต่อ Server Middle	frmMain.CheckConnectMiddleAndSecuill
2024-10-24 06:56:07:432	Status	กำลังเชื่อมต่อใหม่อีกครั้ง Server Middle	frmMain.CheckConnectMiddleAndSecuill
2024-10-24 06:56:24:250	_Error	A network-related or instance-specific error occurred while establishing a connection to SQL Server. The server was not found or was not accessible. Verify that the instance name is correct and that SQL Server is configured to allow remote connections. (provider: Named Pipes Provider, error: 40 - Could not open a connection to SQL Server)	cls_condbsecuill.chk_connect_db
2024-10-24 06:56:26:173	_Error	ไม่สามารถเชื่อมต่อ Server secuill	frmMain.CheckConnectMiddleAndSecuill
2024-10-24 06:56:28:087	Status	กำลังเชื่อมต่อใหม่อีกครั้ง Server secuill	frmMain.CheckConnectMiddleAndSecuill
2024-10-24 06:56:51:397	ERROR	A network-related or instance-specific error occurred while establishing a connection to SQL Server. The server was not found or was not accessible. Verify that the instance name is correct and that SQL Server is configured to allow remote connections. (provider: Named Pipes Provider, error: 40 - Could not open a connection to SQL Server)	cls_condbmiddle.chk_connect_db()
2024-10-24 06:56:53:106	_Error	ไม่สามารถเชื่อมต่อ Server Middle	frmMain.CheckConnectMiddleAndSecuill
2024-10-24 06:56:55:053	Status	กำลังเชื่อมต่อใหม่อีกครั้ง Server Middle	frmMain.CheckConnectMiddleAndSecuill
2024-10-24 06:57:11:869	_Error	A network-related or instance-specific error occurred while establishing a connection to SQL Server. The server was not found or was not accessible. Verify that the instance name is correct and that SQL Server is configured to allow remote connections. (provider: Named Pipes Provider, error: 40 - Could not open a connection to SQL Server)	cls_condbsecuill.chk_connect_db
2024-10-24 06:57:13:782	_Error	ไม่สามารถเชื่อมต่อ Server secuill	frmMain.CheckConnectMiddleAndSecuill
2024-10-24 06:57:15:701	Status	กำลังเชื่อมต่อใหม่อีกครั้ง Server secuill	frmMain.CheckConnectMiddleAndSecuill
2024-10-24 06:57:38:857	ERROR	A network-related or instance-specific error occurred while establishing a connection to SQL Server. The server was not found or was not accessible. Verify that the instance name is correct and that SQL Server is configured to allow remote connections. (provider: Named Pipes Provider, error: 40 - Could not open a connection to SQL Server)	cls_condbmiddle.chk_connect_db()
2024-10-24 06:57:40:701	_Error	ไม่สามารถเชื่อมต่อ Server Middle	frmMain.CheckConnectMiddleAndSecuill
2024-10-24 06:57:42:643	Status	กำลังเชื่อมต่อใหม่อีกครั้ง Server Middle	frmMain.CheckConnectMiddleAndSecuill
2024-10-24 06:57:59:463	_Error	A network-related or instance-specific error occurred while establishing a connection to SQL Server. The server was not found or was not accessible. Verify that the instance name is correct and that SQL Server is configured to allow remote connections. (provider: Named Pipes Provider, error: 40 - Could not open a connection to SQL Server)	cls_condbsecuill.chk_connect_db
2024-10-24 06:58:01:377	_Error	ไม่สามารถเชื่อมต่อ Server secuill	frmMain.CheckConnectMiddleAndSecuill
2024-10-24 06:58:03:289	Status	กำลังเชื่อมต่อใหม่อีกครั้ง Server secuill	frmMain.CheckConnectMiddleAndSecuill
2024-10-24 06:58:26:299	ERROR	A network-related or instance-specific error occurred while establishing a connection to SQL Server. The server was not found or was not accessible. Verify that the instance name is correct and that SQL Server is configured to allow remote connections. (provider: Named Pipes Provider, error: 40 - Could not open a connection to SQL Server)	cls_condbmiddle.chk_connect_db()
2024-10-24 06:58:27:787	_Error	ไม่สามารถเชื่อมต่อ Server Middle	frmMain.CheckConnectMiddleAndSecuill
2024-10-24 06:58:30:250	Status	กำลังเชื่อมต่อใหม่อีกครั้ง Server Middle	frmMain.CheckConnectMiddleAndSecuill
2024-10-24 06:58:46:525	_Error	A network-related or instance-specific error occurred while establishing a connection to SQL Server. The server was not found or was not accessible. Verify that the instance name is correct and that SQL Server is configured to allow remote connections. (provider: Named Pipes Provider, error: 40 - Could not open a connection to SQL Server)	cls_condbsecuill.chk_connect_db
2024-10-24 06:58:48:444	_Error	ไม่สามารถเชื่อมต่อ Server secuill	frmMain.CheckConnectMiddleAndSecuill
2024-10-24 06:58:50:357	Status	กำลังเชื่อมต่อใหม่อีกครั้ง Server secuill	frmMain.CheckConnectMiddleAndSecuill
2024-10-24 06:59:13:757	ERROR	A network-related or instance-specific error occurred while establishing a connection to SQL Server. The server was not found or was not accessible. Verify that the instance name is correct and that SQL Server is configured to allow remote connections. (provider: Named Pipes Provider, error: 40 - Could not open a connection to SQL Server)	cls_condbmiddle.chk_connect_db()
2024-10-24 06:59:15:393	_Error	ไม่สามารถเชื่อมต่อ Server Middle	frmMain.CheckConnectMiddleAndSecuill
2024-10-24 06:59:17:336	Status	กำลังเชื่อมต่อใหม่อีกครั้ง Server Middle	frmMain.CheckConnectMiddleAndSecuill
2024-10-24 06:59:34:152	_Error	A network-related or instance-specific error occurred while establishing a connection to SQL Server. The server was not found or was not accessible. Verify that the instance name is correct and that SQL Server is configured to allow remote connections. (provider: Named Pipes Provider, error: 40 - Could not open a connection to SQL Server)	cls_condbsecuill.chk_connect_db
2024-10-24 06:59:36:064	_Error	ไม่สามารถเชื่อมต่อ Server secuill	frmMain.CheckConnectMiddleAndSecuill
2024-10-24 06:59:37:985	Status	กำลังเชื่อมต่อใหม่อีกครั้ง Server secuill	frmMain.CheckConnectMiddleAndSecuill
2024-10-24 07:00:01:226	ERROR	A network-related or instance-specific error occurred while establishing a connection to SQL Server. The server was not found or was not accessible. Verify that the instance name is correct and that SQL Server is configured to allow remote connections. (provider: Named Pipes Provider, error: 40 - Could not open a connection to SQL Server)	cls_condbmiddle.chk_connect_db()
2024-10-24 07:00:02:998	_Error	ไม่สามารถเชื่อมต่อ Server Middle	frmMain.CheckConnectMiddleAndSecuill
2024-10-24 07:00:04:945	Status	กำลังเชื่อมต่อใหม่อีกครั้ง Server Middle	frmMain.CheckConnectMiddleAndSecuill
2024-10-24 07:00:21:764	_Error	A network-related or instance-specific error occurred while establishing a connection to SQL Server. The server was not found or was not accessible. Verify that the instance name is correct and that SQL Server is configured to allow remote connections. (provider: Named Pipes Provider, error: 40 - Could not open a connection to SQL Server)	cls_condbsecuill.chk_connect_db
2024-10-24 07:00:23:677	_Error	ไม่สามารถเชื่อมต่อ Server secuill	frmMain.CheckConnectMiddleAndSecuill
2024-10-24 07:00:25:590	Status	กำลังเชื่อมต่อใหม่อีกครั้ง Server secuill	frmMain.CheckConnectMiddleAndSecuill
2024-10-24 07:00:38:666	ERROR	A network-related or instance-specific error occurred while establishing a connection to SQL Server. The server was not found or was not accessible. Verify that the instance name is correct and that SQL Server is configured to allow remote connections. (provider: SQL Network Interfaces, error: 26 - Error Locating Server/Instance Specified)	 (cls_condbserver.ExecuteNonQuery())
2024-10-24 07:00:48:684	ERROR	A network-related or instance-specific error occurred while establishing a connection to SQL Server. The server was not found or was not accessible. Verify that the instance name is correct and that SQL Server is configured to allow remote connections. (provider: Named Pipes Provider, error: 40 - Could not open a connection to SQL Server)	cls_condbmiddle.chk_connect_db()
2024-10-24 07:00:50:600	_Error	ไม่สามารถเชื่อมต่อ Server Middle	frmMain.CheckConnectMiddleAndSecuill
2024-10-24 07:00:52:550	Status	กำลังเชื่อมต่อใหม่อีกครั้ง Server Middle	frmMain.CheckConnectMiddleAndSecuill
2024-10-24 07:01:09:331	_Error	A network-related or instance-specific error occurred while establishing a connection to SQL Server. The server was not found or was not accessible. Verify that the instance name is correct and that SQL Server is configured to allow remote connections. (provider: Named Pipes Provider, error: 40 - Could not open a connection to SQL Server)	cls_condbsecuill.chk_connect_db
2024-10-24 07:01:11:240	_Error	ไม่สามารถเชื่อมต่อ Server secuill	frmMain.CheckConnectMiddleAndSecuill
2024-10-24 07:01:13:150	Status	กำลังเชื่อมต่อใหม่อีกครั้ง Server secuill	frmMain.CheckConnectMiddleAndSecuill
2024-10-24 07:01:36:158	ERROR	A network-related or instance-specific error occurred while establishing a connection to SQL Server. The server was not found or was not accessible. Verify that the instance name is correct and that SQL Server is configured to allow remote connections. (provider: Named Pipes Provider, error: 40 - Could not open a connection to SQL Server)	cls_condbmiddle.chk_connect_db()
2024-10-24 07:01:37:664	_Error	ไม่สามารถเชื่อมต่อ Server Middle	frmMain.CheckConnectMiddleAndSecuill
2024-10-24 07:01:40:121	Status	กำลังเชื่อมต่อใหม่อีกครั้ง Server Middle	frmMain.CheckConnectMiddleAndSecuill
2024-10-24 07:01:56:383	_Error	A network-related or instance-specific error occurred while establishing a connection to SQL Server. The server was not found or was not accessible. Verify that the instance name is correct and that SQL Server is configured to allow remote connections. (provider: Named Pipes Provider, error: 40 - Could not open a connection to SQL Server)	cls_condbsecuill.chk_connect_db
2024-10-24 07:01:58:304	_Error	ไม่สามารถเชื่อมต่อ Server secuill	frmMain.CheckConnectMiddleAndSecuill
2024-10-24 07:02:00:223	Status	กำลังเชื่อมต่อใหม่อีกครั้ง Server secuill	frmMain.CheckConnectMiddleAndSecuill
2024-10-24 07:02:23:584	ERROR	A network-related or instance-specific error occurred while establishing a connection to SQL Server. The server was not found or was not accessible. Verify that the instance name is correct and that SQL Server is configured to allow remote connections. (provider: Named Pipes Provider, error: 40 - Could not open a connection to SQL Server)	cls_condbmiddle.chk_connect_db()
2024-10-24 07:02:25:284	_Error	ไม่สามารถเชื่อมต่อ Server Middle	frmMain.CheckConnectMiddleAndSecuill
2024-10-24 07:02:27:229	Status	กำลังเชื่อมต่อใหม่อีกครั้ง Server Middle	frmMain.CheckConnectMiddleAndSecuill
2024-10-24 07:02:44:028	_Error	A network-related or instance-specific error occurred while establishing a connection to SQL Server. The server was not found or was not accessible. Verify that the instance name is correct and that SQL Server is configured to allow remote connections. (provider: Named Pipes Provider, error: 40 - Could not open a connection to SQL Server)	cls_condbsecuill.chk_connect_db
2024-10-24 07:02:45:934	_Error	ไม่สามารถเชื่อมต่อ Server secuill	frmMain.CheckConnectMiddleAndSecuill
2024-10-24 07:02:47:857	Status	กำลังเชื่อมต่อใหม่อีกครั้ง Server secuill	frmMain.CheckConnectMiddleAndSecuill
2024-10-24 07:03:11:012	ERROR	A network-related or instance-specific error occurred while establishing a connection to SQL Server. The server was not found or was not accessible. Verify that the instance name is correct and that SQL Server is configured to allow remote connections. (provider: Named Pipes Provider, error: 40 - Could not open a connection to SQL Server)	cls_condbmiddle.chk_connect_db()
2024-10-24 07:03:12:828	_Error	ไม่สามารถเชื่อมต่อ Server Middle	frmMain.CheckConnectMiddleAndSecuill
2024-10-24 07:03:14:774	Status	กำลังเชื่อมต่อใหม่อีกครั้ง Server Middle	frmMain.CheckConnectMiddleAndSecuill
2024-10-24 07:03:31:589	_Error	A network-related or instance-specific error occurred while establishing a connection to SQL Server. The server was not found or was not accessible. Verify that the instance name is correct and that SQL Server is configured to allow remote connections. (provider: Named Pipes Provider, error: 40 - Could not open a connection to SQL Server)	cls_condbsecuill.chk_connect_db
2024-10-24 07:03:33:501	_Error	ไม่สามารถเชื่อมต่อ Server secuill	frmMain.CheckConnectMiddleAndSecuill
2024-10-24 07:03:35:418	Status	กำลังเชื่อมต่อใหม่อีกครั้ง Server secuill	frmMain.CheckConnectMiddleAndSecuill
2024-10-24 07:03:58:438	ERROR	A network-related or instance-specific error occurred while establishing a connection to SQL Server. The server was not found or was not accessible. Verify that the instance name is correct and that SQL Server is configured to allow remote connections. (provider: Named Pipes Provider, error: 40 - Could not open a connection to SQL Server)	cls_condbmiddle.chk_connect_db()
2024-10-24 07:03:59:937	_Error	ไม่สามารถเชื่อมต่อ Server Middle	frmMain.CheckConnectMiddleAndSecuill
2024-10-24 07:04:02:394	Status	กำลังเชื่อมต่อใหม่อีกครั้ง Server Middle	frmMain.CheckConnectMiddleAndSecuill
2024-10-24 07:04:18:684	_Error	A network-related or instance-specific error occurred while establishing a connection to SQL Server. The server was not found or was not accessible. Verify that the instance name is correct and that SQL Server is configured to allow remote connections. (provider: Named Pipes Provider, error: 40 - Could not open a connection to SQL Server)	cls_condbsecuill.chk_connect_db
2024-10-24 07:04:20:600	_Error	ไม่สามารถเชื่อมต่อ Server secuill	frmMain.CheckConnectMiddleAndSecuill
2024-10-24 07:04:22:513	Status	กำลังเชื่อมต่อใหม่อีกครั้ง Server secuill	frmMain.CheckConnectMiddleAndSecuill
2024-10-24 07:04:45:898	ERROR	A network-related or instance-specific error occurred while establishing a connection to SQL Server. The server was not found or was not accessible. Verify that the instance name is correct and that SQL Server is configured to allow remote connections. (provider: Named Pipes Provider, error: 40 - Could not open a connection to SQL Server)	cls_condbmiddle.chk_connect_db()
2024-10-24 07:04:47:485	_Error	ไม่สามารถเชื่อมต่อ Server Middle	frmMain.CheckConnectMiddleAndSecuill
2024-10-24 07:04:49:428	Status	กำลังเชื่อมต่อใหม่อีกครั้ง Server Middle	frmMain.CheckConnectMiddleAndSecuill
2024-10-24 07:05:06:223	_Error	A network-related or instance-specific error occurred while establishing a connection to SQL Server. The server was not found or was not accessible. Verify that the instance name is correct and that SQL Server is configured to allow remote connections. (provider: Named Pipes Provider, error: 40 - Could not open a connection to SQL Server)	cls_condbsecuill.chk_connect_db
2024-10-24 07:05:08:145	_Error	ไม่สามารถเชื่อมต่อ Server secuill	frmMain.CheckConnectMiddleAndSecuill
2024-10-24 07:05:10:071	Status	กำลังเชื่อมต่อใหม่อีกครั้ง Server secuill	frmMain.CheckConnectMiddleAndSecuill
2024-10-24 07:05:23:333	ERROR	A network-related or instance-specific error occurred while establishing a connection to SQL Server. The server was not found or was not accessible. Verify that the instance name is correct and that SQL Server is configured to allow remote connections. (provider: SQL Network Interfaces, error: 26 - Error Locating Server/Instance Specified)	 (cls_condbserver.ExecuteNonQuery())
2024-10-24 07:05:33:374	ERROR	A network-related or instance-specific error occurred while establishing a connection to SQL Server. The server was not found or was not accessible. Verify that the instance name is correct and that SQL Server is configured to allow remote connections. (provider: Named Pipes Provider, error: 40 - Could not open a connection to SQL Server)	cls_condbmiddle.chk_connect_db()
2024-10-24 07:05:35:068	_Error	ไม่สามารถเชื่อมต่อ Server Middle	frmMain.CheckConnectMiddleAndSecuill
2024-10-24 07:05:37:013	Status	กำลังเชื่อมต่อใหม่อีกครั้ง Server Middle	frmMain.CheckConnectMiddleAndSecuill
2024-10-24 07:05:53:845	_Error	A network-related or instance-specific error occurred while establishing a connection to SQL Server. The server was not found or was not accessible. Verify that the instance name is correct and that SQL Server is configured to allow remote connections. (provider: Named Pipes Provider, error: 40 - Could not open a connection to SQL Server)	cls_condbsecuill.chk_connect_db
2024-10-24 07:05:55:757	_Error	ไม่สามารถเชื่อมต่อ Server secuill	frmMain.CheckConnectMiddleAndSecuill
2024-10-24 07:05:57:671	Status	กำลังเชื่อมต่อใหม่อีกครั้ง Server secuill	frmMain.CheckConnectMiddleAndSecuill
2024-10-24 07:06:20:861	ERROR	A network-related or instance-specific error occurred while establishing a connection to SQL Server. The server was not found or was not accessible. Verify that the instance name is correct and that SQL Server is configured to allow remote connections. (provider: Named Pipes Provider, error: 40 - Could not open a connection to SQL Server)	cls_condbmiddle.chk_connect_db()
2024-10-24 07:06:22:691	_Error	ไม่สามารถเชื่อมต่อ Server Middle	frmMain.CheckConnectMiddleAndSecuill
2024-10-24 07:06:24:637	Status	กำลังเชื่อมต่อใหม่อีกครั้ง Server Middle	frmMain.CheckConnectMiddleAndSecuill
2024-10-24 07:06:41:465	_Error	A network-related or instance-specific error occurred while establishing a connection to SQL Server. The server was not found or was not accessible. Verify that the instance name is correct and that SQL Server is configured to allow remote connections. (provider: Named Pipes Provider, error: 40 - Could not open a connection to SQL Server)	cls_condbsecuill.chk_connect_db
2024-10-24 07:06:43:381	_Error	ไม่สามารถเชื่อมต่อ Server secuill	frmMain.CheckConnectMiddleAndSecuill
2024-10-24 07:06:45:293	Status	กำลังเชื่อมต่อใหม่อีกครั้ง Server secuill	frmMain.CheckConnectMiddleAndSecuill
2024-10-24 07:07:08:342	ERROR	A network-related or instance-specific error occurred while establishing a connection to SQL Server. The server was not found or was not accessible. Verify that the instance name is correct and that SQL Server is configured to allow remote connections. (provider: Named Pipes Provider, error: 40 - Could not open a connection to SQL Server)	cls_condbmiddle.chk_connect_db()
2024-10-24 07:07:09:834	_Error	ไม่สามารถเชื่อมต่อ Server Middle	frmMain.CheckConnectMiddleAndSecuill
2024-10-24 07:07:12:292	Status	กำลังเชื่อมต่อใหม่อีกครั้ง Server Middle	frmMain.CheckConnectMiddleAndSecuill
2024-10-24 07:07:28:608	_Error	A network-related or instance-specific error occurred while establishing a connection to SQL Server. The server was not found or was not accessible. Verify that the instance name is correct and that SQL Server is configured to allow remote connections. (provider: Named Pipes Provider, error: 40 - Could not open a connection to SQL Server)	cls_condbsecuill.chk_connect_db
2024-10-24 07:07:30:531	_Error	ไม่สามารถเชื่อมต่อ Server secuill	frmMain.CheckConnectMiddleAndSecuill
2024-10-24 07:07:32:432	Status	กำลังเชื่อมต่อใหม่อีกครั้ง Server secuill	frmMain.CheckConnectMiddleAndSecuill
2024-10-24 07:07:55:824	ERROR	A network-related or instance-specific error occurred while establishing a connection to SQL Server. The server was not found or was not accessible. Verify that the instance name is correct and that SQL Server is configured to allow remote connections. (provider: Named Pipes Provider, error: 40 - Could not open a connection to SQL Server)	cls_condbmiddle.chk_connect_db()
2024-10-24 07:07:57:413	_Error	ไม่สามารถเชื่อมต่อ Server Middle	frmMain.CheckConnectMiddleAndSecuill
2024-10-24 07:07:59:353	Status	กำลังเชื่อมต่อใหม่อีกครั้ง Server Middle	frmMain.CheckConnectMiddleAndSecuill
2024-10-24 07:08:16:185	_Error	A network-related or instance-specific error occurred while establishing a connection to SQL Server. The server was not found or was not accessible. Verify that the instance name is correct and that SQL Server is configured to allow remote connections. (provider: Named Pipes Provider, error: 40 - Could not open a connection to SQL Server)	cls_condbsecuill.chk_connect_db
2024-10-24 07:08:18:101	_Error	ไม่สามารถเชื่อมต่อ Server secuill	frmMain.CheckConnectMiddleAndSecuill
2024-10-24 07:08:20:012	Status	กำลังเชื่อมต่อใหม่อีกครั้ง Server secuill	frmMain.CheckConnectMiddleAndSecuill
2024-10-24 07:08:43:280	ERROR	A network-related or instance-specific error occurred while establishing a connection to SQL Server. The server was not found or was not accessible. Verify that the instance name is correct and that SQL Server is configured to allow remote connections. (provider: Named Pipes Provider, error: 40 - Could not open a connection to SQL Server)	cls_condbmiddle.chk_connect_db()
2024-10-24 07:08:44:929	_Error	ไม่สามารถเชื่อมต่อ Server Middle	frmMain.CheckConnectMiddleAndSecuill
2024-10-24 07:08:46:873	Status	กำลังเชื่อมต่อใหม่อีกครั้ง Server Middle	frmMain.CheckConnectMiddleAndSecuill
2024-10-24 07:09:03:660	_Error	A network-related or instance-specific error occurred while establishing a connection to SQL Server. The server was not found or was not accessible. Verify that the instance name is correct and that SQL Server is configured to allow remote connections. (provider: Named Pipes Provider, error: 40 - Could not open a connection to SQL Server)	cls_condbsecuill.chk_connect_db
2024-10-24 07:09:05:574	_Error	ไม่สามารถเชื่อมต่อ Server secuill	frmMain.CheckConnectMiddleAndSecuill
2024-10-24 07:09:07:492	Status	กำลังเชื่อมต่อใหม่อีกครั้ง Server secuill	frmMain.CheckConnectMiddleAndSecuill
2024-10-24 07:09:30:756	ERROR	A network-related or instance-specific error occurred while establishing a connection to SQL Server. The server was not found or was not accessible. Verify that the instance name is correct and that SQL Server is configured to allow remote connections. (provider: Named Pipes Provider, error: 40 - Could not open a connection to SQL Server)	cls_condbmiddle.chk_connect_db()
2024-10-24 07:09:32:530	_Error	ไม่สามารถเชื่อมต่อ Server Middle	frmMain.CheckConnectMiddleAndSecuill
2024-10-24 07:09:34:482	Status	กำลังเชื่อมต่อใหม่อีกครั้ง Server Middle	frmMain.CheckConnectMiddleAndSecuill
2024-10-24 07:09:51:310	_Error	A network-related or instance-specific error occurred while establishing a connection to SQL Server. The server was not found or was not accessible. Verify that the instance name is correct and that SQL Server is configured to allow remote connections. (provider: Named Pipes Provider, error: 40 - Could not open a connection to SQL Server)	cls_condbsecuill.chk_connect_db
2024-10-24 07:09:53:225	_Error	ไม่สามารถเชื่อมต่อ Server secuill	frmMain.CheckConnectMiddleAndSecuill
2024-10-24 07:09:55:149	Status	กำลังเชื่อมต่อใหม่อีกครั้ง Server secuill	frmMain.CheckConnectMiddleAndSecuill
2024-10-24 07:10:08:192	ERROR	A network-related or instance-specific error occurred while establishing a connection to SQL Server. The server was not found or was not accessible. Verify that the instance name is correct and that SQL Server is configured to allow remote connections. (provider: SQL Network Interfaces, error: 26 - Error Locating Server/Instance Specified)	 (cls_condbserver.ExecuteNonQuery())
2024-10-24 07:10:18:210	ERROR	A network-related or instance-specific error occurred while establishing a connection to SQL Server. The server was not found or was not accessible. Verify that the instance name is correct and that SQL Server is configured to allow remote connections. (provider: Named Pipes Provider, error: 40 - Could not open a connection to SQL Server)	cls_condbmiddle.chk_connect_db()
2024-10-24 07:10:19:673	_Error	ไม่สามารถเชื่อมต่อ Server Middle	frmMain.CheckConnectMiddleAndSecuill
2024-10-24 07:10:22:139	Status	กำลังเชื่อมต่อใหม่อีกครั้ง Server Middle	frmMain.CheckConnectMiddleAndSecuill
2024-10-24 07:10:38:461	_Error	A network-related or instance-specific error occurred while establishing a connection to SQL Server. The server was not found or was not accessible. Verify that the instance name is correct and that SQL Server is configured to allow remote connections. (provider: Named Pipes Provider, error: 40 - Could not open a connection to SQL Server)	cls_condbsecuill.chk_connect_db
2024-10-24 07:10:40:369	_Error	ไม่สามารถเชื่อมต่อ Server secuill	frmMain.CheckConnectMiddleAndSecuill
2024-10-24 07:10:42:290	Status	กำลังเชื่อมต่อใหม่อีกครั้ง Server secuill	frmMain.CheckConnectMiddleAndSecuill
2024-10-24 07:11:05:644	ERROR	A network-related or instance-specific error occurred while establishing a connection to SQL Server. The server was not found or was not accessible. Verify that the instance name is correct and that SQL Server is configured to allow remote connections. (provider: Named Pipes Provider, error: 40 - Could not open a connection to SQL Server)	cls_condbmiddle.chk_connect_db()
2024-10-24 07:11:07:249	_Error	ไม่สามารถเชื่อมต่อ Server Middle	frmMain.CheckConnectMiddleAndSecuill
2024-10-24 07:11:09:200	Status	กำลังเชื่อมต่อใหม่อีกครั้ง Server Middle	frmMain.CheckConnectMiddleAndSecuill
2024-10-24 07:11:26:017	_Error	A network-related or instance-specific error occurred while establishing a connection to SQL Server. The server was not found or was not accessible. Verify that the instance name is correct and that SQL Server is configured to allow remote connections. (provider: Named Pipes Provider, error: 40 - Could not open a connection to SQL Server)	cls_condbsecuill.chk_connect_db
2024-10-24 07:11:27:941	_Error	ไม่สามารถเชื่อมต่อ Server secuill	frmMain.CheckConnectMiddleAndSecuill
2024-10-24 07:11:29:866	Status	กำลังเชื่อมต่อใหม่อีกครั้ง Server secuill	frmMain.CheckConnectMiddleAndSecuill
2024-10-24 07:11:53:174	ERROR	A network-related or instance-specific error occurred while establishing a connection to SQL Server. The server was not found or was not accessible. Verify that the instance name is correct and that SQL Server is configured to allow remote connections. (provider: Named Pipes Provider, error: 40 - Could not open a connection to SQL Server)	cls_condbmiddle.chk_connect_db()
2024-10-24 07:11:54:873	_Error	ไม่สามารถเชื่อมต่อ Server Middle	frmMain.CheckConnectMiddleAndSecuill
2024-10-24 07:11:56:815	Status	กำลังเชื่อมต่อใหม่อีกครั้ง Server Middle	frmMain.CheckConnectMiddleAndSecuill
2024-10-24 07:12:13:630	_Error	A network-related or instance-specific error occurred while establishing a connection to SQL Server. The server was not found or was not accessible. Verify that the instance name is correct and that SQL Server is configured to allow remote connections. (provider: Named Pipes Provider, error: 40 - Could not open a connection to SQL Server)	cls_condbsecuill.chk_connect_db
2024-10-24 07:12:15:544	_Error	ไม่สามารถเชื่อมต่อ Server secuill	frmMain.CheckConnectMiddleAndSecuill
2024-10-24 07:12:17:448	Status	กำลังเชื่อมต่อใหม่อีกครั้ง Server secuill	frmMain.CheckConnectMiddleAndSecuill
2024-10-24 07:12:40:679	ERROR	A network-related or instance-specific error occurred while establishing a connection to SQL Server. The server was not found or was not accessible. Verify that the instance name is correct and that SQL Server is configured to allow remote connections. (provider: Named Pipes Provider, error: 40 - Could not open a connection to SQL Server)	cls_condbmiddle.chk_connect_db()
2024-10-24 07:12:42:448	_Error	ไม่สามารถเชื่อมต่อ Server Middle	frmMain.CheckConnectMiddleAndSecuill
2024-10-24 07:12:44:395	Status	กำลังเชื่อมต่อใหม่อีกครั้ง Server Middle	frmMain.CheckConnectMiddleAndSecuill
2024-10-24 07:13:01:241	_Error	A network-related or instance-specific error occurred while establishing a connection to SQL Server. The server was not found or was not accessible. Verify that the instance name is correct and that SQL Server is configured to allow remote connections. (provider: Named Pipes Provider, error: 40 - Could not open a connection to SQL Server)	cls_condbsecuill.chk_connect_db
2024-10-24 07:13:03:156	_Error	ไม่สามารถเชื่อมต่อ Server secuill	frmMain.CheckConnectMiddleAndSecuill
2024-10-24 07:13:05:078	Status	กำลังเชื่อมต่อใหม่อีกครั้ง Server secuill	frmMain.CheckConnectMiddleAndSecuill
2024-10-24 07:13:28:162	ERROR	A network-related or instance-specific error occurred while establishing a connection to SQL Server. The server was not found or was not accessible. Verify that the instance name is correct and that SQL Server is configured to allow remote connections. (provider: Named Pipes Provider, error: 40 - Could not open a connection to SQL Server)	cls_condbmiddle.chk_connect_db()
2024-10-24 07:13:30:120	_Error	ไม่สามารถเชื่อมต่อ Server Middle	frmMain.CheckConnectMiddleAndSecuill
2024-10-24 07:13:32:051	Status	กำลังเชื่อมต่อใหม่อีกครั้ง Server Middle	frmMain.CheckConnectMiddleAndSecuill
2024-10-24 07:13:48:371	_Error	A network-related or instance-specific error occurred while establishing a connection to SQL Server. The server was not found or was not accessible. Verify that the instance name is correct and that SQL Server is configured to allow remote connections. (provider: Named Pipes Provider, error: 40 - Could not open a connection to SQL Server)	cls_condbsecuill.chk_connect_db
2024-10-24 07:13:50:291	_Error	ไม่สามารถเชื่อมต่อ Server secuill	frmMain.CheckConnectMiddleAndSecuill
2024-10-24 07:13:52:203	Status	กำลังเชื่อมต่อใหม่อีกครั้ง Server secuill	frmMain.CheckConnectMiddleAndSecuill
2024-10-24 07:14:15:645	ERROR	A network-related or instance-specific error occurred while establishing a connection to SQL Server. The server was not found or was not accessible. Verify that the instance name is correct and that SQL Server is configured to allow remote connections. (provider: Named Pipes Provider, error: 40 - Could not open a connection to SQL Server)	cls_condbmiddle.chk_connect_db()
2024-10-24 07:14:17:198	_Error	ไม่สามารถเชื่อมต่อ Server Middle	frmMain.CheckConnectMiddleAndSecuill
2024-10-24 07:14:19:144	Status	กำลังเชื่อมต่อใหม่อีกครั้ง Server Middle	frmMain.CheckConnectMiddleAndSecuill
2024-10-24 07:14:35:973	_Error	A network-related or instance-specific error occurred while establishing a connection to SQL Server. The server was not found or was not accessible. Verify that the instance name is correct and that SQL Server is configured to allow remote connections. (provider: Named Pipes Provider, error: 40 - Could not open a connection to SQL Server)	cls_condbsecuill.chk_connect_db
2024-10-24 07:14:37:891	_Error	ไม่สามารถเชื่อมต่อ Server secuill	frmMain.CheckConnectMiddleAndSecuill
2024-10-24 07:14:39:810	Status	กำลังเชื่อมต่อใหม่อีกครั้ง Server secuill	frmMain.CheckConnectMiddleAndSecuill
2024-10-24 07:14:53:089	ERROR	A network-related or instance-specific error occurred while establishing a connection to SQL Server. The server was not found or was not accessible. Verify that the instance name is correct and that SQL Server is configured to allow remote connections. (provider: SQL Network Interfaces, error: 26 - Error Locating Server/Instance Specified)	 (cls_condbserver.ExecuteNonQuery())
2024-10-24 07:15:03:099	ERROR	A network-related or instance-specific error occurred while establishing a connection to SQL Server. The server was not found or was not accessible. Verify that the instance name is correct and that SQL Server is configured to allow remote connections. (provider: Named Pipes Provider, error: 40 - Could not open a connection to SQL Server)	cls_condbmiddle.chk_connect_db()
2024-10-24 07:15:04:800	_Error	ไม่สามารถเชื่อมต่อ Server Middle	frmMain.CheckConnectMiddleAndSecuill
2024-10-24 07:15:06:748	Status	กำลังเชื่อมต่อใหม่อีกครั้ง Server Middle	frmMain.CheckConnectMiddleAndSecuill
2024-10-24 07:15:23:556	_Error	A network-related or instance-specific error occurred while establishing a connection to SQL Server. The server was not found or was not accessible. Verify that the instance name is correct and that SQL Server is configured to allow remote connections. (provider: Named Pipes Provider, error: 40 - Could not open a connection to SQL Server)	cls_condbsecuill.chk_connect_db
2024-10-24 07:15:25:472	_Error	ไม่สามารถเชื่อมต่อ Server secuill	frmMain.CheckConnectMiddleAndSecuill
2024-10-24 07:15:27:387	Status	กำลังเชื่อมต่อใหม่อีกครั้ง Server secuill	frmMain.CheckConnectMiddleAndSecuill
2024-10-24 07:15:50:589	ERROR	A network-related or instance-specific error occurred while establishing a connection to SQL Server. The server was not found or was not accessible. Verify that the instance name is correct and that SQL Server is configured to allow remote connections. (provider: Named Pipes Provider, error: 40 - Could not open a connection to SQL Server)	cls_condbmiddle.chk_connect_db()
2024-10-24 07:15:52:466	_Error	ไม่สามารถเชื่อมต่อ Server Middle	frmMain.CheckConnectMiddleAndSecuill
2024-10-24 07:15:54:410	Status	กำลังเชื่อมต่อใหม่อีกครั้ง Server Middle	frmMain.CheckConnectMiddleAndSecuill
2024-10-24 07:16:11:246	_Error	A network-related or instance-specific error occurred while establishing a connection to SQL Server. The server was not found or was not accessible. Verify that the instance name is correct and that SQL Server is configured to allow remote connections. (provider: Named Pipes Provider, error: 40 - Could not open a connection to SQL Server)	cls_condbsecuill.chk_connect_db
2024-10-24 07:16:13:160	_Error	ไม่สามารถเชื่อมต่อ Server secuill	frmMain.CheckConnectMiddleAndSecuill
2024-10-24 07:16:15:072	Status	กำลังเชื่อมต่อใหม่อีกครั้ง Server secuill	frmMain.CheckConnectMiddleAndSecuill
2024-10-24 07:16:38:027	ERROR	A network-related or instance-specific error occurred while establishing a connection to SQL Server. The server was not found or was not accessible. Verify that the instance name is correct and that SQL Server is configured to allow remote connections. (provider: Named Pipes Provider, error: 40 - Could not open a connection to SQL Server)	cls_condbmiddle.chk_connect_db()
2024-10-24 07:16:39:554	_Error	ไม่สามารถเชื่อมต่อ Server Middle	frmMain.CheckConnectMiddleAndSecuill
2024-10-24 07:16:41:502	Status	กำลังเชื่อมต่อใหม่อีกครั้ง Server Middle	frmMain.CheckConnectMiddleAndSecuill
2024-10-24 07:16:58:318	_Error	A network-related or instance-specific error occurred while establishing a connection to SQL Server. The server was not found or was not accessible. Verify that the instance name is correct and that SQL Server is configured to allow remote connections. (provider: Named Pipes Provider, error: 40 - Could not open a connection to SQL Server)	cls_condbsecuill.chk_connect_db
2024-10-24 07:17:00:232	_Error	ไม่สามารถเชื่อมต่อ Server secuill	frmMain.CheckConnectMiddleAndSecuill
2024-10-24 07:17:02:147	Status	กำลังเชื่อมต่อใหม่อีกครั้ง Server secuill	frmMain.CheckConnectMiddleAndSecuill
2024-10-24 07:17:25:501	ERROR	A network-related or instance-specific error occurred while establishing a connection to SQL Server. The server was not found or was not accessible. Verify that the instance name is correct and that SQL Server is configured to allow remote connections. (provider: Named Pipes Provider, error: 40 - Could not open a connection to SQL Server)	cls_condbmiddle.chk_connect_db()
2024-10-24 07:17:27:103	_Error	ไม่สามารถเชื่อมต่อ Server Middle	frmMain.CheckConnectMiddleAndSecuill
2024-10-24 07:17:29:059	Status	กำลังเชื่อมต่อใหม่อีกครั้ง Server Middle	frmMain.CheckConnectMiddleAndSecuill
2024-10-24 07:17:45:906	_Error	A network-related or instance-specific error occurred while establishing a connection to SQL Server. The server was not found or was not accessible. Verify that the instance name is correct and that SQL Server is configured to allow remote connections. (provider: Named Pipes Provider, error: 40 - Could not open a connection to SQL Server)	cls_condbsecuill.chk_connect_db
2024-10-24 07:17:47:821	_Error	ไม่สามารถเชื่อมต่อ Server secuill	frmMain.CheckConnectMiddleAndSecuill
2024-10-24 07:17:49:737	Status	กำลังเชื่อมต่อใหม่อีกครั้ง Server secuill	frmMain.CheckConnectMiddleAndSecuill
2024-10-24 07:18:12:958	ERROR	A network-related or instance-specific error occurred while establishing a connection to SQL Server. The server was not found or was not accessible. Verify that the instance name is correct and that SQL Server is configured to allow remote connections. (provider: Named Pipes Provider, error: 40 - Could not open a connection to SQL Server)	cls_condbmiddle.chk_connect_db()
2024-10-24 07:18:14:727	_Error	ไม่สามารถเชื่อมต่อ Server Middle	frmMain.CheckConnectMiddleAndSecuill
2024-10-24 07:18:16:736	Status	กำลังเชื่อมต่อใหม่อีกครั้ง Server Middle	frmMain.CheckConnectMiddleAndSecuill
2024-10-24 07:18:33:542	_Error	A network-related or instance-specific error occurred while establishing a connection to SQL Server. The server was not found or was not accessible. Verify that the instance name is correct and that SQL Server is configured to allow remote connections. (provider: Named Pipes Provider, error: 40 - Could not open a connection to SQL Server)	cls_condbsecuill.chk_connect_db
2024-10-24 07:18:35:455	_Error	ไม่สามารถเชื่อมต่อ Server secuill	frmMain.CheckConnectMiddleAndSecuill
2024-10-24 07:18:37:372	Status	กำลังเชื่อมต่อใหม่อีกครั้ง Server secuill	frmMain.CheckConnectMiddleAndSecuill
2024-10-24 07:19:00:435	ERROR	A network-related or instance-specific error occurred while establishing a connection to SQL Server. The server was not found or was not accessible. Verify that the instance name is correct and that SQL Server is configured to allow remote connections. (provider: Named Pipes Provider, error: 40 - Could not open a connection to SQL Server)	cls_condbmiddle.chk_connect_db()
2024-10-24 07:19:01:910	_Error	ไม่สามารถเชื่อมต่อ Server Middle	frmMain.CheckConnectMiddleAndSecuill
2024-10-24 07:19:04:372	Status	กำลังเชื่อมต่อใหม่อีกครั้ง Server Middle	frmMain.CheckConnectMiddleAndSecuill
2024-10-24 07:19:20:663	_Error	A network-related or instance-specific error occurred while establishing a connection to SQL Server. The server was not found or was not accessible. Verify that the instance name is correct and that SQL Server is configured to allow remote connections. (provider: Named Pipes Provider, error: 40 - Could not open a connection to SQL Server)	cls_condbsecuill.chk_connect_db
2024-10-24 07:19:22:570	_Error	ไม่สามารถเชื่อมต่อ Server secuill	frmMain.CheckConnectMiddleAndSecuill
2024-10-24 07:19:24:496	Status	กำลังเชื่อมต่อใหม่อีกครั้ง Server secuill	frmMain.CheckConnectMiddleAndSecuill
2024-10-24 07:19:37:873	ERROR	A network-related or instance-specific error occurred while establishing a connection to SQL Server. The server was not found or was not accessible. Verify that the instance name is correct and that SQL Server is configured to allow remote connections. (provider: SQL Network Interfaces, error: 26 - Error Locating Server/Instance Specified)	 (cls_condbserver.ExecuteNonQuery())
2024-10-24 07:19:47:905	ERROR	A network-related or instance-specific error occurred while establishing a connection to SQL Server. The server was not found or was not accessible. Verify that the instance name is correct and that SQL Server is configured to allow remote connections. (provider: Named Pipes Provider, error: 40 - Could not open a connection to SQL Server)	cls_condbmiddle.chk_connect_db()
2024-10-24 07:19:49:524	_Error	ไม่สามารถเชื่อมต่อ Server Middle	frmMain.CheckConnectMiddleAndSecuill
2024-10-24 07:19:51:473	Status	กำลังเชื่อมต่อใหม่อีกครั้ง Server Middle	frmMain.CheckConnectMiddleAndSecuill
2024-10-24 07:20:08:304	_Error	A network-related or instance-specific error occurred while establishing a connection to SQL Server. The server was not found or was not accessible. Verify that the instance name is correct and that SQL Server is configured to allow remote connections. (provider: Named Pipes Provider, error: 40 - Could not open a connection to SQL Server)	cls_condbsecuill.chk_connect_db
2024-10-24 07:20:10:221	_Error	ไม่สามารถเชื่อมต่อ Server secuill	frmMain.CheckConnectMiddleAndSecuill
2024-10-24 07:20:12:142	Status	กำลังเชื่อมต่อใหม่อีกครั้ง Server secuill	frmMain.CheckConnectMiddleAndSecuill
2024-10-24 07:20:35:354	ERROR	A network-related or instance-specific error occurred while establishing a connection to SQL Server. The server was not found or was not accessible. Verify that the instance name is correct and that SQL Server is configured to allow remote connections. (provider: Named Pipes Provider, error: 40 - Could not open a connection to SQL Server)	cls_condbmiddle.chk_connect_db()
2024-10-24 07:20:37:136	_Error	ไม่สามารถเชื่อมต่อ Server Middle	frmMain.CheckConnectMiddleAndSecuill
2024-10-24 07:20:39:083	Status	กำลังเชื่อมต่อใหม่อีกครั้ง Server Middle	frmMain.CheckConnectMiddleAndSecuill
2024-10-24 07:20:55:873	_Error	A network-related or instance-specific error occurred while establishing a connection to SQL Server. The server was not found or was not accessible. Verify that the instance name is correct and that SQL Server is configured to allow remote connections. (provider: Named Pipes Provider, error: 40 - Could not open a connection to SQL Server)	cls_condbsecuill.chk_connect_db
2024-10-24 07:20:57:788	_Error	ไม่สามารถเชื่อมต่อ Server secuill	frmMain.CheckConnectMiddleAndSecuill
2024-10-24 07:20:59:700	Status	กำลังเชื่อมต่อใหม่อีกครั้ง Server secuill	frmMain.CheckConnectMiddleAndSecuill
2024-10-24 07:21:22:790	ERROR	A network-related or instance-specific error occurred while establishing a connection to SQL Server. The server was not found or was not accessible. Verify that the instance name is correct and that SQL Server is configured to allow remote connections. (provider: Named Pipes Provider, error: 40 - Could not open a connection to SQL Server)	cls_condbmiddle.chk_connect_db()
2024-10-24 07:21:24:721	_Error	ไม่สามารถเชื่อมต่อ Server Middle	frmMain.CheckConnectMiddleAndSecuill
2024-10-24 07:21:26:667	Status	กำลังเชื่อมต่อใหม่อีกครั้ง Server Middle	frmMain.CheckConnectMiddleAndSecuill
2024-10-24 07:21:43:423	_Error	A network-related or instance-specific error occurred while establishing a connection to SQL Server. The server was not found or was not accessible. Verify that the instance name is correct and that SQL Server is configured to allow remote connections. (provider: Named Pipes Provider, error: 40 - Could not open a connection to SQL Server)	cls_condbsecuill.chk_connect_db
2024-10-24 07:21:45:344	_Error	ไม่สามารถเชื่อมต่อ Server secuill	frmMain.CheckConnectMiddleAndSecuill
2024-10-24 07:21:47:264	Status	กำลังเชื่อมต่อใหม่อีกครั้ง Server secuill	frmMain.CheckConnectMiddleAndSecuill
2024-10-24 07:22:10:262	ERROR	A network-related or instance-specific error occurred while establishing a connection to SQL Server. The server was not found or was not accessible. Verify that the instance name is correct and that SQL Server is configured to allow remote connections. (provider: Named Pipes Provider, error: 40 - Could not open a connection to SQL Server)	cls_condbmiddle.chk_connect_db()
2024-10-24 07:22:11:803	_Error	ไม่สามารถเชื่อมต่อ Server Middle	frmMain.CheckConnectMiddleAndSecuill
2024-10-24 07:22:13:749	Status	กำลังเชื่อมต่อใหม่อีกครั้ง Server Middle	frmMain.CheckConnectMiddleAndSecuill
2024-10-24 07:22:30:553	_Error	A network-related or instance-specific error occurred while establishing a connection to SQL Server. The server was not found or was not accessible. Verify that the instance name is correct and that SQL Server is configured to allow remote connections. (provider: Named Pipes Provider, error: 40 - Could not open a connection to SQL Server)	cls_condbsecuill.chk_connect_db
2024-10-24 07:22:32:471	_Error	ไม่สามารถเชื่อมต่อ Server secuill	frmMain.CheckConnectMiddleAndSecuill
2024-10-24 07:22:34:383	Status	กำลังเชื่อมต่อใหม่อีกครั้ง Server secuill	frmMain.CheckConnectMiddleAndSecuill
2024-10-24 07:22:57:714	ERROR	A network-related or instance-specific error occurred while establishing a connection to SQL Server. The server was not found or was not accessible. Verify that the instance name is correct and that SQL Server is configured to allow remote connections. (provider: Named Pipes Provider, error: 40 - Could not open a connection to SQL Server)	cls_condbmiddle.chk_connect_db()
2024-10-24 07:22:59:375	_Error	ไม่สามารถเชื่อมต่อ Server Middle	frmMain.CheckConnectMiddleAndSecuill
2024-10-24 07:23:01:325	Status	กำลังเชื่อมต่อใหม่อีกครั้ง Server Middle	frmMain.CheckConnectMiddleAndSecuill
2024-10-24 07:23:18:177	_Error	A network-related or instance-specific error occurred while establishing a connection to SQL Server. The server was not found or was not accessible. Verify that the instance name is correct and that SQL Server is configured to allow remote connections. (provider: Named Pipes Provider, error: 40 - Could not open a connection to SQL Server)	cls_condbsecuill.chk_connect_db
2024-10-24 07:23:20:089	_Error	ไม่สามารถเชื่อมต่อ Server secuill	frmMain.CheckConnectMiddleAndSecuill
2024-10-24 07:23:21:988	Status	กำลังเชื่อมต่อใหม่อีกครั้ง Server secuill	frmMain.CheckConnectMiddleAndSecuill
2024-10-24 07:23:45:189	ERROR	A network-related or instance-specific error occurred while establishing a connection to SQL Server. The server was not found or was not accessible. Verify that the instance name is correct and that SQL Server is configured to allow remote connections. (provider: Named Pipes Provider, error: 40 - Could not open a connection to SQL Server)	cls_condbmiddle.chk_connect_db()
2024-10-24 07:23:46:960	_Error	ไม่สามารถเชื่อมต่อ Server Middle	frmMain.CheckConnectMiddleAndSecuill
2024-10-24 07:23:48:920	Status	กำลังเชื่อมต่อใหม่อีกครั้ง Server Middle	frmMain.CheckConnectMiddleAndSecuill
2024-10-24 07:24:05:732	_Error	A network-related or instance-specific error occurred while establishing a connection to SQL Server. The server was not found or was not accessible. Verify that the instance name is correct and that SQL Server is configured to allow remote connections. (provider: Named Pipes Provider, error: 40 - Could not open a connection to SQL Server)	cls_condbsecuill.chk_connect_db
2024-10-24 07:24:07:647	_Error	ไม่สามารถเชื่อมต่อ Server secuill	frmMain.CheckConnectMiddleAndSecuill
2024-10-24 07:24:09:563	Status	กำลังเชื่อมต่อใหม่อีกครั้ง Server secuill	frmMain.CheckConnectMiddleAndSecuill
2024-10-24 07:24:22:587	ERROR	A network-related or instance-specific error occurred while establishing a connection to SQL Server. The server was not found or was not accessible. Verify that the instance name is correct and that SQL Server is configured to allow remote connections. (provider: SQL Network Interfaces, error: 26 - Error Locating Server/Instance Specified)	 (cls_condbserver.ExecuteNonQuery())
2024-10-24 07:24:32:638	ERROR	A network-related or instance-specific error occurred while establishing a connection to SQL Server. The server was not found or was not accessible. Verify that the instance name is correct and that SQL Server is configured to allow remote connections. (provider: Named Pipes Provider, error: 40 - Could not open a connection to SQL Server)	cls_condbmiddle.chk_connect_db()
2024-10-24 07:24:34:564	_Error	ไม่สามารถเชื่อมต่อ Server Middle	frmMain.CheckConnectMiddleAndSecuill
2024-10-24 07:24:36:511	Status	กำลังเชื่อมต่อใหม่อีกครั้ง Server Middle	frmMain.CheckConnectMiddleAndSecuill
2024-10-24 07:24:52:831	_Error	A network-related or instance-specific error occurred while establishing a connection to SQL Server. The server was not found or was not accessible. Verify that the instance name is correct and that SQL Server is configured to allow remote connections. (provider: Named Pipes Provider, error: 40 - Could not open a connection to SQL Server)	cls_condbsecuill.chk_connect_db
2024-10-24 07:24:54:741	_Error	ไม่สามารถเชื่อมต่อ Server secuill	frmMain.CheckConnectMiddleAndSecuill
2024-10-24 07:24:56:660	Status	กำลังเชื่อมต่อใหม่อีกครั้ง Server secuill	frmMain.CheckConnectMiddleAndSecuill
2024-10-24 07:25:20:089	ERROR	A network-related or instance-specific error occurred while establishing a connection to SQL Server. The server was not found or was not accessible. Verify that the instance name is correct and that SQL Server is configured to allow remote connections. (provider: Named Pipes Provider, error: 40 - Could not open a connection to SQL Server)	cls_condbmiddle.chk_connect_db()
2024-10-24 07:25:21:648	_Error	ไม่สามารถเชื่อมต่อ Server Middle	frmMain.CheckConnectMiddleAndSecuill
2024-10-24 07:25:23:594	Status	กำลังเชื่อมต่อใหม่อีกครั้ง Server Middle	frmMain.CheckConnectMiddleAndSecuill
2024-10-24 07:25:40:407	_Error	A network-related or instance-specific error occurred while establishing a connection to SQL Server. The server was not found or was not accessible. Verify that the instance name is correct and that SQL Server is configured to allow remote connections. (provider: Named Pipes Provider, error: 40 - Could not open a connection to SQL Server)	cls_condbsecuill.chk_connect_db
2024-10-24 07:25:42:328	_Error	ไม่สามารถเชื่อมต่อ Server secuill	frmMain.CheckConnectMiddleAndSecuill
2024-10-24 07:25:44:243	Status	กำลังเชื่อมต่อใหม่อีกครั้ง Server secuill	frmMain.CheckConnectMiddleAndSecuill
2024-10-24 07:26:07:546	ERROR	A network-related or instance-specific error occurred while establishing a connection to SQL Server. The server was not found or was not accessible. Verify that the instance name is correct and that SQL Server is configured to allow remote connections. (provider: Named Pipes Provider, error: 40 - Could not open a connection to SQL Server)	cls_condbmiddle.chk_connect_db()
2024-10-24 07:26:09:270	_Error	ไม่สามารถเชื่อมต่อ Server Middle	frmMain.CheckConnectMiddleAndSecuill
2024-10-24 07:26:11:223	Status	กำลังเชื่อมต่อใหม่อีกครั้ง Server Middle	frmMain.CheckConnectMiddleAndSecuill
2024-10-24 07:26:28:057	_Error	A network-related or instance-specific error occurred while establishing a connection to SQL Server. The server was not found or was not accessible. Verify that the instance name is correct and that SQL Server is configured to allow remote connections. (provider: Named Pipes Provider, error: 40 - Could not open a connection to SQL Server)	cls_condbsecuill.chk_connect_db
2024-10-24 07:26:29:961	_Error	ไม่สามารถเชื่อมต่อ Server secuill	frmMain.CheckConnectMiddleAndSecuill
2024-10-24 07:26:31:873	Status	กำลังเชื่อมต่อใหม่อีกครั้ง Server secuill	frmMain.CheckConnectMiddleAndSecuill
2024-10-24 07:26:55:015	ERROR	A network-related or instance-specific error occurred while establishing a connection to SQL Server. The server was not found or was not accessible. Verify that the instance name is correct and that SQL Server is configured to allow remote connections. (provider: Named Pipes Provider, error: 40 - Could not open a connection to SQL Server)	cls_condbmiddle.chk_connect_db()
2024-10-24 07:26:56:849	_Error	ไม่สามารถเชื่อมต่อ Server Middle	frmMain.CheckConnectMiddleAndSecuill
2024-10-24 07:26:58:795	Status	กำลังเชื่อมต่อใหม่อีกครั้ง Server Middle	frmMain.CheckConnectMiddleAndSecuill
2024-10-24 07:27:15:592	_Error	A network-related or instance-specific error occurred while establishing a connection to SQL Server. The server was not found or was not accessible. Verify that the instance name is correct and that SQL Server is configured to allow remote connections. (provider: Named Pipes Provider, error: 40 - Could not open a connection to SQL Server)	cls_condbsecuill.chk_connect_db
2024-10-24 07:27:17:500	_Error	ไม่สามารถเชื่อมต่อ Server secuill	frmMain.CheckConnectMiddleAndSecuill
2024-10-24 07:27:19:420	Status	กำลังเชื่อมต่อใหม่อีกครั้ง Server secuill	frmMain.CheckConnectMiddleAndSecuill
2024-10-24 07:27:42:470	ERROR	A network-related or instance-specific error occurred while establishing a connection to SQL Server. The server was not found or was not accessible. Verify that the instance name is correct and that SQL Server is configured to allow remote connections. (provider: Named Pipes Provider, error: 40 - Could not open a connection to SQL Server)	cls_condbmiddle.chk_connect_db()
2024-10-24 07:27:44:432	_Error	ไม่สามารถเชื่อมต่อ Server Middle	frmMain.CheckConnectMiddleAndSecuill
2024-10-24 07:27:46:376	Status	กำลังเชื่อมต่อใหม่อีกครั้ง Server Middle	frmMain.CheckConnectMiddleAndSecuill
2024-10-24 07:28:02:680	_Error	A network-related or instance-specific error occurred while establishing a connection to SQL Server. The server was not found or was not accessible. Verify that the instance name is correct and that SQL Server is configured to allow remote connections. (provider: Named Pipes Provider, error: 40 - Could not open a connection to SQL Server)	cls_condbsecuill.chk_connect_db
2024-10-24 07:28:04:594	_Error	ไม่สามารถเชื่อมต่อ Server secuill	frmMain.CheckConnectMiddleAndSecuill
2024-10-24 07:28:06:510	Status	กำลังเชื่อมต่อใหม่อีกครั้ง Server secuill	frmMain.CheckConnectMiddleAndSecuill
2024-10-24 07:28:29:968	ERROR	A network-related or instance-specific error occurred while establishing a connection to SQL Server. The server was not found or was not accessible. Verify that the instance name is correct and that SQL Server is configured to allow remote connections. (provider: Named Pipes Provider, error: 40 - Could not open a connection to SQL Server)	cls_condbmiddle.chk_connect_db()
2024-10-24 07:28:31:513	_Error	ไม่สามารถเชื่อมต่อ Server Middle	frmMain.CheckConnectMiddleAndSecuill
2024-10-24 07:28:33:458	Status	กำลังเชื่อมต่อใหม่อีกครั้ง Server Middle	frmMain.CheckConnectMiddleAndSecuill
2024-10-24 07:28:50:268	_Error	A network-related or instance-specific error occurred while establishing a connection to SQL Server. The server was not found or was not accessible. Verify that the instance name is correct and that SQL Server is configured to allow remote connections. (provider: Named Pipes Provider, error: 40 - Could not open a connection to SQL Server)	cls_condbsecuill.chk_connect_db
2024-10-24 07:28:52:181	_Error	ไม่สามารถเชื่อมต่อ Server secuill	frmMain.CheckConnectMiddleAndSecuill
2024-10-24 07:28:54:095	Status	กำลังเชื่อมต่อใหม่อีกครั้ง Server secuill	frmMain.CheckConnectMiddleAndSecuill
2024-10-24 07:29:07:411	ERROR	A network-related or instance-specific error occurred while establishing a connection to SQL Server. The server was not found or was not accessible. Verify that the instance name is correct and that SQL Server is configured to allow remote connections. (provider: SQL Network Interfaces, error: 26 - Error Locating Server/Instance Specified)	 (cls_condbserver.ExecuteNonQuery())
2024-10-24 07:29:17:437	ERROR	A network-related or instance-specific error occurred while establishing a connection to SQL Server. The server was not found or was not accessible. Verify that the instance name is correct and that SQL Server is configured to allow remote connections. (provider: Named Pipes Provider, error: 40 - Could not open a connection to SQL Server)	cls_condbmiddle.chk_connect_db()
2024-10-24 07:29:19:107	_Error	ไม่สามารถเชื่อมต่อ Server Middle	frmMain.CheckConnectMiddleAndSecuill
2024-10-24 07:29:21:063	Status	กำลังเชื่อมต่อใหม่อีกครั้ง Server Middle	frmMain.CheckConnectMiddleAndSecuill
2024-10-24 07:29:37:872	_Error	A network-related or instance-specific error occurred while establishing a connection to SQL Server. The server was not found or was not accessible. Verify that the instance name is correct and that SQL Server is configured to allow remote connections. (provider: Named Pipes Provider, error: 40 - Could not open a connection to SQL Server)	cls_condbsecuill.chk_connect_db
2024-10-24 07:29:39:790	_Error	ไม่สามารถเชื่อมต่อ Server secuill	frmMain.CheckConnectMiddleAndSecuill
2024-10-24 07:29:41:707	Status	กำลังเชื่อมต่อใหม่อีกครั้ง Server secuill	frmMain.CheckConnectMiddleAndSecuill
2024-10-24 07:30:04:928	ERROR	A network-related or instance-specific error occurred while establishing a connection to SQL Server. The server was not found or was not accessible. Verify that the instance name is correct and that SQL Server is configured to allow remote connections. (provider: Named Pipes Provider, error: 40 - Could not open a connection to SQL Server)	cls_condbmiddle.chk_connect_db()
2024-10-24 07:30:06:732	_Error	ไม่สามารถเชื่อมต่อ Server Middle	frmMain.CheckConnectMiddleAndSecuill
2024-10-24 07:30:08:679	Status	กำลังเชื่อมต่อใหม่อีกครั้ง Server Middle	frmMain.CheckConnectMiddleAndSecuill
2024-10-24 07:30:25:493	_Error	A network-related or instance-specific error occurred while establishing a connection to SQL Server. The server was not found or was not accessible. Verify that the instance name is correct and that SQL Server is configured to allow remote connections. (provider: Named Pipes Provider, error: 40 - Could not open a connection to SQL Server)	cls_condbsecuill.chk_connect_db
2024-10-24 07:30:27:409	_Error	ไม่สามารถเชื่อมต่อ Server secuill	frmMain.CheckConnectMiddleAndSecuill
2024-10-24 07:30:29:325	Status	กำลังเชื่อมต่อใหม่อีกครั้ง Server secuill	frmMain.CheckConnectMiddleAndSecuill
2024-10-24 07:30:52:412	ERROR	A network-related or instance-specific error occurred while establishing a connection to SQL Server. The server was not found or was not accessible. Verify that the instance name is correct and that SQL Server is configured to allow remote connections. (provider: Named Pipes Provider, error: 40 - Could not open a connection to SQL Server)	cls_condbmiddle.chk_connect_db()
2024-10-24 07:30:54:350	_Error	ไม่สามารถเชื่อมต่อ Server Middle	frmMain.CheckConnectMiddleAndSecuill
2024-10-24 07:30:56:289	Status	กำลังเชื่อมต่อใหม่อีกครั้ง Server Middle	frmMain.CheckConnectMiddleAndSecuill
2024-10-24 07:31:12:577	_Error	A network-related or instance-specific error occurred while establishing a connection to SQL Server. The server was not found or was not accessible. Verify that the instance name is correct and that SQL Server is configured to allow remote connections. (provider: Named Pipes Provider, error: 40 - Could not open a connection to SQL Server)	cls_condbsecuill.chk_connect_db
2024-10-24 07:31:14:494	_Error	ไม่สามารถเชื่อมต่อ Server secuill	frmMain.CheckConnectMiddleAndSecuill
2024-10-24 07:31:16:404	Status	กำลังเชื่อมต่อใหม่อีกครั้ง Server secuill	frmMain.CheckConnectMiddleAndSecuill
2024-10-24 07:31:39:843	ERROR	A network-related or instance-specific error occurred while establishing a connection to SQL Server. The server was not found or was not accessible. Verify that the instance name is correct and that SQL Server is configured to allow remote connections. (provider: Named Pipes Provider, error: 40 - Could not open a connection to SQL Server)	cls_condbmiddle.chk_connect_db()
2024-10-24 07:31:41:428	_Error	ไม่สามารถเชื่อมต่อ Server Middle	frmMain.CheckConnectMiddleAndSecuill
2024-10-24 07:31:43:385	Status	กำลังเชื่อมต่อใหม่อีกครั้ง Server Middle	frmMain.CheckConnectMiddleAndSecuill
2024-10-24 07:32:00:195	_Error	A network-related or instance-specific error occurred while establishing a connection to SQL Server. The server was not found or was not accessible. Verify that the instance name is correct and that SQL Server is configured to allow remote connections. (provider: Named Pipes Provider, error: 40 - Could not open a connection to SQL Server)	cls_condbsecuill.chk_connect_db
2024-10-24 07:32:02:107	_Error	ไม่สามารถเชื่อมต่อ Server secuill	frmMain.CheckConnectMiddleAndSecuill
2024-10-24 07:32:04:015	Status	กำลังเชื่อมต่อใหม่อีกครั้ง Server secuill	frmMain.CheckConnectMiddleAndSecuill
2024-10-24 07:32:27:304	ERROR	A network-related or instance-specific error occurred while establishing a connection to SQL Server. The server was not found or was not accessible. Verify that the instance name is correct and that SQL Server is configured to allow remote connections. (provider: Named Pipes Provider, error: 40 - Could not open a connection to SQL Server)	cls_condbmiddle.chk_connect_db()
2024-10-24 07:32:29:023	_Error	ไม่สามารถเชื่อมต่อ Server Middle	frmMain.CheckConnectMiddleAndSecuill
2024-10-24 07:32:30:968	Status	กำลังเชื่อมต่อใหม่อีกครั้ง Server Middle	frmMain.CheckConnectMiddleAndSecuill
2024-10-24 07:32:47:782	_Error	A network-related or instance-specific error occurred while establishing a connection to SQL Server. The server was not found or was not accessible. Verify that the instance name is correct and that SQL Server is configured to allow remote connections. (provider: Named Pipes Provider, error: 40 - Could not open a connection to SQL Server)	cls_condbsecuill.chk_connect_db
2024-10-24 07:32:49:699	_Error	ไม่สามารถเชื่อมต่อ Server secuill	frmMain.CheckConnectMiddleAndSecuill
2024-10-24 07:32:51:609	Status	กำลังเชื่อมต่อใหม่อีกครั้ง Server secuill	frmMain.CheckConnectMiddleAndSecuill
2024-10-24 07:33:14:800	ERROR	A network-related or instance-specific error occurred while establishing a connection to SQL Server. The server was not found or was not accessible. Verify that the instance name is correct and that SQL Server is configured to allow remote connections. (provider: Named Pipes Provider, error: 40 - Could not open a connection to SQL Server)	cls_condbmiddle.chk_connect_db()
2024-10-24 07:33:16:617	_Error	ไม่สามารถเชื่อมต่อ Server Middle	frmMain.CheckConnectMiddleAndSecuill
2024-10-24 07:33:18:561	Status	กำลังเชื่อมต่อใหม่อีกครั้ง Server Middle	frmMain.CheckConnectMiddleAndSecuill
2024-10-24 07:33:35:351	_Error	A network-related or instance-specific error occurred while establishing a connection to SQL Server. The server was not found or was not accessible. Verify that the instance name is correct and that SQL Server is configured to allow remote connections. (provider: Named Pipes Provider, error: 40 - Could not open a connection to SQL Server)	cls_condbsecuill.chk_connect_db
2024-10-24 07:33:37:266	_Error	ไม่สามารถเชื่อมต่อ Server secuill	frmMain.CheckConnectMiddleAndSecuill
2024-10-24 07:33:39:176	Status	กำลังเชื่อมต่อใหม่อีกครั้ง Server secuill	frmMain.CheckConnectMiddleAndSecuill
2024-10-24 07:33:52:262	ERROR	A network-related or instance-specific error occurred while establishing a connection to SQL Server. The server was not found or was not accessible. Verify that the instance name is correct and that SQL Server is configured to allow remote connections. (provider: SQL Network Interfaces, error: 26 - Error Locating Server/Instance Specified)	 (cls_condbserver.ExecuteNonQuery())
2024-10-24 07:34:02:273	ERROR	A network-related or instance-specific error occurred while establishing a connection to SQL Server. The server was not found or was not accessible. Verify that the instance name is correct and that SQL Server is configured to allow remote connections. (provider: Named Pipes Provider, error: 40 - Could not open a connection to SQL Server)	cls_condbmiddle.chk_connect_db()
2024-10-24 07:34:04:167	_Error	ไม่สามารถเชื่อมต่อ Server Middle	frmMain.CheckConnectMiddleAndSecuill
2024-10-24 07:34:06:111	Status	กำลังเชื่อมต่อใหม่อีกครั้ง Server Middle	frmMain.CheckConnectMiddleAndSecuill
2024-10-24 07:34:22:934	_Error	A network-related or instance-specific error occurred while establishing a connection to SQL Server. The server was not found or was not accessible. Verify that the instance name is correct and that SQL Server is configured to allow remote connections. (provider: Named Pipes Provider, error: 40 - Could not open a connection to SQL Server)	cls_condbsecuill.chk_connect_db
2024-10-24 07:34:24:852	_Error	ไม่สามารถเชื่อมต่อ Server secuill	frmMain.CheckConnectMiddleAndSecuill
2024-10-24 07:34:26:766	Status	กำลังเชื่อมต่อใหม่อีกครั้ง Server secuill	frmMain.CheckConnectMiddleAndSecuill
2024-10-24 07:34:49:717	ERROR	A network-related or instance-specific error occurred while establishing a connection to SQL Server. The server was not found or was not accessible. Verify that the instance name is correct and that SQL Server is configured to allow remote connections. (provider: Named Pipes Provider, error: 40 - Could not open a connection to SQL Server)	cls_condbmiddle.chk_connect_db()
2024-10-24 07:34:51:275	_Error	ไม่สามารถเชื่อมต่อ Server Middle	frmMain.CheckConnectMiddleAndSecuill
2024-10-24 07:34:53:217	Status	กำลังเชื่อมต่อใหม่อีกครั้ง Server Middle	frmMain.CheckConnectMiddleAndSecuill
2024-10-24 07:35:10:057	_Error	A network-related or instance-specific error occurred while establishing a connection to SQL Server. The server was not found or was not accessible. Verify that the instance name is correct and that SQL Server is configured to allow remote connections. (provider: Named Pipes Provider, error: 40 - Could not open a connection to SQL Server)	cls_condbsecuill.chk_connect_db
2024-10-24 07:35:11:968	_Error	ไม่สามารถเชื่อมต่อ Server secuill	frmMain.CheckConnectMiddleAndSecuill
2024-10-24 07:35:13:888	Status	กำลังเชื่อมต่อใหม่อีกครั้ง Server secuill	frmMain.CheckConnectMiddleAndSecuill
2024-10-24 07:35:37:194	ERROR	A network-related or instance-specific error occurred while establishing a connection to SQL Server. The server was not found or was not accessible. Verify that the instance name is correct and that SQL Server is configured to allow remote connections. (provider: Named Pipes Provider, error: 40 - Could not open a connection to SQL Server)	cls_condbmiddle.chk_connect_db()
2024-10-24 07:35:38:851	_Error	ไม่สามารถเชื่อมต่อ Server Middle	frmMain.CheckConnectMiddleAndSecuill
2024-10-24 07:35:40:800	Status	กำลังเชื่อมต่อใหม่อีกครั้ง Server Middle	frmMain.CheckConnectMiddleAndSecuill
2024-10-24 07:35:57:626	_Error	A network-related or instance-specific error occurred while establishing a connection to SQL Server. The server was not found or was not accessible. Verify that the instance name is correct and that SQL Server is configured to allow remote connections. (provider: Named Pipes Provider, error: 40 - Could not open a connection to SQL Server)	cls_condbsecuill.chk_connect_db
2024-10-24 07:35:59:543	_Error	ไม่สามารถเชื่อมต่อ Server secuill	frmMain.CheckConnectMiddleAndSecuill
2024-10-24 07:36:01:461	Status	กำลังเชื่อมต่อใหม่อีกครั้ง Server secuill	frmMain.CheckConnectMiddleAndSecuill
2024-10-24 07:36:24:658	ERROR	A network-related or instance-specific error occurred while establishing a connection to SQL Server. The server was not found or was not accessible. Verify that the instance name is correct and that SQL Server is configured to allow remote connections. (provider: Named Pipes Provider, error: 40 - Could not open a connection to SQL Server)	cls_condbmiddle.chk_connect_db()
2024-10-24 07:36:26:449	_Error	ไม่สามารถเชื่อมต่อ Server Middle	frmMain.CheckConnectMiddleAndSecuill
2024-10-24 07:36:28:393	Status	กำลังเชื่อมต่อใหม่อีกครั้ง Server Middle	frmMain.CheckConnectMiddleAndSecuill
2024-10-24 07:36:45:184	_Error	A network-related or instance-specific error occurred while establishing a connection to SQL Server. The server was not found or was not accessible. Verify that the instance name is correct and that SQL Server is configured to allow remote connections. (provider: Named Pipes Provider, error: 40 - Could not open a connection to SQL Server)	cls_condbsecuill.chk_connect_db
2024-10-24 07:36:47:095	_Error	ไม่สามารถเชื่อมต่อ Server secuill	frmMain.CheckConnectMiddleAndSecuill
2024-10-24 07:36:49:012	Status	กำลังเชื่อมต่อใหม่อีกครั้ง Server secuill	frmMain.CheckConnectMiddleAndSecuill
2024-10-24 07:37:12:049	ERROR	A network-related or instance-specific error occurred while establishing a connection to SQL Server. The server was not found or was not accessible. Verify that the instance name is correct and that SQL Server is configured to allow remote connections. (provider: Named Pipes Provider, error: 40 - Could not open a connection to SQL Server)	cls_condbmiddle.chk_connect_db()
2024-10-24 07:37:13:973	_Error	ไม่สามารถเชื่อมต่อ Server Middle	frmMain.CheckConnectMiddleAndSecuill
2024-10-24 07:37:15:903	Status	กำลังเชื่อมต่อใหม่อีกครั้ง Server Middle	frmMain.CheckConnectMiddleAndSecuill
2024-10-24 07:37:32:708	_Error	A network-related or instance-specific error occurred while establishing a connection to SQL Server. The server was not found or was not accessible. Verify that the instance name is correct and that SQL Server is configured to allow remote connections. (provider: Named Pipes Provider, error: 40 - Could not open a connection to SQL Server)	cls_condbsecuill.chk_connect_db
2024-10-24 07:37:34:623	_Error	ไม่สามารถเชื่อมต่อ Server secuill	frmMain.CheckConnectMiddleAndSecuill
2024-10-24 07:37:36:537	Status	กำลังเชื่อมต่อใหม่อีกครั้ง Server secuill	frmMain.CheckConnectMiddleAndSecuill
2024-10-24 07:37:59:524	ERROR	A network-related or instance-specific error occurred while establishing a connection to SQL Server. The server was not found or was not accessible. Verify that the instance name is correct and that SQL Server is configured to allow remote connections. (provider: Named Pipes Provider, error: 40 - Could not open a connection to SQL Server)	cls_condbmiddle.chk_connect_db()
2024-10-24 07:38:01:056	_Error	ไม่สามารถเชื่อมต่อ Server Middle	frmMain.CheckConnectMiddleAndSecuill
2024-10-24 07:38:02:999	Status	กำลังเชื่อมต่อใหม่อีกครั้ง Server Middle	frmMain.CheckConnectMiddleAndSecuill
2024-10-24 07:38:19:790	_Error	A network-related or instance-specific error occurred while establishing a connection to SQL Server. The server was not found or was not accessible. Verify that the instance name is correct and that SQL Server is configured to allow remote connections. (provider: Named Pipes Provider, error: 40 - Could not open a connection to SQL Server)	cls_condbsecuill.chk_connect_db
2024-10-24 07:38:21:705	_Error	ไม่สามารถเชื่อมต่อ Server secuill	frmMain.CheckConnectMiddleAndSecuill
2024-10-24 07:38:23:615	Status	กำลังเชื่อมต่อใหม่อีกครั้ง Server secuill	frmMain.CheckConnectMiddleAndSecuill
2024-10-24 07:38:36:986	ERROR	A network-related or instance-specific error occurred while establishing a connection to SQL Server. The server was not found or was not accessible. Verify that the instance name is correct and that SQL Server is configured to allow remote connections. (provider: SQL Network Interfaces, error: 26 - Error Locating Server/Instance Specified)	 (cls_condbserver.ExecuteNonQuery())
2024-10-24 07:38:46:993	ERROR	A network-related or instance-specific error occurred while establishing a connection to SQL Server. The server was not found or was not accessible. Verify that the instance name is correct and that SQL Server is configured to allow remote connections. (provider: Named Pipes Provider, error: 40 - Could not open a connection to SQL Server)	cls_condbmiddle.chk_connect_db()
2024-10-24 07:38:48:642	_Error	ไม่สามารถเชื่อมต่อ Server Middle	frmMain.CheckConnectMiddleAndSecuill
2024-10-24 07:38:50:596	Status	กำลังเชื่อมต่อใหม่อีกครั้ง Server Middle	frmMain.CheckConnectMiddleAndSecuill
2024-10-24 07:39:07:404	_Error	A network-related or instance-specific error occurred while establishing a connection to SQL Server. The server was not found or was not accessible. Verify that the instance name is correct and that SQL Server is configured to allow remote connections. (provider: Named Pipes Provider, error: 40 - Could not open a connection to SQL Server)	cls_condbsecuill.chk_connect_db
2024-10-24 07:39:09:320	_Error	ไม่สามารถเชื่อมต่อ Server secuill	frmMain.CheckConnectMiddleAndSecuill
2024-10-24 07:39:11:234	Status	กำลังเชื่อมต่อใหม่อีกครั้ง Server secuill	frmMain.CheckConnectMiddleAndSecuill
2024-10-24 07:39:34:485	ERROR	A network-related or instance-specific error occurred while establishing a connection to SQL Server. The server was not found or was not accessible. Verify that the instance name is correct and that SQL Server is configured to allow remote connections. (provider: Named Pipes Provider, error: 40 - Could not open a connection to SQL Server)	cls_condbmiddle.chk_connect_db()
2024-10-24 07:39:36:240	_Error	ไม่สามารถเชื่อมต่อ Server Middle	frmMain.CheckConnectMiddleAndSecuill
2024-10-24 07:39:38:187	Status	กำลังเชื่อมต่อใหม่อีกครั้ง Server Middle	frmMain.CheckConnectMiddleAndSecuill
2024-10-24 07:39:55:032	_Error	A network-related or instance-specific error occurred while establishing a connection to SQL Server. The server was not found or was not accessible. Verify that the instance name is correct and that SQL Server is configured to allow remote connections. (provider: Named Pipes Provider, error: 40 - Could not open a connection to SQL Server)	cls_condbsecuill.chk_connect_db
2024-10-24 07:39:56:951	_Error	ไม่สามารถเชื่อมต่อ Server secuill	frmMain.CheckConnectMiddleAndSecuill
2024-10-24 07:39:58:859	Status	กำลังเชื่อมต่อใหม่อีกครั้ง Server secuill	frmMain.CheckConnectMiddleAndSecuill
2024-10-24 07:40:21:946	ERROR	A network-related or instance-specific error occurred while establishing a connection to SQL Server. The server was not found or was not accessible. Verify that the instance name is correct and that SQL Server is configured to allow remote connections. (provider: Named Pipes Provider, error: 40 - Could not open a connection to SQL Server)	cls_condbmiddle.chk_connect_db()
2024-10-24 07:40:23:855	_Error	ไม่สามารถเชื่อมต่อ Server Middle	frmMain.CheckConnectMiddleAndSecuill
2024-10-24 07:40:25:811	Status	กำลังเชื่อมต่อใหม่อีกครั้ง Server Middle	frmMain.CheckConnectMiddleAndSecuill
2024-10-24 07:40:42:116	_Error	A network-related or instance-specific error occurred while establishing a connection to SQL Server. The server was not found or was not accessible. Verify that the instance name is correct and that SQL Server is configured to allow remote connections. (provider: Named Pipes Provider, error: 40 - Could not open a connection to SQL Server)	cls_condbsecuill.chk_connect_db
2024-10-24 07:40:44:033	_Error	ไม่สามารถเชื่อมต่อ Server secuill	frmMain.CheckConnectMiddleAndSecuill
2024-10-24 07:40:45:948	Status	กำลังเชื่อมต่อใหม่อีกครั้ง Server secuill	frmMain.CheckConnectMiddleAndSecuill
2024-10-24 07:41:09:416	ERROR	A network-related or instance-specific error occurred while establishing a connection to SQL Server. The server was not found or was not accessible. Verify that the instance name is correct and that SQL Server is configured to allow remote connections. (provider: Named Pipes Provider, error: 40 - Could not open a connection to SQL Server)	cls_condbmiddle.chk_connect_db()
2024-10-24 07:41:10:970	_Error	ไม่สามารถเชื่อมต่อ Server Middle	frmMain.CheckConnectMiddleAndSecuill
2024-10-24 07:41:12:915	Status	กำลังเชื่อมต่อใหม่อีกครั้ง Server Middle	frmMain.CheckConnectMiddleAndSecuill
2024-10-24 07:41:29:744	_Error	A network-related or instance-specific error occurred while establishing a connection to SQL Server. The server was not found or was not accessible. Verify that the instance name is correct and that SQL Server is configured to allow remote connections. (provider: Named Pipes Provider, error: 40 - Could not open a connection to SQL Server)	cls_condbsecuill.chk_connect_db
2024-10-24 07:41:31:675	_Error	ไม่สามารถเชื่อมต่อ Server secuill	frmMain.CheckConnectMiddleAndSecuill
2024-10-24 07:41:33:596	Status	กำลังเชื่อมต่อใหม่อีกครั้ง Server secuill	frmMain.CheckConnectMiddleAndSecuill
2024-10-24 07:41:56:879	ERROR	A network-related or instance-specific error occurred while establishing a connection to SQL Server. The server was not found or was not accessible. Verify that the instance name is correct and that SQL Server is configured to allow remote connections. (provider: Named Pipes Provider, error: 40 - Could not open a connection to SQL Server)	cls_condbmiddle.chk_connect_db()
2024-10-24 07:41:58:607	_Error	ไม่สามารถเชื่อมต่อ Server Middle	frmMain.CheckConnectMiddleAndSecuill
2024-10-24 07:42:00:553	Status	กำลังเชื่อมต่อใหม่อีกครั้ง Server Middle	frmMain.CheckConnectMiddleAndSecuill
2024-10-24 07:42:17:352	_Error	A network-related or instance-specific error occurred while establishing a connection to SQL Server. The server was not found or was not accessible. Verify that the instance name is correct and that SQL Server is configured to allow remote connections. (provider: Named Pipes Provider, error: 40 - Could not open a connection to SQL Server)	cls_condbsecuill.chk_connect_db
2024-10-24 07:42:19:270	_Error	ไม่สามารถเชื่อมต่อ Server secuill	frmMain.CheckConnectMiddleAndSecuill
2024-10-24 07:42:21:175	Status	กำลังเชื่อมต่อใหม่อีกครั้ง Server secuill	frmMain.CheckConnectMiddleAndSecuill
2024-10-24 07:42:44:333	ERROR	A network-related or instance-specific error occurred while establishing a connection to SQL Server. The server was not found or was not accessible. Verify that the instance name is correct and that SQL Server is configured to allow remote connections. (provider: Named Pipes Provider, error: 40 - Could not open a connection to SQL Server)	cls_condbmiddle.chk_connect_db()
2024-10-24 07:42:46:193	_Error	ไม่สามารถเชื่อมต่อ Server Middle	frmMain.CheckConnectMiddleAndSecuill
2024-10-24 07:42:48:138	Status	กำลังเชื่อมต่อใหม่อีกครั้ง Server Middle	frmMain.CheckConnectMiddleAndSecuill
2024-10-24 07:43:04:968	_Error	A network-related or instance-specific error occurred while establishing a connection to SQL Server. The server was not found or was not accessible. Verify that the instance name is correct and that SQL Server is configured to allow remote connections. (provider: Named Pipes Provider, error: 40 - Could not open a connection to SQL Server)	cls_condbsecuill.chk_connect_db
2024-10-24 07:43:06:887	_Error	ไม่สามารถเชื่อมต่อ Server secuill	frmMain.CheckConnectMiddleAndSecuill
2024-10-24 07:43:08:793	Status	กำลังเชื่อมต่อใหม่อีกครั้ง Server secuill	frmMain.CheckConnectMiddleAndSecuill
2024-10-24 07:43:21:799	ERROR	A network-related or instance-specific error occurred while establishing a connection to SQL Server. The server was not found or was not accessible. Verify that the instance name is correct and that SQL Server is configured to allow remote connections. (provider: SQL Network Interfaces, error: 26 - Error Locating Server/Instance Specified)	 (cls_condbserver.ExecuteNonQuery())
2024-10-24 07:43:31:821	ERROR	A network-related or instance-specific error occurred while establishing a connection to SQL Server. The server was not found or was not accessible. Verify that the instance name is correct and that SQL Server is configured to allow remote connections. (provider: Named Pipes Provider, error: 40 - Could not open a connection to SQL Server)	cls_condbmiddle.chk_connect_db()
2024-10-24 07:43:33:321	_Error	ไม่สามารถเชื่อมต่อ Server Middle	frmMain.CheckConnectMiddleAndSecuill
2024-10-24 07:43:35:789	Status	กำลังเชื่อมต่อใหม่อีกครั้ง Server Middle	frmMain.CheckConnectMiddleAndSecuill
2024-10-24 07:43:52:107	_Error	A network-related or instance-specific error occurred while establishing a connection to SQL Server. The server was not found or was not accessible. Verify that the instance name is correct and that SQL Server is configured to allow remote connections. (provider: Named Pipes Provider, error: 40 - Could not open a connection to SQL Server)	cls_condbsecuill.chk_connect_db
2024-10-24 07:43:54:031	_Error	ไม่สามารถเชื่อมต่อ Server secuill	frmMain.CheckConnectMiddleAndSecuill
2024-10-24 07:43:55:945	Status	กำลังเชื่อมต่อใหม่อีกครั้ง Server secuill	frmMain.CheckConnectMiddleAndSecuill
2024-10-24 07:44:19:304	ERROR	A network-related or instance-specific error occurred while establishing a connection to SQL Server. The server was not found or was not accessible. Verify that the instance name is correct and that SQL Server is configured to allow remote connections. (provider: Named Pipes Provider, error: 40 - Could not open a connection to SQL Server)	cls_condbmiddle.chk_connect_db()
2024-10-24 07:44:21:001	_Error	ไม่สามารถเชื่อมต่อ Server Middle	frmMain.CheckConnectMiddleAndSecuill
2024-10-24 07:44:22:949	Status	กำลังเชื่อมต่อใหม่อีกครั้ง Server Middle	frmMain.CheckConnectMiddleAndSecuill
2024-10-24 07:44:39:777	_Error	A network-related or instance-specific error occurred while establishing a connection to SQL Server. The server was not found or was not accessible. Verify that the instance name is correct and that SQL Server is configured to allow remote connections. (provider: Named Pipes Provider, error: 40 - Could not open a connection to SQL Server)	cls_condbsecuill.chk_connect_db
2024-10-24 07:44:41:702	_Error	ไม่สามารถเชื่อมต่อ Server secuill	frmMain.CheckConnectMiddleAndSecuill
2024-10-24 07:44:43:618	Status	กำลังเชื่อมต่อใหม่อีกครั้ง Server secuill	frmMain.CheckConnectMiddleAndSecuill
2024-10-24 07:45:06:748	ERROR	A network-related or instance-specific error occurred while establishing a connection to SQL Server. The server was not found or was not accessible. Verify that the instance name is correct and that SQL Server is configured to allow remote connections. (provider: Named Pipes Provider, error: 40 - Could not open a connection to SQL Server)	cls_condbmiddle.chk_connect_db()
2024-10-24 07:45:08:604	_Error	ไม่สามารถเชื่อมต่อ Server Middle	frmMain.CheckConnectMiddleAndSecuill
2024-10-24 07:45:10:550	Status	กำลังเชื่อมต่อใหม่อีกครั้ง Server Middle	frmMain.CheckConnectMiddleAndSecuill
2024-10-24 07:45:27:350	_Error	A network-related or instance-specific error occurred while establishing a connection to SQL Server. The server was not found or was not accessible. Verify that the instance name is correct and that SQL Server is configured to allow remote connections. (provider: Named Pipes Provider, error: 40 - Could not open a connection to SQL Server)	cls_condbsecuill.chk_connect_db
2024-10-24 07:45:29:266	_Error	ไม่สามารถเชื่อมต่อ Server secuill	frmMain.CheckConnectMiddleAndSecuill
2024-10-24 07:45:31:176	Status	กำลังเชื่อมต่อใหม่อีกครั้ง Server secuill	frmMain.CheckConnectMiddleAndSecuill
2024-10-24 07:45:54:225	ERROR	A network-related or instance-specific error occurred while establishing a connection to SQL Server. The server was not found or was not accessible. Verify that the instance name is correct and that SQL Server is configured to allow remote connections. (provider: Named Pipes Provider, error: 40 - Could not open a connection to SQL Server)	cls_condbmiddle.chk_connect_db()
2024-10-24 07:45:56:173	_Error	ไม่สามารถเชื่อมต่อ Server Middle	frmMain.CheckConnectMiddleAndSecuill
2024-10-24 07:45:58:110	Status	กำลังเชื่อมต่อใหม่อีกครั้ง Server Middle	frmMain.CheckConnectMiddleAndSecuill
2024-10-24 07:46:14:433	_Error	A network-related or instance-specific error occurred while establishing a connection to SQL Server. The server was not found or was not accessible. Verify that the instance name is correct and that SQL Server is configured to allow remote connections. (provider: Named Pipes Provider, error: 40 - Could not open a connection to SQL Server)	cls_condbsecuill.chk_connect_db
2024-10-24 07:46:16:345	_Error	ไม่สามารถเชื่อมต่อ Server secuill	frmMain.CheckConnectMiddleAndSecuill
2024-10-24 07:46:18:266	Status	กำลังเชื่อมต่อใหม่อีกครั้ง Server secuill	frmMain.CheckConnectMiddleAndSecuill
2024-10-24 07:46:41:674	ERROR	A network-related or instance-specific error occurred while establishing a connection to SQL Server. The server was not found or was not accessible. Verify that the instance name is correct and that SQL Server is configured to allow remote connections. (provider: Named Pipes Provider, error: 40 - Could not open a connection to SQL Server)	cls_condbmiddle.chk_connect_db()
2024-10-24 07:46:43:283	_Error	ไม่สามารถเชื่อมต่อ Server Middle	frmMain.CheckConnectMiddleAndSecuill
2024-10-24 07:46:45:234	Status	กำลังเชื่อมต่อใหม่อีกครั้ง Server Middle	frmMain.CheckConnectMiddleAndSecuill
2024-10-24 07:47:02:026	_Error	A network-related or instance-specific error occurred while establishing a connection to SQL Server. The server was not found or was not accessible. Verify that the instance name is correct and that SQL Server is configured to allow remote connections. (provider: Named Pipes Provider, error: 40 - Could not open a connection to SQL Server)	cls_condbsecuill.chk_connect_db
2024-10-24 07:47:03:947	_Error	ไม่สามารถเชื่อมต่อ Server secuill	frmMain.CheckConnectMiddleAndSecuill
2024-10-24 07:47:05:866	Status	กำลังเชื่อมต่อใหม่อีกครั้ง Server secuill	frmMain.CheckConnectMiddleAndSecuill
2024-10-24 07:47:29:130	ERROR	A network-related or instance-specific error occurred while establishing a connection to SQL Server. The server was not found or was not accessible. Verify that the instance name is correct and that SQL Server is configured to allow remote connections. (provider: Named Pipes Provider, error: 40 - Could not open a connection to SQL Server)	cls_condbmiddle.chk_connect_db()
2024-10-24 07:47:30:897	_Error	ไม่สามารถเชื่อมต่อ Server Middle	frmMain.CheckConnectMiddleAndSecuill
2024-10-24 07:47:32:838	Status	กำลังเชื่อมต่อใหม่อีกครั้ง Server Middle	frmMain.CheckConnectMiddleAndSecuill
2024-10-24 07:47:49:658	_Error	A network-related or instance-specific error occurred while establishing a connection to SQL Server. The server was not found or was not accessible. Verify that the instance name is correct and that SQL Server is configured to allow remote connections. (provider: Named Pipes Provider, error: 40 - Could not open a connection to SQL Server)	cls_condbsecuill.chk_connect_db
2024-10-24 07:47:51:568	_Error	ไม่สามารถเชื่อมต่อ Server secuill	frmMain.CheckConnectMiddleAndSecuill
2024-10-24 07:47:53:487	Status	กำลังเชื่อมต่อใหม่อีกครั้ง Server secuill	frmMain.CheckConnectMiddleAndSecuill
2024-10-24 07:48:06:558	ERROR	A network-related or instance-specific error occurred while establishing a connection to SQL Server. The server was not found or was not accessible. Verify that the instance name is correct and that SQL Server is configured to allow remote connections. (provider: SQL Network Interfaces, error: 26 - Error Locating Server/Instance Specified)	 (cls_condbserver.ExecuteNonQuery())
2024-10-24 07:48:16:596	ERROR	A network-related or instance-specific error occurred while establishing a connection to SQL Server. The server was not found or was not accessible. Verify that the instance name is correct and that SQL Server is configured to allow remote connections. (provider: Named Pipes Provider, error: 40 - Could not open a connection to SQL Server)	cls_condbmiddle.chk_connect_db()
2024-10-24 07:48:18:528	_Error	ไม่สามารถเชื่อมต่อ Server Middle	frmMain.CheckConnectMiddleAndSecuill
2024-10-24 07:48:20:465	Status	กำลังเชื่อมต่อใหม่อีกครั้ง Server Middle	frmMain.CheckConnectMiddleAndSecuill
2024-10-24 07:48:36:762	_Error	A network-related or instance-specific error occurred while establishing a connection to SQL Server. The server was not found or was not accessible. Verify that the instance name is correct and that SQL Server is configured to allow remote connections. (provider: Named Pipes Provider, error: 40 - Could not open a connection to SQL Server)	cls_condbsecuill.chk_connect_db
2024-10-24 07:48:38:673	_Error	ไม่สามารถเชื่อมต่อ Server secuill	frmMain.CheckConnectMiddleAndSecuill
2024-10-24 07:48:40:589	Status	กำลังเชื่อมต่อใหม่อีกครั้ง Server secuill	frmMain.CheckConnectMiddleAndSecuill
2024-10-24 07:49:04:067	ERROR	A network-related or instance-specific error occurred while establishing a connection to SQL Server. The server was not found or was not accessible. Verify that the instance name is correct and that SQL Server is configured to allow remote connections. (provider: Named Pipes Provider, error: 40 - Could not open a connection to SQL Server)	cls_condbmiddle.chk_connect_db()
2024-10-24 07:49:05:597	_Error	ไม่สามารถเชื่อมต่อ Server Middle	frmMain.CheckConnectMiddleAndSecuill
2024-10-24 07:49:07:546	Status	กำลังเชื่อมต่อใหม่อีกครั้ง Server Middle	frmMain.CheckConnectMiddleAndSecuill
2024-10-24 07:49:24:350	_Error	A network-related or instance-specific error occurred while establishing a connection to SQL Server. The server was not found or was not accessible. Verify that the instance name is correct and that SQL Server is configured to allow remote connections. (provider: Named Pipes Provider, error: 40 - Could not open a connection to SQL Server)	cls_condbsecuill.chk_connect_db
2024-10-24 07:49:26:260	_Error	ไม่สามารถเชื่อมต่อ Server secuill	frmMain.CheckConnectMiddleAndSecuill
2024-10-24 07:49:28:174	Status	กำลังเชื่อมต่อใหม่อีกครั้ง Server secuill	frmMain.CheckConnectMiddleAndSecuill
2024-10-24 07:49:51:514	ERROR	A network-related or instance-specific error occurred while establishing a connection to SQL Server. The server was not found or was not accessible. Verify that the instance name is correct and that SQL Server is configured to allow remote connections. (provider: Named Pipes Provider, error: 40 - Could not open a connection to SQL Server)	cls_condbmiddle.chk_connect_db()
2024-10-24 07:49:53:211	_Error	ไม่สามารถเชื่อมต่อ Server Middle	frmMain.CheckConnectMiddleAndSecuill
2024-10-24 07:49:55:159	Status	กำลังเชื่อมต่อใหม่อีกครั้ง Server Middle	frmMain.CheckConnectMiddleAndSecuill
2024-10-24 07:50:11:935	_Error	A network-related or instance-specific error occurred while establishing a connection to SQL Server. The server was not found or was not accessible. Verify that the instance name is correct and that SQL Server is configured to allow remote connections. (provider: Named Pipes Provider, error: 40 - Could not open a connection to SQL Server)	cls_condbsecuill.chk_connect_db
2024-10-24 07:50:13:852	_Error	ไม่สามารถเชื่อมต่อ Server secuill	frmMain.CheckConnectMiddleAndSecuill
2024-10-24 07:50:15:766	Status	กำลังเชื่อมต่อใหม่อีกครั้ง Server secuill	frmMain.CheckConnectMiddleAndSecuill
2024-10-24 07:50:38:950	ERROR	A network-related or instance-specific error occurred while establishing a connection to SQL Server. The server was not found or was not accessible. Verify that the instance name is correct and that SQL Server is configured to allow remote connections. (provider: Named Pipes Provider, error: 40 - Could not open a connection to SQL Server)	cls_condbmiddle.chk_connect_db()
2024-10-24 07:50:40:757	_Error	ไม่สามารถเชื่อมต่อ Server Middle	frmMain.CheckConnectMiddleAndSecuill
2024-10-24 07:50:42:705	Status	กำลังเชื่อมต่อใหม่อีกครั้ง Server Middle	frmMain.CheckConnectMiddleAndSecuill
2024-10-24 07:50:59:531	_Error	A network-related or instance-specific error occurred while establishing a connection to SQL Server. The server was not found or was not accessible. Verify that the instance name is correct and that SQL Server is configured to allow remote connections. (provider: Named Pipes Provider, error: 40 - Could not open a connection to SQL Server)	cls_condbsecuill.chk_connect_db
2024-10-24 07:51:01:447	_Error	ไม่สามารถเชื่อมต่อ Server secuill	frmMain.CheckConnectMiddleAndSecuill
2024-10-24 07:51:03:361	Status	กำลังเชื่อมต่อใหม่อีกครั้ง Server secuill	frmMain.CheckConnectMiddleAndSecuill
2024-10-24 07:51:26:443	ERROR	A network-related or instance-specific error occurred while establishing a connection to SQL Server. The server was not found or was not accessible. Verify that the instance name is correct and that SQL Server is configured to allow remote connections. (provider: Named Pipes Provider, error: 40 - Could not open a connection to SQL Server)	cls_condbmiddle.chk_connect_db()
2024-10-24 07:51:28:342	_Error	ไม่สามารถเชื่อมต่อ Server Middle	frmMain.CheckConnectMiddleAndSecuill
2024-10-24 07:51:30:286	Status	กำลังเชื่อมต่อใหม่อีกครั้ง Server Middle	frmMain.CheckConnectMiddleAndSecuill
2024-10-24 07:51:47:078	_Error	A network-related or instance-specific error occurred while establishing a connection to SQL Server. The server was not found or was not accessible. Verify that the instance name is correct and that SQL Server is configured to allow remote connections. (provider: Named Pipes Provider, error: 40 - Could not open a connection to SQL Server)	cls_condbsecuill.chk_connect_db
2024-10-24 07:51:48:992	_Error	ไม่สามารถเชื่อมต่อ Server secuill	frmMain.CheckConnectMiddleAndSecuill
2024-10-24 07:51:50:907	Status	กำลังเชื่อมต่อใหม่อีกครั้ง Server secuill	frmMain.CheckConnectMiddleAndSecuill
2024-10-24 11:31:29:245	Init	#########################################	frmMain.frmMain_Load
2024-10-24 11:31:30:546	Init	เริ่มต้นการทำงานของโปรแกรม . . .	frmMain.frmMain_Load
2024-10-24 11:31:32:391	Init	Auto connection . 	frmMain.frmMain_Load
2024-10-24 11:31:34:276	Init	เริ่มต้นการเชื่อมต่อกับ Server . . . 	frmMain.frmMain_Load
2024-10-24 11:31:35:548	ERROR	Login failed for user 'sa'.	md.Fill()
2024-10-24 11:31:36:204	Status	เริ่มต้นการทำงานดึงข้อมูล . . .	frmMain.BgwGetMiddle_DoWork
2024-10-24 11:31:38:109	Status	เชื่อมต่อ Middle สำเร็จ	frmMain.CheckConnectMiddleAndSecuill
2024-10-24 11:31:40:028	Status	เชื่อมต่อ Secuill สำเร็จ	frmMain.CheckConnectMiddleAndSecuill
2024-10-24 11:31:42:931	ERROR	A network-related or instance-specific error occurred while establishing a connection to SQL Server. The server was not found or was not accessible. Verify that the instance name is correct and that SQL Server is configured to allow remote connections. (provider: SQL Network Interfaces, error: 26 - Error Locating Server/Instance Specified)	 (cls_condbserver.ExecuteNonQuery())
2024-10-24 11:31:45:553	ERROR	A network-related or instance-specific error occurred while establishing a connection to SQL Server. The server was not found or was not accessible. Verify that the instance name is correct and that SQL Server is configured to allow remote connections. (provider: SQL Network Interfaces, error: 26 - Error Locating Server/Instance Specified)	 (cls_condbserver.ExecuteNonQuery())
2024-10-24 11:32:06:138	EVENT	Count prescription: 1	cls_getmiddletosecuill.GetDataMidle()
2024-10-24 11:32:06:386	Elergy	 67005976, 
2024-10-24 11:32:07:078	Process	ข้อมูล Middle 1 Rows	frmMain.BgwGetMiddle_DoWork
2024-10-24 11:32:09:000	_Error	Cannot insert the value NULL into column 'drugallergy_id', table 'SECUILL_V5_TU.dbo.M_PatientDrugAllergy'; column does not allow nulls. INSERT fails.
The statement has been terminated.	cls_condbsecuill.ExecuteNonQuery
2024-10-24 11:33:01:479	ERROR	A network-related or instance-specific error occurred while establishing a connection to SQL Server. The server was not found or was not accessible. Verify that the instance name is correct and that SQL Server is configured to allow remote connections. (provider: SQL Network Interfaces, error: 26 - Error Locating Server/Instance Specified)	 (cls_condbserver.ExecuteNonQuery())
2024-10-24 11:34:01:687	ERROR	A network-related or instance-specific error occurred while establishing a connection to SQL Server. The server was not found or was not accessible. Verify that the instance name is correct and that SQL Server is configured to allow remote connections. (provider: SQL Network Interfaces, error: 26 - Error Locating Server/Instance Specified)	 (cls_condbserver.ExecuteNonQuery())
2024-10-24 11:35:01:877	ERROR	A network-related or instance-specific error occurred while establishing a connection to SQL Server. The server was not found or was not accessible. Verify that the instance name is correct and that SQL Server is configured to allow remote connections. (provider: SQL Network Interfaces, error: 26 - Error Locating Server/Instance Specified)	 (cls_condbserver.ExecuteNonQuery())
2024-10-24 11:36:02:088	ERROR	A network-related or instance-specific error occurred while establishing a connection to SQL Server. The server was not found or was not accessible. Verify that the instance name is correct and that SQL Server is configured to allow remote connections. (provider: SQL Network Interfaces, error: 26 - Error Locating Server/Instance Specified)	 (cls_condbserver.ExecuteNonQuery())
2024-10-24 11:37:02:277	ERROR	A network-related or instance-specific error occurred while establishing a connection to SQL Server. The server was not found or was not accessible. Verify that the instance name is correct and that SQL Server is configured to allow remote connections. (provider: SQL Network Interfaces, error: 26 - Error Locating Server/Instance Specified)	 (cls_condbserver.ExecuteNonQuery())
2024-10-24 11:38:02:489	ERROR	A network-related or instance-specific error occurred while establishing a connection to SQL Server. The server was not found or was not accessible. Verify that the instance name is correct and that SQL Server is configured to allow remote connections. (provider: SQL Network Interfaces, error: 26 - Error Locating Server/Instance Specified)	 (cls_condbserver.ExecuteNonQuery())
2024-10-24 11:39:02:713	ERROR	A network-related or instance-specific error occurred while establishing a connection to SQL Server. The server was not found or was not accessible. Verify that the instance name is correct and that SQL Server is configured to allow remote connections. (provider: SQL Network Interfaces, error: 26 - Error Locating Server/Instance Specified)	 (cls_condbserver.ExecuteNonQuery())
2024-10-24 11:40:02:899	ERROR	A network-related or instance-specific error occurred while establishing a connection to SQL Server. The server was not found or was not accessible. Verify that the instance name is correct and that SQL Server is configured to allow remote connections. (provider: SQL Network Interfaces, error: 26 - Error Locating Server/Instance Specified)	 (cls_condbserver.ExecuteNonQuery())
2024-10-24 11:41:03:136	ERROR	A network-related or instance-specific error occurred while establishing a connection to SQL Server. The server was not found or was not accessible. Verify that the instance name is correct and that SQL Server is configured to allow remote connections. (provider: SQL Network Interfaces, error: 26 - Error Locating Server/Instance Specified)	 (cls_condbserver.ExecuteNonQuery())
2024-10-24 11:42:03:341	ERROR	A network-related or instance-specific error occurred while establishing a connection to SQL Server. The server was not found or was not accessible. Verify that the instance name is correct and that SQL Server is configured to allow remote connections. (provider: SQL Network Interfaces, error: 26 - Error Locating Server/Instance Specified)	 (cls_condbserver.ExecuteNonQuery())
2024-10-24 11:43:03:597	ERROR	A network-related or instance-specific error occurred while establishing a connection to SQL Server. The server was not found or was not accessible. Verify that the instance name is correct and that SQL Server is configured to allow remote connections. (provider: SQL Network Interfaces, error: 26 - Error Locating Server/Instance Specified)	 (cls_condbserver.ExecuteNonQuery())
2024-10-24 11:44:03:786	ERROR	A network-related or instance-specific error occurred while establishing a connection to SQL Server. The server was not found or was not accessible. Verify that the instance name is correct and that SQL Server is configured to allow remote connections. (provider: SQL Network Interfaces, error: 26 - Error Locating Server/Instance Specified)	 (cls_condbserver.ExecuteNonQuery())
2024-10-24 11:45:03:956	ERROR	A network-related or instance-specific error occurred while establishing a connection to SQL Server. The server was not found or was not accessible. Verify that the instance name is correct and that SQL Server is configured to allow remote connections. (provider: SQL Network Interfaces, error: 26 - Error Locating Server/Instance Specified)	 (cls_condbserver.ExecuteNonQuery())
2024-10-24 11:46:04:189	ERROR	A network-related or instance-specific error occurred while establishing a connection to SQL Server. The server was not found or was not accessible. Verify that the instance name is correct and that SQL Server is configured to allow remote connections. (provider: SQL Network Interfaces, error: 26 - Error Locating Server/Instance Specified)	 (cls_condbserver.ExecuteNonQuery())
2024-10-24 11:47:04:384	ERROR	A network-related or instance-specific error occurred while establishing a connection to SQL Server. The server was not found or was not accessible. Verify that the instance name is correct and that SQL Server is configured to allow remote connections. (provider: SQL Network Interfaces, error: 26 - Error Locating Server/Instance Specified)	 (cls_condbserver.ExecuteNonQuery())
2024-10-24 11:48:04:548	ERROR	A network-related or instance-specific error occurred while establishing a connection to SQL Server. The server was not found or was not accessible. Verify that the instance name is correct and that SQL Server is configured to allow remote connections. (provider: SQL Network Interfaces, error: 26 - Error Locating Server/Instance Specified)	 (cls_condbserver.ExecuteNonQuery())
2024-10-24 11:49:04:760	ERROR	A network-related or instance-specific error occurred while establishing a connection to SQL Server. The server was not found or was not accessible. Verify that the instance name is correct and that SQL Server is configured to allow remote connections. (provider: SQL Network Interfaces, error: 26 - Error Locating Server/Instance Specified)	 (cls_condbserver.ExecuteNonQuery())
2024-10-24 11:50:04:957	ERROR	A network-related or instance-specific error occurred while establishing a connection to SQL Server. The server was not found or was not accessible. Verify that the instance name is correct and that SQL Server is configured to allow remote connections. (provider: SQL Network Interfaces, error: 26 - Error Locating Server/Instance Specified)	 (cls_condbserver.ExecuteNonQuery())
2024-10-24 11:51:05:185	ERROR	A network-related or instance-specific error occurred while establishing a connection to SQL Server. The server was not found or was not accessible. Verify that the instance name is correct and that SQL Server is configured to allow remote connections. (provider: SQL Network Interfaces, error: 26 - Error Locating Server/Instance Specified)	 (cls_condbserver.ExecuteNonQuery())
2024-10-24 11:52:05:406	ERROR	A network-related or instance-specific error occurred while establishing a connection to SQL Server. The server was not found or was not accessible. Verify that the instance name is correct and that SQL Server is configured to allow remote connections. (provider: SQL Network Interfaces, error: 26 - Error Locating Server/Instance Specified)	 (cls_condbserver.ExecuteNonQuery())
2024-10-24 11:53:05:536	ERROR	A network-related or instance-specific error occurred while establishing a connection to SQL Server. The server was not found or was not accessible. Verify that the instance name is correct and that SQL Server is configured to allow remote connections. (provider: SQL Network Interfaces, error: 26 - Error Locating Server/Instance Specified)	 (cls_condbserver.ExecuteNonQuery())
2024-10-24 11:54:05:783	ERROR	A network-related or instance-specific error occurred while establishing a connection to SQL Server. The server was not found or was not accessible. Verify that the instance name is correct and that SQL Server is configured to allow remote connections. (provider: SQL Network Interfaces, error: 26 - Error Locating Server/Instance Specified)	 (cls_condbserver.ExecuteNonQuery())
2024-10-24 11:55:06:007	ERROR	A network-related or instance-specific error occurred while establishing a connection to SQL Server. The server was not found or was not accessible. Verify that the instance name is correct and that SQL Server is configured to allow remote connections. (provider: SQL Network Interfaces, error: 26 - Error Locating Server/Instance Specified)	 (cls_condbserver.ExecuteNonQuery())
2024-10-24 11:56:06:215	ERROR	A network-related or instance-specific error occurred while establishing a connection to SQL Server. The server was not found or was not accessible. Verify that the instance name is correct and that SQL Server is configured to allow remote connections. (provider: SQL Network Interfaces, error: 26 - Error Locating Server/Instance Specified)	 (cls_condbserver.ExecuteNonQuery())
2024-10-24 11:57:06:393	ERROR	A network-related or instance-specific error occurred while establishing a connection to SQL Server. The server was not found or was not accessible. Verify that the instance name is correct and that SQL Server is configured to allow remote connections. (provider: SQL Network Interfaces, error: 26 - Error Locating Server/Instance Specified)	 (cls_condbserver.ExecuteNonQuery())
2024-10-24 11:58:06:585	ERROR	A network-related or instance-specific error occurred while establishing a connection to SQL Server. The server was not found or was not accessible. Verify that the instance name is correct and that SQL Server is configured to allow remote connections. (provider: SQL Network Interfaces, error: 26 - Error Locating Server/Instance Specified)	 (cls_condbserver.ExecuteNonQuery())
2024-10-24 11:59:06:838	ERROR	A network-related or instance-specific error occurred while establishing a connection to SQL Server. The server was not found or was not accessible. Verify that the instance name is correct and that SQL Server is configured to allow remote connections. (provider: SQL Network Interfaces, error: 26 - Error Locating Server/Instance Specified)	 (cls_condbserver.ExecuteNonQuery())
2024-10-24 12:00:07:000	ERROR	A network-related or instance-specific error occurred while establishing a connection to SQL Server. The server was not found or was not accessible. Verify that the instance name is correct and that SQL Server is configured to allow remote connections. (provider: SQL Network Interfaces, error: 26 - Error Locating Server/Instance Specified)	 (cls_condbserver.ExecuteNonQuery())
2024-10-24 12:01:07:250	ERROR	A network-related or instance-specific error occurred while establishing a connection to SQL Server. The server was not found or was not accessible. Verify that the instance name is correct and that SQL Server is configured to allow remote connections. (provider: SQL Network Interfaces, error: 26 - Error Locating Server/Instance Specified)	 (cls_condbserver.ExecuteNonQuery())
2024-10-24 12:01:52:794	ERROR	Login failed for user 'sa'.	md.Fill()
2024-10-24 12:02:07:464	ERROR	A network-related or instance-specific error occurred while establishing a connection to SQL Server. The server was not found or was not accessible. Verify that the instance name is correct and that SQL Server is configured to allow remote connections. (provider: SQL Network Interfaces, error: 26 - Error Locating Server/Instance Specified)	 (cls_condbserver.ExecuteNonQuery())
2024-10-24 12:02:17:531	ERROR	A network-related or instance-specific error occurred while establishing a connection to SQL Server. The server was not found or was not accessible. Verify that the instance name is correct and that SQL Server is configured to allow remote connections. (provider: SQL Network Interfaces, error: 26 - Error Locating Server/Instance Specified)	 (cls_condbserver.ExecuteNonQuery())
2024-10-24 12:03:17:706	ERROR	A network-related or instance-specific error occurred while establishing a connection to SQL Server. The server was not found or was not accessible. Verify that the instance name is correct and that SQL Server is configured to allow remote connections. (provider: SQL Network Interfaces, error: 26 - Error Locating Server/Instance Specified)	 (cls_condbserver.ExecuteNonQuery())
2024-10-24 12:04:17:877	ERROR	A network-related or instance-specific error occurred while establishing a connection to SQL Server. The server was not found or was not accessible. Verify that the instance name is correct and that SQL Server is configured to allow remote connections. (provider: SQL Network Interfaces, error: 26 - Error Locating Server/Instance Specified)	 (cls_condbserver.ExecuteNonQuery())
2024-10-24 12:05:18:090	ERROR	A network-related or instance-specific error occurred while establishing a connection to SQL Server. The server was not found or was not accessible. Verify that the instance name is correct and that SQL Server is configured to allow remote connections. (provider: SQL Network Interfaces, error: 26 - Error Locating Server/Instance Specified)	 (cls_condbserver.ExecuteNonQuery())
2024-10-24 12:06:18:239	ERROR	A network-related or instance-specific error occurred while establishing a connection to SQL Server. The server was not found or was not accessible. Verify that the instance name is correct and that SQL Server is configured to allow remote connections. (provider: SQL Network Interfaces, error: 26 - Error Locating Server/Instance Specified)	 (cls_condbserver.ExecuteNonQuery())
2024-10-24 12:07:18:511	ERROR	A network-related or instance-specific error occurred while establishing a connection to SQL Server. The server was not found or was not accessible. Verify that the instance name is correct and that SQL Server is configured to allow remote connections. (provider: SQL Network Interfaces, error: 26 - Error Locating Server/Instance Specified)	 (cls_condbserver.ExecuteNonQuery())
2024-10-24 12:08:18:716	ERROR	A network-related or instance-specific error occurred while establishing a connection to SQL Server. The server was not found or was not accessible. Verify that the instance name is correct and that SQL Server is configured to allow remote connections. (provider: SQL Network Interfaces, error: 26 - Error Locating Server/Instance Specified)	 (cls_condbserver.ExecuteNonQuery())
2024-10-24 12:09:18:909	ERROR	A network-related or instance-specific error occurred while establishing a connection to SQL Server. The server was not found or was not accessible. Verify that the instance name is correct and that SQL Server is configured to allow remote connections. (provider: SQL Network Interfaces, error: 26 - Error Locating Server/Instance Specified)	 (cls_condbserver.ExecuteNonQuery())
2024-10-24 12:10:19:151	ERROR	A network-related or instance-specific error occurred while establishing a connection to SQL Server. The server was not found or was not accessible. Verify that the instance name is correct and that SQL Server is configured to allow remote connections. (provider: SQL Network Interfaces, error: 26 - Error Locating Server/Instance Specified)	 (cls_condbserver.ExecuteNonQuery())
2024-10-24 12:11:19:358	ERROR	A network-related or instance-specific error occurred while establishing a connection to SQL Server. The server was not found or was not accessible. Verify that the instance name is correct and that SQL Server is configured to allow remote connections. (provider: SQL Network Interfaces, error: 26 - Error Locating Server/Instance Specified)	 (cls_condbserver.ExecuteNonQuery())
2024-10-24 12:12:19:559	ERROR	A network-related or instance-specific error occurred while establishing a connection to SQL Server. The server was not found or was not accessible. Verify that the instance name is correct and that SQL Server is configured to allow remote connections. (provider: SQL Network Interfaces, error: 26 - Error Locating Server/Instance Specified)	 (cls_condbserver.ExecuteNonQuery())
2024-10-24 12:13:19:773	ERROR	A network-related or instance-specific error occurred while establishing a connection to SQL Server. The server was not found or was not accessible. Verify that the instance name is correct and that SQL Server is configured to allow remote connections. (provider: SQL Network Interfaces, error: 26 - Error Locating Server/Instance Specified)	 (cls_condbserver.ExecuteNonQuery())
2024-10-24 12:14:19:937	ERROR	A network-related or instance-specific error occurred while establishing a connection to SQL Server. The server was not found or was not accessible. Verify that the instance name is correct and that SQL Server is configured to allow remote connections. (provider: SQL Network Interfaces, error: 26 - Error Locating Server/Instance Specified)	 (cls_condbserver.ExecuteNonQuery())
2024-10-24 12:15:20:162	ERROR	A network-related or instance-specific error occurred while establishing a connection to SQL Server. The server was not found or was not accessible. Verify that the instance name is correct and that SQL Server is configured to allow remote connections. (provider: SQL Network Interfaces, error: 26 - Error Locating Server/Instance Specified)	 (cls_condbserver.ExecuteNonQuery())
2024-10-24 12:16:20:336	ERROR	A network-related or instance-specific error occurred while establishing a connection to SQL Server. The server was not found or was not accessible. Verify that the instance name is correct and that SQL Server is configured to allow remote connections. (provider: SQL Network Interfaces, error: 26 - Error Locating Server/Instance Specified)	 (cls_condbserver.ExecuteNonQuery())
2024-10-24 12:17:20:545	ERROR	A network-related or instance-specific error occurred while establishing a connection to SQL Server. The server was not found or was not accessible. Verify that the instance name is correct and that SQL Server is configured to allow remote connections. (provider: SQL Network Interfaces, error: 26 - Error Locating Server/Instance Specified)	 (cls_condbserver.ExecuteNonQuery())
2024-10-24 12:18:20:739	ERROR	A network-related or instance-specific error occurred while establishing a connection to SQL Server. The server was not found or was not accessible. Verify that the instance name is correct and that SQL Server is configured to allow remote connections. (provider: SQL Network Interfaces, error: 26 - Error Locating Server/Instance Specified)	 (cls_condbserver.ExecuteNonQuery())
2024-10-24 12:19:20:955	ERROR	A network-related or instance-specific error occurred while establishing a connection to SQL Server. The server was not found or was not accessible. Verify that the instance name is correct and that SQL Server is configured to allow remote connections. (provider: SQL Network Interfaces, error: 26 - Error Locating Server/Instance Specified)	 (cls_condbserver.ExecuteNonQuery())
2024-10-24 12:20:21:141	ERROR	A network-related or instance-specific error occurred while establishing a connection to SQL Server. The server was not found or was not accessible. Verify that the instance name is correct and that SQL Server is configured to allow remote connections. (provider: SQL Network Interfaces, error: 26 - Error Locating Server/Instance Specified)	 (cls_condbserver.ExecuteNonQuery())
2024-10-24 12:21:21:310	ERROR	A network-related or instance-specific error occurred while establishing a connection to SQL Server. The server was not found or was not accessible. Verify that the instance name is correct and that SQL Server is configured to allow remote connections. (provider: SQL Network Interfaces, error: 26 - Error Locating Server/Instance Specified)	 (cls_condbserver.ExecuteNonQuery())
2024-10-24 12:22:21:528	ERROR	A network-related or instance-specific error occurred while establishing a connection to SQL Server. The server was not found or was not accessible. Verify that the instance name is correct and that SQL Server is configured to allow remote connections. (provider: SQL Network Interfaces, error: 26 - Error Locating Server/Instance Specified)	 (cls_condbserver.ExecuteNonQuery())
2024-10-24 12:23:21:740	ERROR	A network-related or instance-specific error occurred while establishing a connection to SQL Server. The server was not found or was not accessible. Verify that the instance name is correct and that SQL Server is configured to allow remote connections. (provider: SQL Network Interfaces, error: 26 - Error Locating Server/Instance Specified)	 (cls_condbserver.ExecuteNonQuery())
2024-10-24 12:24:21:856	ERROR	A network-related or instance-specific error occurred while establishing a connection to SQL Server. The server was not found or was not accessible. Verify that the instance name is correct and that SQL Server is configured to allow remote connections. (provider: SQL Network Interfaces, error: 26 - Error Locating Server/Instance Specified)	 (cls_condbserver.ExecuteNonQuery())
2024-10-24 12:25:22:098	ERROR	A network-related or instance-specific error occurred while establishing a connection to SQL Server. The server was not found or was not accessible. Verify that the instance name is correct and that SQL Server is configured to allow remote connections. (provider: SQL Network Interfaces, error: 26 - Error Locating Server/Instance Specified)	 (cls_condbserver.ExecuteNonQuery())
2024-10-24 12:26:22:311	ERROR	A network-related or instance-specific error occurred while establishing a connection to SQL Server. The server was not found or was not accessible. Verify that the instance name is correct and that SQL Server is configured to allow remote connections. (provider: SQL Network Interfaces, error: 26 - Error Locating Server/Instance Specified)	 (cls_condbserver.ExecuteNonQuery())
2024-10-24 12:27:22:515	ERROR	A network-related or instance-specific error occurred while establishing a connection to SQL Server. The server was not found or was not accessible. Verify that the instance name is correct and that SQL Server is configured to allow remote connections. (provider: SQL Network Interfaces, error: 26 - Error Locating Server/Instance Specified)	 (cls_condbserver.ExecuteNonQuery())
2024-10-24 12:28:22:754	ERROR	A network-related or instance-specific error occurred while establishing a connection to SQL Server. The server was not found or was not accessible. Verify that the instance name is correct and that SQL Server is configured to allow remote connections. (provider: SQL Network Interfaces, error: 26 - Error Locating Server/Instance Specified)	 (cls_condbserver.ExecuteNonQuery())
2024-10-24 12:29:22:965	ERROR	A network-related or instance-specific error occurred while establishing a connection to SQL Server. The server was not found or was not accessible. Verify that the instance name is correct and that SQL Server is configured to allow remote connections. (provider: SQL Network Interfaces, error: 26 - Error Locating Server/Instance Specified)	 (cls_condbserver.ExecuteNonQuery())
2024-10-24 12:30:23:166	ERROR	A network-related or instance-specific error occurred while establishing a connection to SQL Server. The server was not found or was not accessible. Verify that the instance name is correct and that SQL Server is configured to allow remote connections. (provider: SQL Network Interfaces, error: 26 - Error Locating Server/Instance Specified)	 (cls_condbserver.ExecuteNonQuery())
2024-10-24 12:31:23:332	ERROR	A network-related or instance-specific error occurred while establishing a connection to SQL Server. The server was not found or was not accessible. Verify that the instance name is correct and that SQL Server is configured to allow remote connections. (provider: SQL Network Interfaces, error: 26 - Error Locating Server/Instance Specified)	 (cls_condbserver.ExecuteNonQuery())
2024-10-24 12:32:08:860	ERROR	Login failed for user 'sa'.	md.Fill()
2024-10-24 12:32:23:540	ERROR	A network-related or instance-specific error occurred while establishing a connection to SQL Server. The server was not found or was not accessible. Verify that the instance name is correct and that SQL Server is configured to allow remote connections. (provider: SQL Network Interfaces, error: 26 - Error Locating Server/Instance Specified)	 (cls_condbserver.ExecuteNonQuery())
2024-10-24 12:33:33:762	ERROR	A network-related or instance-specific error occurred while establishing a connection to SQL Server. The server was not found or was not accessible. Verify that the instance name is correct and that SQL Server is configured to allow remote connections. (provider: SQL Network Interfaces, error: 26 - Error Locating Server/Instance Specified)	 (cls_condbserver.ExecuteNonQuery())
2024-10-24 12:34:33:931	ERROR	A network-related or instance-specific error occurred while establishing a connection to SQL Server. The server was not found or was not accessible. Verify that the instance name is correct and that SQL Server is configured to allow remote connections. (provider: SQL Network Interfaces, error: 26 - Error Locating Server/Instance Specified)	 (cls_condbserver.ExecuteNonQuery())
2024-10-24 12:35:34:167	ERROR	A network-related or instance-specific error occurred while establishing a connection to SQL Server. The server was not found or was not accessible. Verify that the instance name is correct and that SQL Server is configured to allow remote connections. (provider: SQL Network Interfaces, error: 26 - Error Locating Server/Instance Specified)	 (cls_condbserver.ExecuteNonQuery())
2024-10-24 12:36:34:382	ERROR	A network-related or instance-specific error occurred while establishing a connection to SQL Server. The server was not found or was not accessible. Verify that the instance name is correct and that SQL Server is configured to allow remote connections. (provider: SQL Network Interfaces, error: 26 - Error Locating Server/Instance Specified)	 (cls_condbserver.ExecuteNonQuery())
2024-10-24 12:37:34:563	ERROR	A network-related or instance-specific error occurred while establishing a connection to SQL Server. The server was not found or was not accessible. Verify that the instance name is correct and that SQL Server is configured to allow remote connections. (provider: SQL Network Interfaces, error: 26 - Error Locating Server/Instance Specified)	 (cls_condbserver.ExecuteNonQuery())
2024-10-24 12:38:34:739	ERROR	A network-related or instance-specific error occurred while establishing a connection to SQL Server. The server was not found or was not accessible. Verify that the instance name is correct and that SQL Server is configured to allow remote connections. (provider: SQL Network Interfaces, error: 26 - Error Locating Server/Instance Specified)	 (cls_condbserver.ExecuteNonQuery())
2024-10-24 12:39:34:929	ERROR	A network-related or instance-specific error occurred while establishing a connection to SQL Server. The server was not found or was not accessible. Verify that the instance name is correct and that SQL Server is configured to allow remote connections. (provider: SQL Network Interfaces, error: 26 - Error Locating Server/Instance Specified)	 (cls_condbserver.ExecuteNonQuery())
2024-10-24 12:40:35:185	ERROR	A network-related or instance-specific error occurred while establishing a connection to SQL Server. The server was not found or was not accessible. Verify that the instance name is correct and that SQL Server is configured to allow remote connections. (provider: SQL Network Interfaces, error: 26 - Error Locating Server/Instance Specified)	 (cls_condbserver.ExecuteNonQuery())
2024-10-24 12:41:35:383	ERROR	A network-related or instance-specific error occurred while establishing a connection to SQL Server. The server was not found or was not accessible. Verify that the instance name is correct and that SQL Server is configured to allow remote connections. (provider: SQL Network Interfaces, error: 26 - Error Locating Server/Instance Specified)	 (cls_condbserver.ExecuteNonQuery())
2024-10-24 12:42:35:649	ERROR	A network-related or instance-specific error occurred while establishing a connection to SQL Server. The server was not found or was not accessible. Verify that the instance name is correct and that SQL Server is configured to allow remote connections. (provider: SQL Network Interfaces, error: 26 - Error Locating Server/Instance Specified)	 (cls_condbserver.ExecuteNonQuery())
2024-10-24 12:43:35:825	ERROR	A network-related or instance-specific error occurred while establishing a connection to SQL Server. The server was not found or was not accessible. Verify that the instance name is correct and that SQL Server is configured to allow remote connections. (provider: SQL Network Interfaces, error: 26 - Error Locating Server/Instance Specified)	 (cls_condbserver.ExecuteNonQuery())
2024-10-24 12:44:36:036	ERROR	A network-related or instance-specific error occurred while establishing a connection to SQL Server. The server was not found or was not accessible. Verify that the instance name is correct and that SQL Server is configured to allow remote connections. (provider: SQL Network Interfaces, error: 26 - Error Locating Server/Instance Specified)	 (cls_condbserver.ExecuteNonQuery())
2024-10-24 12:45:36:274	ERROR	A network-related or instance-specific error occurred while establishing a connection to SQL Server. The server was not found or was not accessible. Verify that the instance name is correct and that SQL Server is configured to allow remote connections. (provider: SQL Network Interfaces, error: 26 - Error Locating Server/Instance Specified)	 (cls_condbserver.ExecuteNonQuery())
2024-10-24 12:46:36:466	ERROR	A network-related or instance-specific error occurred while establishing a connection to SQL Server. The server was not found or was not accessible. Verify that the instance name is correct and that SQL Server is configured to allow remote connections. (provider: SQL Network Interfaces, error: 26 - Error Locating Server/Instance Specified)	 (cls_condbserver.ExecuteNonQuery())
2024-10-24 12:47:36:657	ERROR	A network-related or instance-specific error occurred while establishing a connection to SQL Server. The server was not found or was not accessible. Verify that the instance name is correct and that SQL Server is configured to allow remote connections. (provider: SQL Network Interfaces, error: 26 - Error Locating Server/Instance Specified)	 (cls_condbserver.ExecuteNonQuery())
2024-10-24 12:48:36:808	ERROR	A network-related or instance-specific error occurred while establishing a connection to SQL Server. The server was not found or was not accessible. Verify that the instance name is correct and that SQL Server is configured to allow remote connections. (provider: SQL Network Interfaces, error: 26 - Error Locating Server/Instance Specified)	 (cls_condbserver.ExecuteNonQuery())
2024-10-24 12:49:37:025	ERROR	A network-related or instance-specific error occurred while establishing a connection to SQL Server. The server was not found or was not accessible. Verify that the instance name is correct and that SQL Server is configured to allow remote connections. (provider: SQL Network Interfaces, error: 26 - Error Locating Server/Instance Specified)	 (cls_condbserver.ExecuteNonQuery())
2024-10-24 12:50:37:226	ERROR	A network-related or instance-specific error occurred while establishing a connection to SQL Server. The server was not found or was not accessible. Verify that the instance name is correct and that SQL Server is configured to allow remote connections. (provider: SQL Network Interfaces, error: 26 - Error Locating Server/Instance Specified)	 (cls_condbserver.ExecuteNonQuery())
2024-10-24 12:51:37:453	ERROR	A network-related or instance-specific error occurred while establishing a connection to SQL Server. The server was not found or was not accessible. Verify that the instance name is correct and that SQL Server is configured to allow remote connections. (provider: SQL Network Interfaces, error: 26 - Error Locating Server/Instance Specified)	 (cls_condbserver.ExecuteNonQuery())
2024-10-24 12:52:37:628	ERROR	A network-related or instance-specific error occurred while establishing a connection to SQL Server. The server was not found or was not accessible. Verify that the instance name is correct and that SQL Server is configured to allow remote connections. (provider: SQL Network Interfaces, error: 26 - Error Locating Server/Instance Specified)	 (cls_condbserver.ExecuteNonQuery())
2024-10-24 12:53:37:827	ERROR	A network-related or instance-specific error occurred while establishing a connection to SQL Server. The server was not found or was not accessible. Verify that the instance name is correct and that SQL Server is configured to allow remote connections. (provider: SQL Network Interfaces, error: 26 - Error Locating Server/Instance Specified)	 (cls_condbserver.ExecuteNonQuery())
2024-10-24 12:54:38:043	ERROR	A network-related or instance-specific error occurred while establishing a connection to SQL Server. The server was not found or was not accessible. Verify that the instance name is correct and that SQL Server is configured to allow remote connections. (provider: SQL Network Interfaces, error: 26 - Error Locating Server/Instance Specified)	 (cls_condbserver.ExecuteNonQuery())
2024-10-24 12:55:38:253	ERROR	A network-related or instance-specific error occurred while establishing a connection to SQL Server. The server was not found or was not accessible. Verify that the instance name is correct and that SQL Server is configured to allow remote connections. (provider: SQL Network Interfaces, error: 26 - Error Locating Server/Instance Specified)	 (cls_condbserver.ExecuteNonQuery())
2024-10-24 12:56:38:474	ERROR	A network-related or instance-specific error occurred while establishing a connection to SQL Server. The server was not found or was not accessible. Verify that the instance name is correct and that SQL Server is configured to allow remote connections. (provider: SQL Network Interfaces, error: 26 - Error Locating Server/Instance Specified)	 (cls_condbserver.ExecuteNonQuery())
2024-10-24 12:57:38:666	ERROR	A network-related or instance-specific error occurred while establishing a connection to SQL Server. The server was not found or was not accessible. Verify that the instance name is correct and that SQL Server is configured to allow remote connections. (provider: SQL Network Interfaces, error: 26 - Error Locating Server/Instance Specified)	 (cls_condbserver.ExecuteNonQuery())
2024-10-24 12:58:38:850	ERROR	A network-related or instance-specific error occurred while establishing a connection to SQL Server. The server was not found or was not accessible. Verify that the instance name is correct and that SQL Server is configured to allow remote connections. (provider: SQL Network Interfaces, error: 26 - Error Locating Server/Instance Specified)	 (cls_condbserver.ExecuteNonQuery())
2024-10-24 12:59:39:035	ERROR	A network-related or instance-specific error occurred while establishing a connection to SQL Server. The server was not found or was not accessible. Verify that the instance name is correct and that SQL Server is configured to allow remote connections. (provider: SQL Network Interfaces, error: 26 - Error Locating Server/Instance Specified)	 (cls_condbserver.ExecuteNonQuery())
2024-10-24 13:00:39:269	ERROR	A network-related or instance-specific error occurred while establishing a connection to SQL Server. The server was not found or was not accessible. Verify that the instance name is correct and that SQL Server is configured to allow remote connections. (provider: SQL Network Interfaces, error: 26 - Error Locating Server/Instance Specified)	 (cls_condbserver.ExecuteNonQuery())
2024-10-24 13:01:39:484	ERROR	A network-related or instance-specific error occurred while establishing a connection to SQL Server. The server was not found or was not accessible. Verify that the instance name is correct and that SQL Server is configured to allow remote connections. (provider: SQL Network Interfaces, error: 26 - Error Locating Server/Instance Specified)	 (cls_condbserver.ExecuteNonQuery())
2024-10-24 13:02:25:004	ERROR	Login failed for user 'sa'.	md.Fill()
2024-10-24 13:02:39:668	ERROR	A network-related or instance-specific error occurred while establishing a connection to SQL Server. The server was not found or was not accessible. Verify that the instance name is correct and that SQL Server is configured to allow remote connections. (provider: SQL Network Interfaces, error: 26 - Error Locating Server/Instance Specified)	 (cls_condbserver.ExecuteNonQuery())
2024-10-24 13:02:49:699	ERROR	A network-related or instance-specific error occurred while establishing a connection to SQL Server. The server was not found or was not accessible. Verify that the instance name is correct and that SQL Server is configured to allow remote connections. (provider: SQL Network Interfaces, error: 26 - Error Locating Server/Instance Specified)	 (cls_condbserver.ExecuteNonQuery())
2024-10-24 13:03:49:871	ERROR	A network-related or instance-specific error occurred while establishing a connection to SQL Server. The server was not found or was not accessible. Verify that the instance name is correct and that SQL Server is configured to allow remote connections. (provider: SQL Network Interfaces, error: 26 - Error Locating Server/Instance Specified)	 (cls_condbserver.ExecuteNonQuery())
2024-10-24 13:04:50:092	ERROR	A network-related or instance-specific error occurred while establishing a connection to SQL Server. The server was not found or was not accessible. Verify that the instance name is correct and that SQL Server is configured to allow remote connections. (provider: SQL Network Interfaces, error: 26 - Error Locating Server/Instance Specified)	 (cls_condbserver.ExecuteNonQuery())
2024-10-24 13:05:50:302	ERROR	A network-related or instance-specific error occurred while establishing a connection to SQL Server. The server was not found or was not accessible. Verify that the instance name is correct and that SQL Server is configured to allow remote connections. (provider: SQL Network Interfaces, error: 26 - Error Locating Server/Instance Specified)	 (cls_condbserver.ExecuteNonQuery())
2024-10-24 13:06:50:483	ERROR	A network-related or instance-specific error occurred while establishing a connection to SQL Server. The server was not found or was not accessible. Verify that the instance name is correct and that SQL Server is configured to allow remote connections. (provider: SQL Network Interfaces, error: 26 - Error Locating Server/Instance Specified)	 (cls_condbserver.ExecuteNonQuery())
2024-10-24 13:07:50:735	ERROR	A network-related or instance-specific error occurred while establishing a connection to SQL Server. The server was not found or was not accessible. Verify that the instance name is correct and that SQL Server is configured to allow remote connections. (provider: SQL Network Interfaces, error: 26 - Error Locating Server/Instance Specified)	 (cls_condbserver.ExecuteNonQuery())
2024-10-24 13:08:50:996	ERROR	A network-related or instance-specific error occurred while establishing a connection to SQL Server. The server was not found or was not accessible. Verify that the instance name is correct and that SQL Server is configured to allow remote connections. (provider: SQL Network Interfaces, error: 26 - Error Locating Server/Instance Specified)	 (cls_condbserver.ExecuteNonQuery())
2024-10-24 13:09:51:142	ERROR	A network-related or instance-specific error occurred while establishing a connection to SQL Server. The server was not found or was not accessible. Verify that the instance name is correct and that SQL Server is configured to allow remote connections. (provider: SQL Network Interfaces, error: 26 - Error Locating Server/Instance Specified)	 (cls_condbserver.ExecuteNonQuery())
2024-10-24 13:10:51:359	ERROR	A network-related or instance-specific error occurred while establishing a connection to SQL Server. The server was not found or was not accessible. Verify that the instance name is correct and that SQL Server is configured to allow remote connections. (provider: SQL Network Interfaces, error: 26 - Error Locating Server/Instance Specified)	 (cls_condbserver.ExecuteNonQuery())
2024-10-24 13:11:51:551	ERROR	A network-related or instance-specific error occurred while establishing a connection to SQL Server. The server was not found or was not accessible. Verify that the instance name is correct and that SQL Server is configured to allow remote connections. (provider: SQL Network Interfaces, error: 26 - Error Locating Server/Instance Specified)	 (cls_condbserver.ExecuteNonQuery())
2024-10-24 13:12:51:764	ERROR	A network-related or instance-specific error occurred while establishing a connection to SQL Server. The server was not found or was not accessible. Verify that the instance name is correct and that SQL Server is configured to allow remote connections. (provider: SQL Network Interfaces, error: 26 - Error Locating Server/Instance Specified)	 (cls_condbserver.ExecuteNonQuery())
2024-10-24 13:13:51:923	ERROR	A network-related or instance-specific error occurred while establishing a connection to SQL Server. The server was not found or was not accessible. Verify that the instance name is correct and that SQL Server is configured to allow remote connections. (provider: SQL Network Interfaces, error: 26 - Error Locating Server/Instance Specified)	 (cls_condbserver.ExecuteNonQuery())
2024-10-24 13:14:52:125	ERROR	A network-related or instance-specific error occurred while establishing a connection to SQL Server. The server was not found or was not accessible. Verify that the instance name is correct and that SQL Server is configured to allow remote connections. (provider: SQL Network Interfaces, error: 26 - Error Locating Server/Instance Specified)	 (cls_condbserver.ExecuteNonQuery())
2024-10-24 13:15:52:324	ERROR	A network-related or instance-specific error occurred while establishing a connection to SQL Server. The server was not found or was not accessible. Verify that the instance name is correct and that SQL Server is configured to allow remote connections. (provider: SQL Network Interfaces, error: 26 - Error Locating Server/Instance Specified)	 (cls_condbserver.ExecuteNonQuery())
2024-10-24 13:16:52:553	ERROR	A network-related or instance-specific error occurred while establishing a connection to SQL Server. The server was not found or was not accessible. Verify that the instance name is correct and that SQL Server is configured to allow remote connections. (provider: SQL Network Interfaces, error: 26 - Error Locating Server/Instance Specified)	 (cls_condbserver.ExecuteNonQuery())
2024-10-24 13:17:52:715	ERROR	A network-related or instance-specific error occurred while establishing a connection to SQL Server. The server was not found or was not accessible. Verify that the instance name is correct and that SQL Server is configured to allow remote connections. (provider: SQL Network Interfaces, error: 26 - Error Locating Server/Instance Specified)	 (cls_condbserver.ExecuteNonQuery())
2024-10-24 13:18:52:985	ERROR	A network-related or instance-specific error occurred while establishing a connection to SQL Server. The server was not found or was not accessible. Verify that the instance name is correct and that SQL Server is configured to allow remote connections. (provider: SQL Network Interfaces, error: 26 - Error Locating Server/Instance Specified)	 (cls_condbserver.ExecuteNonQuery())
2024-10-24 13:19:53:171	ERROR	A network-related or instance-specific error occurred while establishing a connection to SQL Server. The server was not found or was not accessible. Verify that the instance name is correct and that SQL Server is configured to allow remote connections. (provider: SQL Network Interfaces, error: 26 - Error Locating Server/Instance Specified)	 (cls_condbserver.ExecuteNonQuery())
2024-10-24 13:20:53:394	ERROR	A network-related or instance-specific error occurred while establishing a connection to SQL Server. The server was not found or was not accessible. Verify that the instance name is correct and that SQL Server is configured to allow remote connections. (provider: SQL Network Interfaces, error: 26 - Error Locating Server/Instance Specified)	 (cls_condbserver.ExecuteNonQuery())
2024-10-24 13:21:53:588	ERROR	A network-related or instance-specific error occurred while establishing a connection to SQL Server. The server was not found or was not accessible. Verify that the instance name is correct and that SQL Server is configured to allow remote connections. (provider: SQL Network Interfaces, error: 26 - Error Locating Server/Instance Specified)	 (cls_condbserver.ExecuteNonQuery())
2024-10-24 13:22:53:807	ERROR	A network-related or instance-specific error occurred while establishing a connection to SQL Server. The server was not found or was not accessible. Verify that the instance name is correct and that SQL Server is configured to allow remote connections. (provider: SQL Network Interfaces, error: 26 - Error Locating Server/Instance Specified)	 (cls_condbserver.ExecuteNonQuery())
2024-10-24 13:23:54:012	ERROR	A network-related or instance-specific error occurred while establishing a connection to SQL Server. The server was not found or was not accessible. Verify that the instance name is correct and that SQL Server is configured to allow remote connections. (provider: SQL Network Interfaces, error: 26 - Error Locating Server/Instance Specified)	 (cls_condbserver.ExecuteNonQuery())
2024-10-24 13:24:54:166	ERROR	A network-related or instance-specific error occurred while establishing a connection to SQL Server. The server was not found or was not accessible. Verify that the instance name is correct and that SQL Server is configured to allow remote connections. (provider: SQL Network Interfaces, error: 26 - Error Locating Server/Instance Specified)	 (cls_condbserver.ExecuteNonQuery())
2024-10-24 13:25:54:395	ERROR	A network-related or instance-specific error occurred while establishing a connection to SQL Server. The server was not found or was not accessible. Verify that the instance name is correct and that SQL Server is configured to allow remote connections. (provider: SQL Network Interfaces, error: 26 - Error Locating Server/Instance Specified)	 (cls_condbserver.ExecuteNonQuery())
2024-10-24 13:26:54:553	ERROR	A network-related or instance-specific error occurred while establishing a connection to SQL Server. The server was not found or was not accessible. Verify that the instance name is correct and that SQL Server is configured to allow remote connections. (provider: SQL Network Interfaces, error: 26 - Error Locating Server/Instance Specified)	 (cls_condbserver.ExecuteNonQuery())
2024-10-24 13:27:54:794	ERROR	A network-related or instance-specific error occurred while establishing a connection to SQL Server. The server was not found or was not accessible. Verify that the instance name is correct and that SQL Server is configured to allow remote connections. (provider: SQL Network Interfaces, error: 26 - Error Locating Server/Instance Specified)	 (cls_condbserver.ExecuteNonQuery())
2024-10-24 13:28:55:000	ERROR	A network-related or instance-specific error occurred while establishing a connection to SQL Server. The server was not found or was not accessible. Verify that the instance name is correct and that SQL Server is configured to allow remote connections. (provider: SQL Network Interfaces, error: 26 - Error Locating Server/Instance Specified)	 (cls_condbserver.ExecuteNonQuery())
2024-10-24 13:29:55:198	ERROR	A network-related or instance-specific error occurred while establishing a connection to SQL Server. The server was not found or was not accessible. Verify that the instance name is correct and that SQL Server is configured to allow remote connections. (provider: SQL Network Interfaces, error: 26 - Error Locating Server/Instance Specified)	 (cls_condbserver.ExecuteNonQuery())
2024-10-24 13:30:55:375	ERROR	A network-related or instance-specific error occurred while establishing a connection to SQL Server. The server was not found or was not accessible. Verify that the instance name is correct and that SQL Server is configured to allow remote connections. (provider: SQL Network Interfaces, error: 26 - Error Locating Server/Instance Specified)	 (cls_condbserver.ExecuteNonQuery())
2024-10-24 13:31:55:586	ERROR	A network-related or instance-specific error occurred while establishing a connection to SQL Server. The server was not found or was not accessible. Verify that the instance name is correct and that SQL Server is configured to allow remote connections. (provider: SQL Network Interfaces, error: 26 - Error Locating Server/Instance Specified)	 (cls_condbserver.ExecuteNonQuery())
2024-10-24 13:32:41:171	ERROR	Login failed for user 'sa'.	md.Fill()
2024-10-24 13:32:55:820	ERROR	A network-related or instance-specific error occurred while establishing a connection to SQL Server. The server was not found or was not accessible. Verify that the instance name is correct and that SQL Server is configured to allow remote connections. (provider: SQL Network Interfaces, error: 26 - Error Locating Server/Instance Specified)	 (cls_condbserver.ExecuteNonQuery())
2024-10-24 13:32:55:820	ERROR	A network-related or instance-specific error occurred while establishing a connection to SQL Server. The server was not found or was not accessible. Verify that the instance name is correct and that SQL Server is configured to allow remote connections. (provider: SQL Network Interfaces, error: 26 - Error Locating Server/Instance Specified)	 (cls_condbserver.ExecuteNonQuery())
2024-10-24 13:34:06:030	ERROR	A network-related or instance-specific error occurred while establishing a connection to SQL Server. The server was not found or was not accessible. Verify that the instance name is correct and that SQL Server is configured to allow remote connections. (provider: SQL Network Interfaces, error: 26 - Error Locating Server/Instance Specified)	 (cls_condbserver.ExecuteNonQuery())
2024-10-24 13:35:06:240	ERROR	A network-related or instance-specific error occurred while establishing a connection to SQL Server. The server was not found or was not accessible. Verify that the instance name is correct and that SQL Server is configured to allow remote connections. (provider: SQL Network Interfaces, error: 26 - Error Locating Server/Instance Specified)	 (cls_condbserver.ExecuteNonQuery())
2024-10-24 13:36:06:424	ERROR	A network-related or instance-specific error occurred while establishing a connection to SQL Server. The server was not found or was not accessible. Verify that the instance name is correct and that SQL Server is configured to allow remote connections. (provider: SQL Network Interfaces, error: 26 - Error Locating Server/Instance Specified)	 (cls_condbserver.ExecuteNonQuery())
2024-10-24 13:37:06:596	ERROR	A network-related or instance-specific error occurred while establishing a connection to SQL Server. The server was not found or was not accessible. Verify that the instance name is correct and that SQL Server is configured to allow remote connections. (provider: SQL Network Interfaces, error: 26 - Error Locating Server/Instance Specified)	 (cls_condbserver.ExecuteNonQuery())
2024-10-24 13:38:06:834	ERROR	A network-related or instance-specific error occurred while establishing a connection to SQL Server. The server was not found or was not accessible. Verify that the instance name is correct and that SQL Server is configured to allow remote connections. (provider: SQL Network Interfaces, error: 26 - Error Locating Server/Instance Specified)	 (cls_condbserver.ExecuteNonQuery())
2024-10-24 13:39:07:057	ERROR	A network-related or instance-specific error occurred while establishing a connection to SQL Server. The server was not found or was not accessible. Verify that the instance name is correct and that SQL Server is configured to allow remote connections. (provider: SQL Network Interfaces, error: 26 - Error Locating Server/Instance Specified)	 (cls_condbserver.ExecuteNonQuery())
2024-10-24 13:40:07:231	ERROR	A network-related or instance-specific error occurred while establishing a connection to SQL Server. The server was not found or was not accessible. Verify that the instance name is correct and that SQL Server is configured to allow remote connections. (provider: SQL Network Interfaces, error: 26 - Error Locating Server/Instance Specified)	 (cls_condbserver.ExecuteNonQuery())
2024-10-24 13:41:07:461	ERROR	A network-related or instance-specific error occurred while establishing a connection to SQL Server. The server was not found or was not accessible. Verify that the instance name is correct and that SQL Server is configured to allow remote connections. (provider: SQL Network Interfaces, error: 26 - Error Locating Server/Instance Specified)	 (cls_condbserver.ExecuteNonQuery())
2024-10-24 13:42:07:615	ERROR	A network-related or instance-specific error occurred while establishing a connection to SQL Server. The server was not found or was not accessible. Verify that the instance name is correct and that SQL Server is configured to allow remote connections. (provider: SQL Network Interfaces, error: 26 - Error Locating Server/Instance Specified)	 (cls_condbserver.ExecuteNonQuery())
2024-10-24 13:43:07:812	ERROR	A network-related or instance-specific error occurred while establishing a connection to SQL Server. The server was not found or was not accessible. Verify that the instance name is correct and that SQL Server is configured to allow remote connections. (provider: SQL Network Interfaces, error: 26 - Error Locating Server/Instance Specified)	 (cls_condbserver.ExecuteNonQuery())
2024-10-24 13:44:08:103	ERROR	A network-related or instance-specific error occurred while establishing a connection to SQL Server. The server was not found or was not accessible. Verify that the instance name is correct and that SQL Server is configured to allow remote connections. (provider: SQL Network Interfaces, error: 26 - Error Locating Server/Instance Specified)	 (cls_condbserver.ExecuteNonQuery())
2024-10-24 13:45:08:260	ERROR	A network-related or instance-specific error occurred while establishing a connection to SQL Server. The server was not found or was not accessible. Verify that the instance name is correct and that SQL Server is configured to allow remote connections. (provider: SQL Network Interfaces, error: 26 - Error Locating Server/Instance Specified)	 (cls_condbserver.ExecuteNonQuery())
2024-10-24 13:46:08:481	ERROR	A network-related or instance-specific error occurred while establishing a connection to SQL Server. The server was not found or was not accessible. Verify that the instance name is correct and that SQL Server is configured to allow remote connections. (provider: SQL Network Interfaces, error: 26 - Error Locating Server/Instance Specified)	 (cls_condbserver.ExecuteNonQuery())
2024-10-24 13:47:08:651	ERROR	A network-related or instance-specific error occurred while establishing a connection to SQL Server. The server was not found or was not accessible. Verify that the instance name is correct and that SQL Server is configured to allow remote connections. (provider: SQL Network Interfaces, error: 26 - Error Locating Server/Instance Specified)	 (cls_condbserver.ExecuteNonQuery())
2024-10-24 13:48:08:883	ERROR	A network-related or instance-specific error occurred while establishing a connection to SQL Server. The server was not found or was not accessible. Verify that the instance name is correct and that SQL Server is configured to allow remote connections. (provider: SQL Network Interfaces, error: 26 - Error Locating Server/Instance Specified)	 (cls_condbserver.ExecuteNonQuery())
2024-10-24 13:49:09:052	ERROR	A network-related or instance-specific error occurred while establishing a connection to SQL Server. The server was not found or was not accessible. Verify that the instance name is correct and that SQL Server is configured to allow remote connections. (provider: SQL Network Interfaces, error: 26 - Error Locating Server/Instance Specified)	 (cls_condbserver.ExecuteNonQuery())
2024-10-24 13:50:09:235	ERROR	A network-related or instance-specific error occurred while establishing a connection to SQL Server. The server was not found or was not accessible. Verify that the instance name is correct and that SQL Server is configured to allow remote connections. (provider: SQL Network Interfaces, error: 26 - Error Locating Server/Instance Specified)	 (cls_condbserver.ExecuteNonQuery())
2024-10-24 13:51:09:465	ERROR	A network-related or instance-specific error occurred while establishing a connection to SQL Server. The server was not found or was not accessible. Verify that the instance name is correct and that SQL Server is configured to allow remote connections. (provider: SQL Network Interfaces, error: 26 - Error Locating Server/Instance Specified)	 (cls_condbserver.ExecuteNonQuery())
2024-10-24 13:52:09:651	ERROR	A network-related or instance-specific error occurred while establishing a connection to SQL Server. The server was not found or was not accessible. Verify that the instance name is correct and that SQL Server is configured to allow remote connections. (provider: SQL Network Interfaces, error: 26 - Error Locating Server/Instance Specified)	 (cls_condbserver.ExecuteNonQuery())
2024-10-24 13:53:09:854	ERROR	A network-related or instance-specific error occurred while establishing a connection to SQL Server. The server was not found or was not accessible. Verify that the instance name is correct and that SQL Server is configured to allow remote connections. (provider: SQL Network Interfaces, error: 26 - Error Locating Server/Instance Specified)	 (cls_condbserver.ExecuteNonQuery())
2024-10-24 13:54:10:101	ERROR	A network-related or instance-specific error occurred while establishing a connection to SQL Server. The server was not found or was not accessible. Verify that the instance name is correct and that SQL Server is configured to allow remote connections. (provider: SQL Network Interfaces, error: 26 - Error Locating Server/Instance Specified)	 (cls_condbserver.ExecuteNonQuery())
2024-10-24 13:55:10:294	ERROR	A network-related or instance-specific error occurred while establishing a connection to SQL Server. The server was not found or was not accessible. Verify that the instance name is correct and that SQL Server is configured to allow remote connections. (provider: SQL Network Interfaces, error: 26 - Error Locating Server/Instance Specified)	 (cls_condbserver.ExecuteNonQuery())
2024-10-24 13:56:10:446	ERROR	A network-related or instance-specific error occurred while establishing a connection to SQL Server. The server was not found or was not accessible. Verify that the instance name is correct and that SQL Server is configured to allow remote connections. (provider: SQL Network Interfaces, error: 26 - Error Locating Server/Instance Specified)	 (cls_condbserver.ExecuteNonQuery())
2024-10-24 13:57:10:656	ERROR	A network-related or instance-specific error occurred while establishing a connection to SQL Server. The server was not found or was not accessible. Verify that the instance name is correct and that SQL Server is configured to allow remote connections. (provider: SQL Network Interfaces, error: 26 - Error Locating Server/Instance Specified)	 (cls_condbserver.ExecuteNonQuery())
2024-10-24 13:58:10:862	ERROR	A network-related or instance-specific error occurred while establishing a connection to SQL Server. The server was not found or was not accessible. Verify that the instance name is correct and that SQL Server is configured to allow remote connections. (provider: SQL Network Interfaces, error: 26 - Error Locating Server/Instance Specified)	 (cls_condbserver.ExecuteNonQuery())
2024-10-24 13:59:11:043	ERROR	A network-related or instance-specific error occurred while establishing a connection to SQL Server. The server was not found or was not accessible. Verify that the instance name is correct and that SQL Server is configured to allow remote connections. (provider: SQL Network Interfaces, error: 26 - Error Locating Server/Instance Specified)	 (cls_condbserver.ExecuteNonQuery())
2024-10-24 14:00:11:298	ERROR	A network-related or instance-specific error occurred while establishing a connection to SQL Server. The server was not found or was not accessible. Verify that the instance name is correct and that SQL Server is configured to allow remote connections. (provider: SQL Network Interfaces, error: 26 - Error Locating Server/Instance Specified)	 (cls_condbserver.ExecuteNonQuery())
2024-10-24 14:01:11:510	ERROR	A network-related or instance-specific error occurred while establishing a connection to SQL Server. The server was not found or was not accessible. Verify that the instance name is correct and that SQL Server is configured to allow remote connections. (provider: SQL Network Interfaces, error: 26 - Error Locating Server/Instance Specified)	 (cls_condbserver.ExecuteNonQuery())
2024-10-24 14:02:11:712	ERROR	A network-related or instance-specific error occurred while establishing a connection to SQL Server. The server was not found or was not accessible. Verify that the instance name is correct and that SQL Server is configured to allow remote connections. (provider: SQL Network Interfaces, error: 26 - Error Locating Server/Instance Specified)	 (cls_condbserver.ExecuteNonQuery())
2024-10-24 14:02:57:240	ERROR	Login failed for user 'sa'.	md.Fill()
2024-10-24 14:03:11:881	ERROR	A network-related or instance-specific error occurred while establishing a connection to SQL Server. The server was not found or was not accessible. Verify that the instance name is correct and that SQL Server is configured to allow remote connections. (provider: SQL Network Interfaces, error: 26 - Error Locating Server/Instance Specified)	 (cls_condbserver.ExecuteNonQuery())
2024-10-24 14:03:21:935	ERROR	A network-related or instance-specific error occurred while establishing a connection to SQL Server. The server was not found or was not accessible. Verify that the instance name is correct and that SQL Server is configured to allow remote connections. (provider: SQL Network Interfaces, error: 26 - Error Locating Server/Instance Specified)	 (cls_condbserver.ExecuteNonQuery())
2024-10-24 14:04:22:151	ERROR	A network-related or instance-specific error occurred while establishing a connection to SQL Server. The server was not found or was not accessible. Verify that the instance name is correct and that SQL Server is configured to allow remote connections. (provider: SQL Network Interfaces, error: 26 - Error Locating Server/Instance Specified)	 (cls_condbserver.ExecuteNonQuery())
2024-10-24 14:05:22:335	ERROR	A network-related or instance-specific error occurred while establishing a connection to SQL Server. The server was not found or was not accessible. Verify that the instance name is correct and that SQL Server is configured to allow remote connections. (provider: SQL Network Interfaces, error: 26 - Error Locating Server/Instance Specified)	 (cls_condbserver.ExecuteNonQuery())
2024-10-24 14:06:22:548	ERROR	A network-related or instance-specific error occurred while establishing a connection to SQL Server. The server was not found or was not accessible. Verify that the instance name is correct and that SQL Server is configured to allow remote connections. (provider: SQL Network Interfaces, error: 26 - Error Locating Server/Instance Specified)	 (cls_condbserver.ExecuteNonQuery())
2024-10-24 14:07:22:738	ERROR	A network-related or instance-specific error occurred while establishing a connection to SQL Server. The server was not found or was not accessible. Verify that the instance name is correct and that SQL Server is configured to allow remote connections. (provider: SQL Network Interfaces, error: 26 - Error Locating Server/Instance Specified)	 (cls_condbserver.ExecuteNonQuery())
2024-10-24 14:08:22:940	ERROR	A network-related or instance-specific error occurred while establishing a connection to SQL Server. The server was not found or was not accessible. Verify that the instance name is correct and that SQL Server is configured to allow remote connections. (provider: SQL Network Interfaces, error: 26 - Error Locating Server/Instance Specified)	 (cls_condbserver.ExecuteNonQuery())
2024-10-24 14:09:23:141	ERROR	A network-related or instance-specific error occurred while establishing a connection to SQL Server. The server was not found or was not accessible. Verify that the instance name is correct and that SQL Server is configured to allow remote connections. (provider: SQL Network Interfaces, error: 26 - Error Locating Server/Instance Specified)	 (cls_condbserver.ExecuteNonQuery())
2024-10-24 14:10:23:344	ERROR	A network-related or instance-specific error occurred while establishing a connection to SQL Server. The server was not found or was not accessible. Verify that the instance name is correct and that SQL Server is configured to allow remote connections. (provider: SQL Network Interfaces, error: 26 - Error Locating Server/Instance Specified)	 (cls_condbserver.ExecuteNonQuery())
2024-10-24 14:11:23:530	ERROR	A network-related or instance-specific error occurred while establishing a connection to SQL Server. The server was not found or was not accessible. Verify that the instance name is correct and that SQL Server is configured to allow remote connections. (provider: SQL Network Interfaces, error: 26 - Error Locating Server/Instance Specified)	 (cls_condbserver.ExecuteNonQuery())
2024-10-24 14:12:23:745	ERROR	A network-related or instance-specific error occurred while establishing a connection to SQL Server. The server was not found or was not accessible. Verify that the instance name is correct and that SQL Server is configured to allow remote connections. (provider: SQL Network Interfaces, error: 26 - Error Locating Server/Instance Specified)	 (cls_condbserver.ExecuteNonQuery())
2024-10-24 14:13:23:934	ERROR	A network-related or instance-specific error occurred while establishing a connection to SQL Server. The server was not found or was not accessible. Verify that the instance name is correct and that SQL Server is configured to allow remote connections. (provider: SQL Network Interfaces, error: 26 - Error Locating Server/Instance Specified)	 (cls_condbserver.ExecuteNonQuery())
2024-10-24 14:14:24:135	ERROR	A network-related or instance-specific error occurred while establishing a connection to SQL Server. The server was not found or was not accessible. Verify that the instance name is correct and that SQL Server is configured to allow remote connections. (provider: SQL Network Interfaces, error: 26 - Error Locating Server/Instance Specified)	 (cls_condbserver.ExecuteNonQuery())
2024-10-24 14:15:24:352	ERROR	A network-related or instance-specific error occurred while establishing a connection to SQL Server. The server was not found or was not accessible. Verify that the instance name is correct and that SQL Server is configured to allow remote connections. (provider: SQL Network Interfaces, error: 26 - Error Locating Server/Instance Specified)	 (cls_condbserver.ExecuteNonQuery())
2024-10-24 14:16:24:524	ERROR	A network-related or instance-specific error occurred while establishing a connection to SQL Server. The server was not found or was not accessible. Verify that the instance name is correct and that SQL Server is configured to allow remote connections. (provider: SQL Network Interfaces, error: 26 - Error Locating Server/Instance Specified)	 (cls_condbserver.ExecuteNonQuery())
2024-10-24 14:17:24:771	ERROR	A network-related or instance-specific error occurred while establishing a connection to SQL Server. The server was not found or was not accessible. Verify that the instance name is correct and that SQL Server is configured to allow remote connections. (provider: SQL Network Interfaces, error: 26 - Error Locating Server/Instance Specified)	 (cls_condbserver.ExecuteNonQuery())
2024-10-24 14:18:24:908	ERROR	A network-related or instance-specific error occurred while establishing a connection to SQL Server. The server was not found or was not accessible. Verify that the instance name is correct and that SQL Server is configured to allow remote connections. (provider: SQL Network Interfaces, error: 26 - Error Locating Server/Instance Specified)	 (cls_condbserver.ExecuteNonQuery())
2024-10-24 14:19:25:144	ERROR	A network-related or instance-specific error occurred while establishing a connection to SQL Server. The server was not found or was not accessible. Verify that the instance name is correct and that SQL Server is configured to allow remote connections. (provider: SQL Network Interfaces, error: 26 - Error Locating Server/Instance Specified)	 (cls_condbserver.ExecuteNonQuery())
2024-10-24 14:20:25:296	ERROR	A network-related or instance-specific error occurred while establishing a connection to SQL Server. The server was not found or was not accessible. Verify that the instance name is correct and that SQL Server is configured to allow remote connections. (provider: SQL Network Interfaces, error: 26 - Error Locating Server/Instance Specified)	 (cls_condbserver.ExecuteNonQuery())
2024-10-24 14:21:25:541	ERROR	A network-related or instance-specific error occurred while establishing a connection to SQL Server. The server was not found or was not accessible. Verify that the instance name is correct and that SQL Server is configured to allow remote connections. (provider: SQL Network Interfaces, error: 26 - Error Locating Server/Instance Specified)	 (cls_condbserver.ExecuteNonQuery())
2024-10-24 14:22:25:698	ERROR	A network-related or instance-specific error occurred while establishing a connection to SQL Server. The server was not found or was not accessible. Verify that the instance name is correct and that SQL Server is configured to allow remote connections. (provider: SQL Network Interfaces, error: 26 - Error Locating Server/Instance Specified)	 (cls_condbserver.ExecuteNonQuery())
2024-10-24 14:23:25:870	ERROR	A network-related or instance-specific error occurred while establishing a connection to SQL Server. The server was not found or was not accessible. Verify that the instance name is correct and that SQL Server is configured to allow remote connections. (provider: SQL Network Interfaces, error: 26 - Error Locating Server/Instance Specified)	 (cls_condbserver.ExecuteNonQuery())
2024-10-24 14:24:26:076	ERROR	A network-related or instance-specific error occurred while establishing a connection to SQL Server. The server was not found or was not accessible. Verify that the instance name is correct and that SQL Server is configured to allow remote connections. (provider: SQL Network Interfaces, error: 26 - Error Locating Server/Instance Specified)	 (cls_condbserver.ExecuteNonQuery())
2024-10-24 14:25:26:262	ERROR	A network-related or instance-specific error occurred while establishing a connection to SQL Server. The server was not found or was not accessible. Verify that the instance name is correct and that SQL Server is configured to allow remote connections. (provider: SQL Network Interfaces, error: 26 - Error Locating Server/Instance Specified)	 (cls_condbserver.ExecuteNonQuery())
2024-10-24 14:26:26:478	ERROR	A network-related or instance-specific error occurred while establishing a connection to SQL Server. The server was not found or was not accessible. Verify that the instance name is correct and that SQL Server is configured to allow remote connections. (provider: SQL Network Interfaces, error: 26 - Error Locating Server/Instance Specified)	 (cls_condbserver.ExecuteNonQuery())
2024-10-24 14:27:26:654	ERROR	A network-related or instance-specific error occurred while establishing a connection to SQL Server. The server was not found or was not accessible. Verify that the instance name is correct and that SQL Server is configured to allow remote connections. (provider: SQL Network Interfaces, error: 26 - Error Locating Server/Instance Specified)	 (cls_condbserver.ExecuteNonQuery())
2024-10-24 14:28:26:846	ERROR	A network-related or instance-specific error occurred while establishing a connection to SQL Server. The server was not found or was not accessible. Verify that the instance name is correct and that SQL Server is configured to allow remote connections. (provider: SQL Network Interfaces, error: 26 - Error Locating Server/Instance Specified)	 (cls_condbserver.ExecuteNonQuery())
2024-10-24 14:29:27:027	ERROR	A network-related or instance-specific error occurred while establishing a connection to SQL Server. The server was not found or was not accessible. Verify that the instance name is correct and that SQL Server is configured to allow remote connections. (provider: SQL Network Interfaces, error: 26 - Error Locating Server/Instance Specified)	 (cls_condbserver.ExecuteNonQuery())
2024-10-24 14:30:27:248	ERROR	A network-related or instance-specific error occurred while establishing a connection to SQL Server. The server was not found or was not accessible. Verify that the instance name is correct and that SQL Server is configured to allow remote connections. (provider: SQL Network Interfaces, error: 26 - Error Locating Server/Instance Specified)	 (cls_condbserver.ExecuteNonQuery())
2024-10-24 14:31:27:506	ERROR	A network-related or instance-specific error occurred while establishing a connection to SQL Server. The server was not found or was not accessible. Verify that the instance name is correct and that SQL Server is configured to allow remote connections. (provider: SQL Network Interfaces, error: 26 - Error Locating Server/Instance Specified)	 (cls_condbserver.ExecuteNonQuery())
2024-10-24 14:32:27:704	ERROR	A network-related or instance-specific error occurred while establishing a connection to SQL Server. The server was not found or was not accessible. Verify that the instance name is correct and that SQL Server is configured to allow remote connections. (provider: SQL Network Interfaces, error: 26 - Error Locating Server/Instance Specified)	 (cls_condbserver.ExecuteNonQuery())
2024-10-24 14:33:13:242	ERROR	Login failed for user 'sa'.	md.Fill()
2024-10-24 14:33:27:910	ERROR	A network-related or instance-specific error occurred while establishing a connection to SQL Server. The server was not found or was not accessible. Verify that the instance name is correct and that SQL Server is configured to allow remote connections. (provider: SQL Network Interfaces, error: 26 - Error Locating Server/Instance Specified)	 (cls_condbserver.ExecuteNonQuery())
2024-10-24 14:34:38:106	ERROR	A network-related or instance-specific error occurred while establishing a connection to SQL Server. The server was not found or was not accessible. Verify that the instance name is correct and that SQL Server is configured to allow remote connections. (provider: SQL Network Interfaces, error: 26 - Error Locating Server/Instance Specified)	 (cls_condbserver.ExecuteNonQuery())
2024-10-24 14:35:38:318	ERROR	A network-related or instance-specific error occurred while establishing a connection to SQL Server. The server was not found or was not accessible. Verify that the instance name is correct and that SQL Server is configured to allow remote connections. (provider: SQL Network Interfaces, error: 26 - Error Locating Server/Instance Specified)	 (cls_condbserver.ExecuteNonQuery())
2024-10-24 14:36:38:578	ERROR	A network-related or instance-specific error occurred while establishing a connection to SQL Server. The server was not found or was not accessible. Verify that the instance name is correct and that SQL Server is configured to allow remote connections. (provider: SQL Network Interfaces, error: 26 - Error Locating Server/Instance Specified)	 (cls_condbserver.ExecuteNonQuery())
2024-10-24 14:37:38:734	ERROR	A network-related or instance-specific error occurred while establishing a connection to SQL Server. The server was not found or was not accessible. Verify that the instance name is correct and that SQL Server is configured to allow remote connections. (provider: SQL Network Interfaces, error: 26 - Error Locating Server/Instance Specified)	 (cls_condbserver.ExecuteNonQuery())
2024-10-24 14:38:38:941	ERROR	A network-related or instance-specific error occurred while establishing a connection to SQL Server. The server was not found or was not accessible. Verify that the instance name is correct and that SQL Server is configured to allow remote connections. (provider: SQL Network Interfaces, error: 26 - Error Locating Server/Instance Specified)	 (cls_condbserver.ExecuteNonQuery())
2024-10-24 14:39:39:152	ERROR	A network-related or instance-specific error occurred while establishing a connection to SQL Server. The server was not found or was not accessible. Verify that the instance name is correct and that SQL Server is configured to allow remote connections. (provider: SQL Network Interfaces, error: 26 - Error Locating Server/Instance Specified)	 (cls_condbserver.ExecuteNonQuery())
2024-10-24 14:40:39:381	ERROR	A network-related or instance-specific error occurred while establishing a connection to SQL Server. The server was not found or was not accessible. Verify that the instance name is correct and that SQL Server is configured to allow remote connections. (provider: SQL Network Interfaces, error: 26 - Error Locating Server/Instance Specified)	 (cls_condbserver.ExecuteNonQuery())
2024-10-24 14:41:39:574	ERROR	A network-related or instance-specific error occurred while establishing a connection to SQL Server. The server was not found or was not accessible. Verify that the instance name is correct and that SQL Server is configured to allow remote connections. (provider: SQL Network Interfaces, error: 26 - Error Locating Server/Instance Specified)	 (cls_condbserver.ExecuteNonQuery())
2024-10-24 14:42:39:781	ERROR	A network-related or instance-specific error occurred while establishing a connection to SQL Server. The server was not found or was not accessible. Verify that the instance name is correct and that SQL Server is configured to allow remote connections. (provider: SQL Network Interfaces, error: 26 - Error Locating Server/Instance Specified)	 (cls_condbserver.ExecuteNonQuery())
2024-10-24 14:43:39:935	ERROR	A network-related or instance-specific error occurred while establishing a connection to SQL Server. The server was not found or was not accessible. Verify that the instance name is correct and that SQL Server is configured to allow remote connections. (provider: SQL Network Interfaces, error: 26 - Error Locating Server/Instance Specified)	 (cls_condbserver.ExecuteNonQuery())
2024-10-24 14:44:40:151	ERROR	A network-related or instance-specific error occurred while establishing a connection to SQL Server. The server was not found or was not accessible. Verify that the instance name is correct and that SQL Server is configured to allow remote connections. (provider: SQL Network Interfaces, error: 26 - Error Locating Server/Instance Specified)	 (cls_condbserver.ExecuteNonQuery())
2024-10-24 14:45:40:358	ERROR	A network-related or instance-specific error occurred while establishing a connection to SQL Server. The server was not found or was not accessible. Verify that the instance name is correct and that SQL Server is configured to allow remote connections. (provider: SQL Network Interfaces, error: 26 - Error Locating Server/Instance Specified)	 (cls_condbserver.ExecuteNonQuery())
2024-10-24 14:46:40:589	ERROR	A network-related or instance-specific error occurred while establishing a connection to SQL Server. The server was not found or was not accessible. Verify that the instance name is correct and that SQL Server is configured to allow remote connections. (provider: SQL Network Interfaces, error: 26 - Error Locating Server/Instance Specified)	 (cls_condbserver.ExecuteNonQuery())
2024-10-24 14:47:40:776	ERROR	A network-related or instance-specific error occurred while establishing a connection to SQL Server. The server was not found or was not accessible. Verify that the instance name is correct and that SQL Server is configured to allow remote connections. (provider: SQL Network Interfaces, error: 26 - Error Locating Server/Instance Specified)	 (cls_condbserver.ExecuteNonQuery())
2024-10-24 14:48:41:009	ERROR	A network-related or instance-specific error occurred while establishing a connection to SQL Server. The server was not found or was not accessible. Verify that the instance name is correct and that SQL Server is configured to allow remote connections. (provider: SQL Network Interfaces, error: 26 - Error Locating Server/Instance Specified)	 (cls_condbserver.ExecuteNonQuery())
2024-10-24 14:49:41:226	ERROR	A network-related or instance-specific error occurred while establishing a connection to SQL Server. The server was not found or was not accessible. Verify that the instance name is correct and that SQL Server is configured to allow remote connections. (provider: SQL Network Interfaces, error: 26 - Error Locating Server/Instance Specified)	 (cls_condbserver.ExecuteNonQuery())
2024-10-24 14:50:41:418	ERROR	A network-related or instance-specific error occurred while establishing a connection to SQL Server. The server was not found or was not accessible. Verify that the instance name is correct and that SQL Server is configured to allow remote connections. (provider: SQL Network Interfaces, error: 26 - Error Locating Server/Instance Specified)	 (cls_condbserver.ExecuteNonQuery())
2024-10-24 14:51:41:584	ERROR	A network-related or instance-specific error occurred while establishing a connection to SQL Server. The server was not found or was not accessible. Verify that the instance name is correct and that SQL Server is configured to allow remote connections. (provider: SQL Network Interfaces, error: 26 - Error Locating Server/Instance Specified)	 (cls_condbserver.ExecuteNonQuery())
2024-10-24 14:52:41:791	ERROR	A network-related or instance-specific error occurred while establishing a connection to SQL Server. The server was not found or was not accessible. Verify that the instance name is correct and that SQL Server is configured to allow remote connections. (provider: SQL Network Interfaces, error: 26 - Error Locating Server/Instance Specified)	 (cls_condbserver.ExecuteNonQuery())
2024-10-24 14:53:41:991	ERROR	A network-related or instance-specific error occurred while establishing a connection to SQL Server. The server was not found or was not accessible. Verify that the instance name is correct and that SQL Server is configured to allow remote connections. (provider: SQL Network Interfaces, error: 26 - Error Locating Server/Instance Specified)	 (cls_condbserver.ExecuteNonQuery())
2024-10-24 14:54:42:248	ERROR	A network-related or instance-specific error occurred while establishing a connection to SQL Server. The server was not found or was not accessible. Verify that the instance name is correct and that SQL Server is configured to allow remote connections. (provider: SQL Network Interfaces, error: 26 - Error Locating Server/Instance Specified)	 (cls_condbserver.ExecuteNonQuery())
2024-10-24 14:55:42:381	ERROR	A network-related or instance-specific error occurred while establishing a connection to SQL Server. The server was not found or was not accessible. Verify that the instance name is correct and that SQL Server is configured to allow remote connections. (provider: SQL Network Interfaces, error: 26 - Error Locating Server/Instance Specified)	 (cls_condbserver.ExecuteNonQuery())
2024-10-24 14:56:42:622	ERROR	A network-related or instance-specific error occurred while establishing a connection to SQL Server. The server was not found or was not accessible. Verify that the instance name is correct and that SQL Server is configured to allow remote connections. (provider: SQL Network Interfaces, error: 26 - Error Locating Server/Instance Specified)	 (cls_condbserver.ExecuteNonQuery())
2024-10-24 14:57:42:852	ERROR	A network-related or instance-specific error occurred while establishing a connection to SQL Server. The server was not found or was not accessible. Verify that the instance name is correct and that SQL Server is configured to allow remote connections. (provider: SQL Network Interfaces, error: 26 - Error Locating Server/Instance Specified)	 (cls_condbserver.ExecuteNonQuery())
2024-10-24 14:58:43:042	ERROR	A network-related or instance-specific error occurred while establishing a connection to SQL Server. The server was not found or was not accessible. Verify that the instance name is correct and that SQL Server is configured to allow remote connections. (provider: SQL Network Interfaces, error: 26 - Error Locating Server/Instance Specified)	 (cls_condbserver.ExecuteNonQuery())
2024-10-24 14:59:43:287	ERROR	A network-related or instance-specific error occurred while establishing a connection to SQL Server. The server was not found or was not accessible. Verify that the instance name is correct and that SQL Server is configured to allow remote connections. (provider: SQL Network Interfaces, error: 26 - Error Locating Server/Instance Specified)	 (cls_condbserver.ExecuteNonQuery())
2024-10-24 15:00:43:433	ERROR	A network-related or instance-specific error occurred while establishing a connection to SQL Server. The server was not found or was not accessible. Verify that the instance name is correct and that SQL Server is configured to allow remote connections. (provider: SQL Network Interfaces, error: 26 - Error Locating Server/Instance Specified)	 (cls_condbserver.ExecuteNonQuery())
2024-10-24 15:01:43:643	ERROR	A network-related or instance-specific error occurred while establishing a connection to SQL Server. The server was not found or was not accessible. Verify that the instance name is correct and that SQL Server is configured to allow remote connections. (provider: SQL Network Interfaces, error: 26 - Error Locating Server/Instance Specified)	 (cls_condbserver.ExecuteNonQuery())
2024-10-24 15:02:43:863	ERROR	A network-related or instance-specific error occurred while establishing a connection to SQL Server. The server was not found or was not accessible. Verify that the instance name is correct and that SQL Server is configured to allow remote connections. (provider: SQL Network Interfaces, error: 26 - Error Locating Server/Instance Specified)	 (cls_condbserver.ExecuteNonQuery())
2024-10-24 15:03:29:415	ERROR	Login failed for user 'sa'.	md.Fill()
2024-10-24 15:03:44:077	ERROR	A network-related or instance-specific error occurred while establishing a connection to SQL Server. The server was not found or was not accessible. Verify that the instance name is correct and that SQL Server is configured to allow remote connections. (provider: SQL Network Interfaces, error: 26 - Error Locating Server/Instance Specified)	 (cls_condbserver.ExecuteNonQuery())
2024-10-24 15:03:54:144	ERROR	A network-related or instance-specific error occurred while establishing a connection to SQL Server. The server was not found or was not accessible. Verify that the instance name is correct and that SQL Server is configured to allow remote connections. (provider: SQL Network Interfaces, error: 26 - Error Locating Server/Instance Specified)	 (cls_condbserver.ExecuteNonQuery())
2024-10-24 15:04:54:344	ERROR	A network-related or instance-specific error occurred while establishing a connection to SQL Server. The server was not found or was not accessible. Verify that the instance name is correct and that SQL Server is configured to allow remote connections. (provider: SQL Network Interfaces, error: 26 - Error Locating Server/Instance Specified)	 (cls_condbserver.ExecuteNonQuery())
2024-10-24 15:05:54:519	ERROR	A network-related or instance-specific error occurred while establishing a connection to SQL Server. The server was not found or was not accessible. Verify that the instance name is correct and that SQL Server is configured to allow remote connections. (provider: SQL Network Interfaces, error: 26 - Error Locating Server/Instance Specified)	 (cls_condbserver.ExecuteNonQuery())
2024-10-24 15:06:54:750	ERROR	A network-related or instance-specific error occurred while establishing a connection to SQL Server. The server was not found or was not accessible. Verify that the instance name is correct and that SQL Server is configured to allow remote connections. (provider: SQL Network Interfaces, error: 26 - Error Locating Server/Instance Specified)	 (cls_condbserver.ExecuteNonQuery())
2024-10-24 15:07:54:970	ERROR	A network-related or instance-specific error occurred while establishing a connection to SQL Server. The server was not found or was not accessible. Verify that the instance name is correct and that SQL Server is configured to allow remote connections. (provider: SQL Network Interfaces, error: 26 - Error Locating Server/Instance Specified)	 (cls_condbserver.ExecuteNonQuery())
2024-10-24 15:08:55:162	ERROR	A network-related or instance-specific error occurred while establishing a connection to SQL Server. The server was not found or was not accessible. Verify that the instance name is correct and that SQL Server is configured to allow remote connections. (provider: SQL Network Interfaces, error: 26 - Error Locating Server/Instance Specified)	 (cls_condbserver.ExecuteNonQuery())
2024-10-24 15:09:55:374	ERROR	A network-related or instance-specific error occurred while establishing a connection to SQL Server. The server was not found or was not accessible. Verify that the instance name is correct and that SQL Server is configured to allow remote connections. (provider: SQL Network Interfaces, error: 26 - Error Locating Server/Instance Specified)	 (cls_condbserver.ExecuteNonQuery())
2024-10-24 15:10:55:580	ERROR	A network-related or instance-specific error occurred while establishing a connection to SQL Server. The server was not found or was not accessible. Verify that the instance name is correct and that SQL Server is configured to allow remote connections. (provider: SQL Network Interfaces, error: 26 - Error Locating Server/Instance Specified)	 (cls_condbserver.ExecuteNonQuery())
2024-10-24 15:11:55:803	ERROR	A network-related or instance-specific error occurred while establishing a connection to SQL Server. The server was not found or was not accessible. Verify that the instance name is correct and that SQL Server is configured to allow remote connections. (provider: SQL Network Interfaces, error: 26 - Error Locating Server/Instance Specified)	 (cls_condbserver.ExecuteNonQuery())
2024-10-24 15:12:55:978	ERROR	A network-related or instance-specific error occurred while establishing a connection to SQL Server. The server was not found or was not accessible. Verify that the instance name is correct and that SQL Server is configured to allow remote connections. (provider: SQL Network Interfaces, error: 26 - Error Locating Server/Instance Specified)	 (cls_condbserver.ExecuteNonQuery())
2024-10-24 15:13:56:226	ERROR	A network-related or instance-specific error occurred while establishing a connection to SQL Server. The server was not found or was not accessible. Verify that the instance name is correct and that SQL Server is configured to allow remote connections. (provider: SQL Network Interfaces, error: 26 - Error Locating Server/Instance Specified)	 (cls_condbserver.ExecuteNonQuery())
2024-10-24 15:14:56:393	ERROR	A network-related or instance-specific error occurred while establishing a connection to SQL Server. The server was not found or was not accessible. Verify that the instance name is correct and that SQL Server is configured to allow remote connections. (provider: SQL Network Interfaces, error: 26 - Error Locating Server/Instance Specified)	 (cls_condbserver.ExecuteNonQuery())
2024-10-24 15:15:56:599	ERROR	A network-related or instance-specific error occurred while establishing a connection to SQL Server. The server was not found or was not accessible. Verify that the instance name is correct and that SQL Server is configured to allow remote connections. (provider: SQL Network Interfaces, error: 26 - Error Locating Server/Instance Specified)	 (cls_condbserver.ExecuteNonQuery())
2024-10-24 15:16:56:797	ERROR	A network-related or instance-specific error occurred while establishing a connection to SQL Server. The server was not found or was not accessible. Verify that the instance name is correct and that SQL Server is configured to allow remote connections. (provider: SQL Network Interfaces, error: 26 - Error Locating Server/Instance Specified)	 (cls_condbserver.ExecuteNonQuery())
2024-10-24 15:17:56:974	ERROR	A network-related or instance-specific error occurred while establishing a connection to SQL Server. The server was not found or was not accessible. Verify that the instance name is correct and that SQL Server is configured to allow remote connections. (provider: SQL Network Interfaces, error: 26 - Error Locating Server/Instance Specified)	 (cls_condbserver.ExecuteNonQuery())
2024-10-24 15:18:57:211	ERROR	A network-related or instance-specific error occurred while establishing a connection to SQL Server. The server was not found or was not accessible. Verify that the instance name is correct and that SQL Server is configured to allow remote connections. (provider: SQL Network Interfaces, error: 26 - Error Locating Server/Instance Specified)	 (cls_condbserver.ExecuteNonQuery())
2024-10-24 15:19:57:423	ERROR	A network-related or instance-specific error occurred while establishing a connection to SQL Server. The server was not found or was not accessible. Verify that the instance name is correct and that SQL Server is configured to allow remote connections. (provider: SQL Network Interfaces, error: 26 - Error Locating Server/Instance Specified)	 (cls_condbserver.ExecuteNonQuery())
2024-10-24 15:20:57:671	ERROR	A network-related or instance-specific error occurred while establishing a connection to SQL Server. The server was not found or was not accessible. Verify that the instance name is correct and that SQL Server is configured to allow remote connections. (provider: SQL Network Interfaces, error: 26 - Error Locating Server/Instance Specified)	 (cls_condbserver.ExecuteNonQuery())
2024-10-24 15:21:57:887	ERROR	A network-related or instance-specific error occurred while establishing a connection to SQL Server. The server was not found or was not accessible. Verify that the instance name is correct and that SQL Server is configured to allow remote connections. (provider: SQL Network Interfaces, error: 26 - Error Locating Server/Instance Specified)	 (cls_condbserver.ExecuteNonQuery())
2024-10-24 15:22:58:151	ERROR	A network-related or instance-specific error occurred while establishing a connection to SQL Server. The server was not found or was not accessible. Verify that the instance name is correct and that SQL Server is configured to allow remote connections. (provider: SQL Network Interfaces, error: 26 - Error Locating Server/Instance Specified)	 (cls_condbserver.ExecuteNonQuery())
2024-10-24 15:23:58:352	ERROR	A network-related or instance-specific error occurred while establishing a connection to SQL Server. The server was not found or was not accessible. Verify that the instance name is correct and that SQL Server is configured to allow remote connections. (provider: SQL Network Interfaces, error: 26 - Error Locating Server/Instance Specified)	 (cls_condbserver.ExecuteNonQuery())
2024-10-24 15:24:58:514	ERROR	A network-related or instance-specific error occurred while establishing a connection to SQL Server. The server was not found or was not accessible. Verify that the instance name is correct and that SQL Server is configured to allow remote connections. (provider: SQL Network Interfaces, error: 26 - Error Locating Server/Instance Specified)	 (cls_condbserver.ExecuteNonQuery())
2024-10-24 15:25:58:729	ERROR	A network-related or instance-specific error occurred while establishing a connection to SQL Server. The server was not found or was not accessible. Verify that the instance name is correct and that SQL Server is configured to allow remote connections. (provider: SQL Network Interfaces, error: 26 - Error Locating Server/Instance Specified)	 (cls_condbserver.ExecuteNonQuery())
2024-10-24 15:26:58:961	ERROR	A network-related or instance-specific error occurred while establishing a connection to SQL Server. The server was not found or was not accessible. Verify that the instance name is correct and that SQL Server is configured to allow remote connections. (provider: SQL Network Interfaces, error: 26 - Error Locating Server/Instance Specified)	 (cls_condbserver.ExecuteNonQuery())
2024-10-24 15:27:59:194	ERROR	A network-related or instance-specific error occurred while establishing a connection to SQL Server. The server was not found or was not accessible. Verify that the instance name is correct and that SQL Server is configured to allow remote connections. (provider: SQL Network Interfaces, error: 26 - Error Locating Server/Instance Specified)	 (cls_condbserver.ExecuteNonQuery())
2024-10-24 15:28:59:347	ERROR	A network-related or instance-specific error occurred while establishing a connection to SQL Server. The server was not found or was not accessible. Verify that the instance name is correct and that SQL Server is configured to allow remote connections. (provider: SQL Network Interfaces, error: 26 - Error Locating Server/Instance Specified)	 (cls_condbserver.ExecuteNonQuery())
2024-10-24 15:29:59:616	ERROR	A network-related or instance-specific error occurred while establishing a connection to SQL Server. The server was not found or was not accessible. Verify that the instance name is correct and that SQL Server is configured to allow remote connections. (provider: SQL Network Interfaces, error: 26 - Error Locating Server/Instance Specified)	 (cls_condbserver.ExecuteNonQuery())
2024-10-24 15:30:59:797	ERROR	A network-related or instance-specific error occurred while establishing a connection to SQL Server. The server was not found or was not accessible. Verify that the instance name is correct and that SQL Server is configured to allow remote connections. (provider: SQL Network Interfaces, error: 26 - Error Locating Server/Instance Specified)	 (cls_condbserver.ExecuteNonQuery())
2024-10-24 15:32:00:012	ERROR	A network-related or instance-specific error occurred while establishing a connection to SQL Server. The server was not found or was not accessible. Verify that the instance name is correct and that SQL Server is configured to allow remote connections. (provider: SQL Network Interfaces, error: 26 - Error Locating Server/Instance Specified)	 (cls_condbserver.ExecuteNonQuery())
2024-10-24 15:33:00:216	ERROR	A network-related or instance-specific error occurred while establishing a connection to SQL Server. The server was not found or was not accessible. Verify that the instance name is correct and that SQL Server is configured to allow remote connections. (provider: SQL Network Interfaces, error: 26 - Error Locating Server/Instance Specified)	 (cls_condbserver.ExecuteNonQuery())
2024-10-24 15:33:45:774	ERROR	Login failed for user 'sa'.	md.Fill()
2024-10-24 15:34:00:412	ERROR	A network-related or instance-specific error occurred while establishing a connection to SQL Server. The server was not found or was not accessible. Verify that the instance name is correct and that SQL Server is configured to allow remote connections. (provider: SQL Network Interfaces, error: 26 - Error Locating Server/Instance Specified)	 (cls_condbserver.ExecuteNonQuery())
2024-10-24 15:35:10:741	ERROR	A network-related or instance-specific error occurred while establishing a connection to SQL Server. The server was not found or was not accessible. Verify that the instance name is correct and that SQL Server is configured to allow remote connections. (provider: SQL Network Interfaces, error: 26 - Error Locating Server/Instance Specified)	 (cls_condbserver.ExecuteNonQuery())
2024-10-24 15:36:10:909	ERROR	A network-related or instance-specific error occurred while establishing a connection to SQL Server. The server was not found or was not accessible. Verify that the instance name is correct and that SQL Server is configured to allow remote connections. (provider: SQL Network Interfaces, error: 26 - Error Locating Server/Instance Specified)	 (cls_condbserver.ExecuteNonQuery())
2024-10-24 15:37:11:124	ERROR	A network-related or instance-specific error occurred while establishing a connection to SQL Server. The server was not found or was not accessible. Verify that the instance name is correct and that SQL Server is configured to allow remote connections. (provider: SQL Network Interfaces, error: 26 - Error Locating Server/Instance Specified)	 (cls_condbserver.ExecuteNonQuery())
2024-10-24 15:38:11:332	ERROR	A network-related or instance-specific error occurred while establishing a connection to SQL Server. The server was not found or was not accessible. Verify that the instance name is correct and that SQL Server is configured to allow remote connections. (provider: SQL Network Interfaces, error: 26 - Error Locating Server/Instance Specified)	 (cls_condbserver.ExecuteNonQuery())
2024-10-24 15:39:11:532	ERROR	A network-related or instance-specific error occurred while establishing a connection to SQL Server. The server was not found or was not accessible. Verify that the instance name is correct and that SQL Server is configured to allow remote connections. (provider: SQL Network Interfaces, error: 26 - Error Locating Server/Instance Specified)	 (cls_condbserver.ExecuteNonQuery())
2024-10-24 15:40:11:813	ERROR	A network-related or instance-specific error occurred while establishing a connection to SQL Server. The server was not found or was not accessible. Verify that the instance name is correct and that SQL Server is configured to allow remote connections. (provider: SQL Network Interfaces, error: 26 - Error Locating Server/Instance Specified)	 (cls_condbserver.ExecuteNonQuery())
2024-10-24 15:41:12:005	ERROR	A network-related or instance-specific error occurred while establishing a connection to SQL Server. The server was not found or was not accessible. Verify that the instance name is correct and that SQL Server is configured to allow remote connections. (provider: SQL Network Interfaces, error: 26 - Error Locating Server/Instance Specified)	 (cls_condbserver.ExecuteNonQuery())
2024-10-24 15:42:12:229	ERROR	A network-related or instance-specific error occurred while establishing a connection to SQL Server. The server was not found or was not accessible. Verify that the instance name is correct and that SQL Server is configured to allow remote connections. (provider: SQL Network Interfaces, error: 26 - Error Locating Server/Instance Specified)	 (cls_condbserver.ExecuteNonQuery())
2024-10-24 15:43:12:433	ERROR	A network-related or instance-specific error occurred while establishing a connection to SQL Server. The server was not found or was not accessible. Verify that the instance name is correct and that SQL Server is configured to allow remote connections. (provider: SQL Network Interfaces, error: 26 - Error Locating Server/Instance Specified)	 (cls_condbserver.ExecuteNonQuery())
2024-10-24 15:44:12:594	ERROR	A network-related or instance-specific error occurred while establishing a connection to SQL Server. The server was not found or was not accessible. Verify that the instance name is correct and that SQL Server is configured to allow remote connections. (provider: SQL Network Interfaces, error: 26 - Error Locating Server/Instance Specified)	 (cls_condbserver.ExecuteNonQuery())
2024-10-24 15:45:13:262	ERROR	A network-related or instance-specific error occurred while establishing a connection to SQL Server. The server was not found or was not accessible. Verify that the instance name is correct and that SQL Server is configured to allow remote connections. (provider: SQL Network Interfaces, error: 26 - Error Locating Server/Instance Specified)	 (cls_condbserver.ExecuteNonQuery())
2024-10-24 15:46:13:843	ERROR	A network-related or instance-specific error occurred while establishing a connection to SQL Server. The server was not found or was not accessible. Verify that the instance name is correct and that SQL Server is configured to allow remote connections. (provider: SQL Network Interfaces, error: 26 - Error Locating Server/Instance Specified)	 (cls_condbserver.ExecuteNonQuery())
2024-10-24 15:47:14:524	ERROR	A network-related or instance-specific error occurred while establishing a connection to SQL Server. The server was not found or was not accessible. Verify that the instance name is correct and that SQL Server is configured to allow remote connections. (provider: SQL Network Interfaces, error: 26 - Error Locating Server/Instance Specified)	 (cls_condbserver.ExecuteNonQuery())
2024-10-24 15:48:15:105	ERROR	A network-related or instance-specific error occurred while establishing a connection to SQL Server. The server was not found or was not accessible. Verify that the instance name is correct and that SQL Server is configured to allow remote connections. (provider: SQL Network Interfaces, error: 26 - Error Locating Server/Instance Specified)	 (cls_condbserver.ExecuteNonQuery())
2024-10-24 15:49:16:054	ERROR	A network-related or instance-specific error occurred while establishing a connection to SQL Server. The server was not found or was not accessible. Verify that the instance name is correct and that SQL Server is configured to allow remote connections. (provider: SQL Network Interfaces, error: 26 - Error Locating Server/Instance Specified)	 (cls_condbserver.ExecuteNonQuery())
2024-10-24 15:50:16:638	ERROR	A network-related or instance-specific error occurred while establishing a connection to SQL Server. The server was not found or was not accessible. Verify that the instance name is correct and that SQL Server is configured to allow remote connections. (provider: SQL Network Interfaces, error: 26 - Error Locating Server/Instance Specified)	 (cls_condbserver.ExecuteNonQuery())
2024-10-24 15:51:17:132	ERROR	A network-related or instance-specific error occurred while establishing a connection to SQL Server. The server was not found or was not accessible. Verify that the instance name is correct and that SQL Server is configured to allow remote connections. (provider: SQL Network Interfaces, error: 26 - Error Locating Server/Instance Specified)	 (cls_condbserver.ExecuteNonQuery())
2024-10-24 15:52:17:365	ERROR	A network-related or instance-specific error occurred while establishing a connection to SQL Server. The server was not found or was not accessible. Verify that the instance name is correct and that SQL Server is configured to allow remote connections. (provider: SQL Network Interfaces, error: 26 - Error Locating Server/Instance Specified)	 (cls_condbserver.ExecuteNonQuery())
2024-10-24 15:53:17:578	ERROR	A network-related or instance-specific error occurred while establishing a connection to SQL Server. The server was not found or was not accessible. Verify that the instance name is correct and that SQL Server is configured to allow remote connections. (provider: SQL Network Interfaces, error: 26 - Error Locating Server/Instance Specified)	 (cls_condbserver.ExecuteNonQuery())
2024-10-24 15:54:17:778	ERROR	A network-related or instance-specific error occurred while establishing a connection to SQL Server. The server was not found or was not accessible. Verify that the instance name is correct and that SQL Server is configured to allow remote connections. (provider: SQL Network Interfaces, error: 26 - Error Locating Server/Instance Specified)	 (cls_condbserver.ExecuteNonQuery())
2024-10-24 15:55:17:964	ERROR	A network-related or instance-specific error occurred while establishing a connection to SQL Server. The server was not found or was not accessible. Verify that the instance name is correct and that SQL Server is configured to allow remote connections. (provider: SQL Network Interfaces, error: 26 - Error Locating Server/Instance Specified)	 (cls_condbserver.ExecuteNonQuery())
2024-10-24 15:56:18:191	ERROR	A network-related or instance-specific error occurred while establishing a connection to SQL Server. The server was not found or was not accessible. Verify that the instance name is correct and that SQL Server is configured to allow remote connections. (provider: SQL Network Interfaces, error: 26 - Error Locating Server/Instance Specified)	 (cls_condbserver.ExecuteNonQuery())
2024-10-24 15:57:18:331	ERROR	A network-related or instance-specific error occurred while establishing a connection to SQL Server. The server was not found or was not accessible. Verify that the instance name is correct and that SQL Server is configured to allow remote connections. (provider: SQL Network Interfaces, error: 26 - Error Locating Server/Instance Specified)	 (cls_condbserver.ExecuteNonQuery())
2024-10-24 15:58:18:572	ERROR	A network-related or instance-specific error occurred while establishing a connection to SQL Server. The server was not found or was not accessible. Verify that the instance name is correct and that SQL Server is configured to allow remote connections. (provider: SQL Network Interfaces, error: 26 - Error Locating Server/Instance Specified)	 (cls_condbserver.ExecuteNonQuery())
2024-10-24 15:59:18:783	ERROR	A network-related or instance-specific error occurred while establishing a connection to SQL Server. The server was not found or was not accessible. Verify that the instance name is correct and that SQL Server is configured to allow remote connections. (provider: SQL Network Interfaces, error: 26 - Error Locating Server/Instance Specified)	 (cls_condbserver.ExecuteNonQuery())
2024-10-24 16:00:18:946	ERROR	A network-related or instance-specific error occurred while establishing a connection to SQL Server. The server was not found or was not accessible. Verify that the instance name is correct and that SQL Server is configured to allow remote connections. (provider: SQL Network Interfaces, error: 26 - Error Locating Server/Instance Specified)	 (cls_condbserver.ExecuteNonQuery())
2024-10-24 16:01:19:174	ERROR	A network-related or instance-specific error occurred while establishing a connection to SQL Server. The server was not found or was not accessible. Verify that the instance name is correct and that SQL Server is configured to allow remote connections. (provider: SQL Network Interfaces, error: 26 - Error Locating Server/Instance Specified)	 (cls_condbserver.ExecuteNonQuery())
2024-10-24 16:02:19:400	ERROR	A network-related or instance-specific error occurred while establishing a connection to SQL Server. The server was not found or was not accessible. Verify that the instance name is correct and that SQL Server is configured to allow remote connections. (provider: SQL Network Interfaces, error: 26 - Error Locating Server/Instance Specified)	 (cls_condbserver.ExecuteNonQuery())
2024-10-24 16:03:19:570	ERROR	A network-related or instance-specific error occurred while establishing a connection to SQL Server. The server was not found or was not accessible. Verify that the instance name is correct and that SQL Server is configured to allow remote connections. (provider: SQL Network Interfaces, error: 26 - Error Locating Server/Instance Specified)	 (cls_condbserver.ExecuteNonQuery())
2024-10-24 16:04:05:102	ERROR	Login failed for user 'sa'.	md.Fill()
2024-10-24 16:04:19:778	ERROR	A network-related or instance-specific error occurred while establishing a connection to SQL Server. The server was not found or was not accessible. Verify that the instance name is correct and that SQL Server is configured to allow remote connections. (provider: SQL Network Interfaces, error: 26 - Error Locating Server/Instance Specified)	 (cls_condbserver.ExecuteNonQuery())
2024-10-24 16:05:30:000	ERROR	A network-related or instance-specific error occurred while establishing a connection to SQL Server. The server was not found or was not accessible. Verify that the instance name is correct and that SQL Server is configured to allow remote connections. (provider: SQL Network Interfaces, error: 26 - Error Locating Server/Instance Specified)	 (cls_condbserver.ExecuteNonQuery())
2024-10-24 16:06:30:215	ERROR	A network-related or instance-specific error occurred while establishing a connection to SQL Server. The server was not found or was not accessible. Verify that the instance name is correct and that SQL Server is configured to allow remote connections. (provider: SQL Network Interfaces, error: 26 - Error Locating Server/Instance Specified)	 (cls_condbserver.ExecuteNonQuery())
2024-10-24 16:07:30:414	ERROR	A network-related or instance-specific error occurred while establishing a connection to SQL Server. The server was not found or was not accessible. Verify that the instance name is correct and that SQL Server is configured to allow remote connections. (provider: SQL Network Interfaces, error: 26 - Error Locating Server/Instance Specified)	 (cls_condbserver.ExecuteNonQuery())
2024-10-24 16:08:30:622	ERROR	A network-related or instance-specific error occurred while establishing a connection to SQL Server. The server was not found or was not accessible. Verify that the instance name is correct and that SQL Server is configured to allow remote connections. (provider: SQL Network Interfaces, error: 26 - Error Locating Server/Instance Specified)	 (cls_condbserver.ExecuteNonQuery())
2024-10-24 16:09:30:853	ERROR	A network-related or instance-specific error occurred while establishing a connection to SQL Server. The server was not found or was not accessible. Verify that the instance name is correct and that SQL Server is configured to allow remote connections. (provider: SQL Network Interfaces, error: 26 - Error Locating Server/Instance Specified)	 (cls_condbserver.ExecuteNonQuery())
2024-10-24 16:10:31:048	ERROR	A network-related or instance-specific error occurred while establishing a connection to SQL Server. The server was not found or was not accessible. Verify that the instance name is correct and that SQL Server is configured to allow remote connections. (provider: SQL Network Interfaces, error: 26 - Error Locating Server/Instance Specified)	 (cls_condbserver.ExecuteNonQuery())
2024-10-24 16:11:31:266	ERROR	A network-related or instance-specific error occurred while establishing a connection to SQL Server. The server was not found or was not accessible. Verify that the instance name is correct and that SQL Server is configured to allow remote connections. (provider: SQL Network Interfaces, error: 26 - Error Locating Server/Instance Specified)	 (cls_condbserver.ExecuteNonQuery())
2024-10-24 16:12:31:452	ERROR	A network-related or instance-specific error occurred while establishing a connection to SQL Server. The server was not found or was not accessible. Verify that the instance name is correct and that SQL Server is configured to allow remote connections. (provider: SQL Network Interfaces, error: 26 - Error Locating Server/Instance Specified)	 (cls_condbserver.ExecuteNonQuery())
2024-10-24 16:13:31:684	ERROR	A network-related or instance-specific error occurred while establishing a connection to SQL Server. The server was not found or was not accessible. Verify that the instance name is correct and that SQL Server is configured to allow remote connections. (provider: SQL Network Interfaces, error: 26 - Error Locating Server/Instance Specified)	 (cls_condbserver.ExecuteNonQuery())
2024-10-24 16:14:31:855	ERROR	A network-related or instance-specific error occurred while establishing a connection to SQL Server. The server was not found or was not accessible. Verify that the instance name is correct and that SQL Server is configured to allow remote connections. (provider: SQL Network Interfaces, error: 26 - Error Locating Server/Instance Specified)	 (cls_condbserver.ExecuteNonQuery())
2024-10-24 16:15:32:071	ERROR	A network-related or instance-specific error occurred while establishing a connection to SQL Server. The server was not found or was not accessible. Verify that the instance name is correct and that SQL Server is configured to allow remote connections. (provider: SQL Network Interfaces, error: 26 - Error Locating Server/Instance Specified)	 (cls_condbserver.ExecuteNonQuery())
2024-10-24 16:16:32:279	ERROR	A network-related or instance-specific error occurred while establishing a connection to SQL Server. The server was not found or was not accessible. Verify that the instance name is correct and that SQL Server is configured to allow remote connections. (provider: SQL Network Interfaces, error: 26 - Error Locating Server/Instance Specified)	 (cls_condbserver.ExecuteNonQuery())
2024-10-24 16:17:32:441	ERROR	A network-related or instance-specific error occurred while establishing a connection to SQL Server. The server was not found or was not accessible. Verify that the instance name is correct and that SQL Server is configured to allow remote connections. (provider: SQL Network Interfaces, error: 26 - Error Locating Server/Instance Specified)	 (cls_condbserver.ExecuteNonQuery())
2024-10-24 16:18:32:652	ERROR	A network-related or instance-specific error occurred while establishing a connection to SQL Server. The server was not found or was not accessible. Verify that the instance name is correct and that SQL Server is configured to allow remote connections. (provider: SQL Network Interfaces, error: 26 - Error Locating Server/Instance Specified)	 (cls_condbserver.ExecuteNonQuery())
2024-10-24 16:19:32:816	ERROR	A network-related or instance-specific error occurred while establishing a connection to SQL Server. The server was not found or was not accessible. Verify that the instance name is correct and that SQL Server is configured to allow remote connections. (provider: SQL Network Interfaces, error: 26 - Error Locating Server/Instance Specified)	 (cls_condbserver.ExecuteNonQuery())
2024-10-24 16:20:33:003	ERROR	A network-related or instance-specific error occurred while establishing a connection to SQL Server. The server was not found or was not accessible. Verify that the instance name is correct and that SQL Server is configured to allow remote connections. (provider: SQL Network Interfaces, error: 26 - Error Locating Server/Instance Specified)	 (cls_condbserver.ExecuteNonQuery())
2024-10-24 16:21:33:204	ERROR	A network-related or instance-specific error occurred while establishing a connection to SQL Server. The server was not found or was not accessible. Verify that the instance name is correct and that SQL Server is configured to allow remote connections. (provider: SQL Network Interfaces, error: 26 - Error Locating Server/Instance Specified)	 (cls_condbserver.ExecuteNonQuery())
2024-10-24 16:22:33:403	ERROR	A network-related or instance-specific error occurred while establishing a connection to SQL Server. The server was not found or was not accessible. Verify that the instance name is correct and that SQL Server is configured to allow remote connections. (provider: SQL Network Interfaces, error: 26 - Error Locating Server/Instance Specified)	 (cls_condbserver.ExecuteNonQuery())
2024-10-24 16:23:33:598	ERROR	A network-related or instance-specific error occurred while establishing a connection to SQL Server. The server was not found or was not accessible. Verify that the instance name is correct and that SQL Server is configured to allow remote connections. (provider: SQL Network Interfaces, error: 26 - Error Locating Server/Instance Specified)	 (cls_condbserver.ExecuteNonQuery())
2024-10-24 16:24:33:805	ERROR	A network-related or instance-specific error occurred while establishing a connection to SQL Server. The server was not found or was not accessible. Verify that the instance name is correct and that SQL Server is configured to allow remote connections. (provider: SQL Network Interfaces, error: 26 - Error Locating Server/Instance Specified)	 (cls_condbserver.ExecuteNonQuery())
2024-10-24 16:25:33:983	ERROR	A network-related or instance-specific error occurred while establishing a connection to SQL Server. The server was not found or was not accessible. Verify that the instance name is correct and that SQL Server is configured to allow remote connections. (provider: SQL Network Interfaces, error: 26 - Error Locating Server/Instance Specified)	 (cls_condbserver.ExecuteNonQuery())
2024-10-24 16:26:34:189	ERROR	A network-related or instance-specific error occurred while establishing a connection to SQL Server. The server was not found or was not accessible. Verify that the instance name is correct and that SQL Server is configured to allow remote connections. (provider: SQL Network Interfaces, error: 26 - Error Locating Server/Instance Specified)	 (cls_condbserver.ExecuteNonQuery())
2024-10-24 16:27:34:415	ERROR	A network-related or instance-specific error occurred while establishing a connection to SQL Server. The server was not found or was not accessible. Verify that the instance name is correct and that SQL Server is configured to allow remote connections. (provider: SQL Network Interfaces, error: 26 - Error Locating Server/Instance Specified)	 (cls_condbserver.ExecuteNonQuery())
2024-10-24 16:28:34:607	ERROR	A network-related or instance-specific error occurred while establishing a connection to SQL Server. The server was not found or was not accessible. Verify that the instance name is correct and that SQL Server is configured to allow remote connections. (provider: SQL Network Interfaces, error: 26 - Error Locating Server/Instance Specified)	 (cls_condbserver.ExecuteNonQuery())
2024-10-24 16:29:34:794	ERROR	A network-related or instance-specific error occurred while establishing a connection to SQL Server. The server was not found or was not accessible. Verify that the instance name is correct and that SQL Server is configured to allow remote connections. (provider: SQL Network Interfaces, error: 26 - Error Locating Server/Instance Specified)	 (cls_condbserver.ExecuteNonQuery())
2024-10-24 16:30:34:997	ERROR	A network-related or instance-specific error occurred while establishing a connection to SQL Server. The server was not found or was not accessible. Verify that the instance name is correct and that SQL Server is configured to allow remote connections. (provider: SQL Network Interfaces, error: 26 - Error Locating Server/Instance Specified)	 (cls_condbserver.ExecuteNonQuery())
2024-10-24 16:31:35:148	ERROR	A network-related or instance-specific error occurred while establishing a connection to SQL Server. The server was not found or was not accessible. Verify that the instance name is correct and that SQL Server is configured to allow remote connections. (provider: SQL Network Interfaces, error: 26 - Error Locating Server/Instance Specified)	 (cls_condbserver.ExecuteNonQuery())
2024-10-24 16:32:35:369	ERROR	A network-related or instance-specific error occurred while establishing a connection to SQL Server. The server was not found or was not accessible. Verify that the instance name is correct and that SQL Server is configured to allow remote connections. (provider: SQL Network Interfaces, error: 26 - Error Locating Server/Instance Specified)	 (cls_condbserver.ExecuteNonQuery())
2024-10-24 16:33:35:573	ERROR	A network-related or instance-specific error occurred while establishing a connection to SQL Server. The server was not found or was not accessible. Verify that the instance name is correct and that SQL Server is configured to allow remote connections. (provider: SQL Network Interfaces, error: 26 - Error Locating Server/Instance Specified)	 (cls_condbserver.ExecuteNonQuery())
2024-10-24 16:34:21:117	ERROR	Login failed for user 'sa'.	md.Fill()
2024-10-24 16:34:35:763	ERROR	A network-related or instance-specific error occurred while establishing a connection to SQL Server. The server was not found or was not accessible. Verify that the instance name is correct and that SQL Server is configured to allow remote connections. (provider: SQL Network Interfaces, error: 26 - Error Locating Server/Instance Specified)	 (cls_condbserver.ExecuteNonQuery())
2024-10-24 16:35:45:969	ERROR	A network-related or instance-specific error occurred while establishing a connection to SQL Server. The server was not found or was not accessible. Verify that the instance name is correct and that SQL Server is configured to allow remote connections. (provider: SQL Network Interfaces, error: 26 - Error Locating Server/Instance Specified)	 (cls_condbserver.ExecuteNonQuery())
2024-10-24 16:36:46:256	ERROR	A network-related or instance-specific error occurred while establishing a connection to SQL Server. The server was not found or was not accessible. Verify that the instance name is correct and that SQL Server is configured to allow remote connections. (provider: SQL Network Interfaces, error: 26 - Error Locating Server/Instance Specified)	 (cls_condbserver.ExecuteNonQuery())
2024-10-24 16:37:46:476	ERROR	A network-related or instance-specific error occurred while establishing a connection to SQL Server. The server was not found or was not accessible. Verify that the instance name is correct and that SQL Server is configured to allow remote connections. (provider: SQL Network Interfaces, error: 26 - Error Locating Server/Instance Specified)	 (cls_condbserver.ExecuteNonQuery())
2024-10-24 16:38:46:650	ERROR	A network-related or instance-specific error occurred while establishing a connection to SQL Server. The server was not found or was not accessible. Verify that the instance name is correct and that SQL Server is configured to allow remote connections. (provider: SQL Network Interfaces, error: 26 - Error Locating Server/Instance Specified)	 (cls_condbserver.ExecuteNonQuery())
2024-10-24 16:39:46:886	ERROR	A network-related or instance-specific error occurred while establishing a connection to SQL Server. The server was not found or was not accessible. Verify that the instance name is correct and that SQL Server is configured to allow remote connections. (provider: SQL Network Interfaces, error: 26 - Error Locating Server/Instance Specified)	 (cls_condbserver.ExecuteNonQuery())
2024-10-24 16:40:47:063	ERROR	A network-related or instance-specific error occurred while establishing a connection to SQL Server. The server was not found or was not accessible. Verify that the instance name is correct and that SQL Server is configured to allow remote connections. (provider: SQL Network Interfaces, error: 26 - Error Locating Server/Instance Specified)	 (cls_condbserver.ExecuteNonQuery())
2024-10-24 16:41:47:309	ERROR	A network-related or instance-specific error occurred while establishing a connection to SQL Server. The server was not found or was not accessible. Verify that the instance name is correct and that SQL Server is configured to allow remote connections. (provider: SQL Network Interfaces, error: 26 - Error Locating Server/Instance Specified)	 (cls_condbserver.ExecuteNonQuery())
2024-10-24 16:42:47:506	ERROR	A network-related or instance-specific error occurred while establishing a connection to SQL Server. The server was not found or was not accessible. Verify that the instance name is correct and that SQL Server is configured to allow remote connections. (provider: SQL Network Interfaces, error: 26 - Error Locating Server/Instance Specified)	 (cls_condbserver.ExecuteNonQuery())
2024-10-24 16:43:47:695	ERROR	A network-related or instance-specific error occurred while establishing a connection to SQL Server. The server was not found or was not accessible. Verify that the instance name is correct and that SQL Server is configured to allow remote connections. (provider: SQL Network Interfaces, error: 26 - Error Locating Server/Instance Specified)	 (cls_condbserver.ExecuteNonQuery())
2024-10-24 16:44:47:910	ERROR	A network-related or instance-specific error occurred while establishing a connection to SQL Server. The server was not found or was not accessible. Verify that the instance name is correct and that SQL Server is configured to allow remote connections. (provider: SQL Network Interfaces, error: 26 - Error Locating Server/Instance Specified)	 (cls_condbserver.ExecuteNonQuery())
2024-10-24 16:45:48:163	ERROR	A network-related or instance-specific error occurred while establishing a connection to SQL Server. The server was not found or was not accessible. Verify that the instance name is correct and that SQL Server is configured to allow remote connections. (provider: SQL Network Interfaces, error: 26 - Error Locating Server/Instance Specified)	 (cls_condbserver.ExecuteNonQuery())
2024-10-24 16:46:48:276	ERROR	A network-related or instance-specific error occurred while establishing a connection to SQL Server. The server was not found or was not accessible. Verify that the instance name is correct and that SQL Server is configured to allow remote connections. (provider: SQL Network Interfaces, error: 26 - Error Locating Server/Instance Specified)	 (cls_condbserver.ExecuteNonQuery())
2024-10-24 16:47:48:515	ERROR	A network-related or instance-specific error occurred while establishing a connection to SQL Server. The server was not found or was not accessible. Verify that the instance name is correct and that SQL Server is configured to allow remote connections. (provider: SQL Network Interfaces, error: 26 - Error Locating Server/Instance Specified)	 (cls_condbserver.ExecuteNonQuery())
2024-10-24 16:48:48:742	ERROR	A network-related or instance-specific error occurred while establishing a connection to SQL Server. The server was not found or was not accessible. Verify that the instance name is correct and that SQL Server is configured to allow remote connections. (provider: SQL Network Interfaces, error: 26 - Error Locating Server/Instance Specified)	 (cls_condbserver.ExecuteNonQuery())
2024-10-24 16:49:48:928	ERROR	A network-related or instance-specific error occurred while establishing a connection to SQL Server. The server was not found or was not accessible. Verify that the instance name is correct and that SQL Server is configured to allow remote connections. (provider: SQL Network Interfaces, error: 26 - Error Locating Server/Instance Specified)	 (cls_condbserver.ExecuteNonQuery())
2024-10-24 16:50:49:123	ERROR	A network-related or instance-specific error occurred while establishing a connection to SQL Server. The server was not found or was not accessible. Verify that the instance name is correct and that SQL Server is configured to allow remote connections. (provider: SQL Network Interfaces, error: 26 - Error Locating Server/Instance Specified)	 (cls_condbserver.ExecuteNonQuery())
2024-10-24 16:51:49:325	ERROR	A network-related or instance-specific error occurred while establishing a connection to SQL Server. The server was not found or was not accessible. Verify that the instance name is correct and that SQL Server is configured to allow remote connections. (provider: SQL Network Interfaces, error: 26 - Error Locating Server/Instance Specified)	 (cls_condbserver.ExecuteNonQuery())
2024-10-24 16:52:49:505	ERROR	A network-related or instance-specific error occurred while establishing a connection to SQL Server. The server was not found or was not accessible. Verify that the instance name is correct and that SQL Server is configured to allow remote connections. (provider: SQL Network Interfaces, error: 26 - Error Locating Server/Instance Specified)	 (cls_condbserver.ExecuteNonQuery())
2024-10-24 16:53:49:722	ERROR	A network-related or instance-specific error occurred while establishing a connection to SQL Server. The server was not found or was not accessible. Verify that the instance name is correct and that SQL Server is configured to allow remote connections. (provider: SQL Network Interfaces, error: 26 - Error Locating Server/Instance Specified)	 (cls_condbserver.ExecuteNonQuery())
2024-10-24 16:54:49:945	ERROR	A network-related or instance-specific error occurred while establishing a connection to SQL Server. The server was not found or was not accessible. Verify that the instance name is correct and that SQL Server is configured to allow remote connections. (provider: SQL Network Interfaces, error: 26 - Error Locating Server/Instance Specified)	 (cls_condbserver.ExecuteNonQuery())
2024-10-24 16:55:50:163	ERROR	A network-related or instance-specific error occurred while establishing a connection to SQL Server. The server was not found or was not accessible. Verify that the instance name is correct and that SQL Server is configured to allow remote connections. (provider: SQL Network Interfaces, error: 26 - Error Locating Server/Instance Specified)	 (cls_condbserver.ExecuteNonQuery())
2024-10-24 16:56:50:361	ERROR	A network-related or instance-specific error occurred while establishing a connection to SQL Server. The server was not found or was not accessible. Verify that the instance name is correct and that SQL Server is configured to allow remote connections. (provider: SQL Network Interfaces, error: 26 - Error Locating Server/Instance Specified)	 (cls_condbserver.ExecuteNonQuery())
2024-10-24 16:57:50:544	ERROR	A network-related or instance-specific error occurred while establishing a connection to SQL Server. The server was not found or was not accessible. Verify that the instance name is correct and that SQL Server is configured to allow remote connections. (provider: SQL Network Interfaces, error: 26 - Error Locating Server/Instance Specified)	 (cls_condbserver.ExecuteNonQuery())
2024-10-24 16:58:50:712	ERROR	A network-related or instance-specific error occurred while establishing a connection to SQL Server. The server was not found or was not accessible. Verify that the instance name is correct and that SQL Server is configured to allow remote connections. (provider: SQL Network Interfaces, error: 26 - Error Locating Server/Instance Specified)	 (cls_condbserver.ExecuteNonQuery())
2024-10-24 16:59:50:904	ERROR	A network-related or instance-specific error occurred while establishing a connection to SQL Server. The server was not found or was not accessible. Verify that the instance name is correct and that SQL Server is configured to allow remote connections. (provider: SQL Network Interfaces, error: 26 - Error Locating Server/Instance Specified)	 (cls_condbserver.ExecuteNonQuery())
2024-10-24 17:00:51:118	ERROR	A network-related or instance-specific error occurred while establishing a connection to SQL Server. The server was not found or was not accessible. Verify that the instance name is correct and that SQL Server is configured to allow remote connections. (provider: SQL Network Interfaces, error: 26 - Error Locating Server/Instance Specified)	 (cls_condbserver.ExecuteNonQuery())
2024-10-24 17:01:51:336	ERROR	A network-related or instance-specific error occurred while establishing a connection to SQL Server. The server was not found or was not accessible. Verify that the instance name is correct and that SQL Server is configured to allow remote connections. (provider: SQL Network Interfaces, error: 26 - Error Locating Server/Instance Specified)	 (cls_condbserver.ExecuteNonQuery())
2024-10-24 17:02:51:551	ERROR	A network-related or instance-specific error occurred while establishing a connection to SQL Server. The server was not found or was not accessible. Verify that the instance name is correct and that SQL Server is configured to allow remote connections. (provider: SQL Network Interfaces, error: 26 - Error Locating Server/Instance Specified)	 (cls_condbserver.ExecuteNonQuery())
2024-10-24 17:03:51:743	ERROR	A network-related or instance-specific error occurred while establishing a connection to SQL Server. The server was not found or was not accessible. Verify that the instance name is correct and that SQL Server is configured to allow remote connections. (provider: SQL Network Interfaces, error: 26 - Error Locating Server/Instance Specified)	 (cls_condbserver.ExecuteNonQuery())
2024-10-24 17:04:37:268	ERROR	Login failed for user 'sa'.	md.Fill()
2024-10-24 17:04:51:938	ERROR	A network-related or instance-specific error occurred while establishing a connection to SQL Server. The server was not found or was not accessible. Verify that the instance name is correct and that SQL Server is configured to allow remote connections. (provider: SQL Network Interfaces, error: 26 - Error Locating Server/Instance Specified)	 (cls_condbserver.ExecuteNonQuery())
2024-10-24 17:06:02:194	ERROR	A network-related or instance-specific error occurred while establishing a connection to SQL Server. The server was not found or was not accessible. Verify that the instance name is correct and that SQL Server is configured to allow remote connections. (provider: SQL Network Interfaces, error: 26 - Error Locating Server/Instance Specified)	 (cls_condbserver.ExecuteNonQuery())
2024-10-24 17:07:02:344	ERROR	A network-related or instance-specific error occurred while establishing a connection to SQL Server. The server was not found or was not accessible. Verify that the instance name is correct and that SQL Server is configured to allow remote connections. (provider: SQL Network Interfaces, error: 26 - Error Locating Server/Instance Specified)	 (cls_condbserver.ExecuteNonQuery())
2024-10-24 17:08:02:589	ERROR	A network-related or instance-specific error occurred while establishing a connection to SQL Server. The server was not found or was not accessible. Verify that the instance name is correct and that SQL Server is configured to allow remote connections. (provider: SQL Network Interfaces, error: 26 - Error Locating Server/Instance Specified)	 (cls_condbserver.ExecuteNonQuery())
2024-10-24 17:09:02:807	ERROR	A network-related or instance-specific error occurred while establishing a connection to SQL Server. The server was not found or was not accessible. Verify that the instance name is correct and that SQL Server is configured to allow remote connections. (provider: SQL Network Interfaces, error: 26 - Error Locating Server/Instance Specified)	 (cls_condbserver.ExecuteNonQuery())
2024-10-24 17:10:02:983	ERROR	A network-related or instance-specific error occurred while establishing a connection to SQL Server. The server was not found or was not accessible. Verify that the instance name is correct and that SQL Server is configured to allow remote connections. (provider: SQL Network Interfaces, error: 26 - Error Locating Server/Instance Specified)	 (cls_condbserver.ExecuteNonQuery())
2024-10-24 17:11:03:190	ERROR	A network-related or instance-specific error occurred while establishing a connection to SQL Server. The server was not found or was not accessible. Verify that the instance name is correct and that SQL Server is configured to allow remote connections. (provider: SQL Network Interfaces, error: 26 - Error Locating Server/Instance Specified)	 (cls_condbserver.ExecuteNonQuery())
2024-10-24 17:12:03:352	ERROR	A network-related or instance-specific error occurred while establishing a connection to SQL Server. The server was not found or was not accessible. Verify that the instance name is correct and that SQL Server is configured to allow remote connections. (provider: SQL Network Interfaces, error: 26 - Error Locating Server/Instance Specified)	 (cls_condbserver.ExecuteNonQuery())
2024-10-24 17:13:03:585	ERROR	A network-related or instance-specific error occurred while establishing a connection to SQL Server. The server was not found or was not accessible. Verify that the instance name is correct and that SQL Server is configured to allow remote connections. (provider: SQL Network Interfaces, error: 26 - Error Locating Server/Instance Specified)	 (cls_condbserver.ExecuteNonQuery())
2024-10-24 17:14:03:809	ERROR	A network-related or instance-specific error occurred while establishing a connection to SQL Server. The server was not found or was not accessible. Verify that the instance name is correct and that SQL Server is configured to allow remote connections. (provider: SQL Network Interfaces, error: 26 - Error Locating Server/Instance Specified)	 (cls_condbserver.ExecuteNonQuery())
2024-10-24 17:15:03:998	ERROR	A network-related or instance-specific error occurred while establishing a connection to SQL Server. The server was not found or was not accessible. Verify that the instance name is correct and that SQL Server is configured to allow remote connections. (provider: SQL Network Interfaces, error: 26 - Error Locating Server/Instance Specified)	 (cls_condbserver.ExecuteNonQuery())
2024-10-24 17:16:04:270	ERROR	A network-related or instance-specific error occurred while establishing a connection to SQL Server. The server was not found or was not accessible. Verify that the instance name is correct and that SQL Server is configured to allow remote connections. (provider: SQL Network Interfaces, error: 26 - Error Locating Server/Instance Specified)	 (cls_condbserver.ExecuteNonQuery())
2024-10-24 17:17:04:472	ERROR	A network-related or instance-specific error occurred while establishing a connection to SQL Server. The server was not found or was not accessible. Verify that the instance name is correct and that SQL Server is configured to allow remote connections. (provider: SQL Network Interfaces, error: 26 - Error Locating Server/Instance Specified)	 (cls_condbserver.ExecuteNonQuery())
2024-10-24 17:18:04:612	ERROR	A network-related or instance-specific error occurred while establishing a connection to SQL Server. The server was not found or was not accessible. Verify that the instance name is correct and that SQL Server is configured to allow remote connections. (provider: SQL Network Interfaces, error: 26 - Error Locating Server/Instance Specified)	 (cls_condbserver.ExecuteNonQuery())
2024-10-24 17:19:04:843	ERROR	A network-related or instance-specific error occurred while establishing a connection to SQL Server. The server was not found or was not accessible. Verify that the instance name is correct and that SQL Server is configured to allow remote connections. (provider: SQL Network Interfaces, error: 26 - Error Locating Server/Instance Specified)	 (cls_condbserver.ExecuteNonQuery())
